Iteration	Posterior	Likelihood	Prior	rate_log_sd	rate_neo	tree_length
0	-2554.209	-2878.854	324.6457	1.425017	0.500126	2.102113
6	-2563.693	-2888.133	324.4399	1.491314	0.6709088	2.026742
12	-2569.313	-2893.756	324.4427	1.433186	0.4569218	2.27612
18	-2578.807	-2903.253	324.4456	1.416425	0.3946658	2.358366
24	-2560.935	-2886.317	325.3815	1.976875	0.6830312	0.8982438
30	-2555.303	-2881.018	325.7151	1.953388	0.49503	0.8613518
36	-2573.405	-2899.048	325.6424	2.027611	0.5499879	0.7417447
42	-2566.015	-2891.603	325.5888	1.965274	0.5715552	0.8534399
48	-2576.861	-2902.261	325.4001	2.166292	0.6368427	0.7031837
54	-2576.454	-2902.056	325.6019	2.15477	0.4898154	0.7571882
60	-2555.845	-2881.445	325.5998	2.191507	0.4915084	0.6970669
66	-2569.19	-2894.748	325.5579	2.139407	0.5400893	0.7230904
72	-2561.339	-2887.014	325.6758	1.978806	0.4767757	0.9125737
78	-2573.792	-2899.493	325.701	2.131178	0.4236696	0.8137035
84	-2569.351	-2894.95	325.5993	1.950473	0.4865755	1.004794
90	-2549.072	-2874.679	325.6067	1.949071	0.4865755	0.9988497
96	-2556.046	-2881.658	325.6124	2.006816	0.4420287	1.012858
102	-2569.221	-2894.461	325.2401	1.569428	0.4592016	1.644933
108	-2576.948	-2902.328	325.3797	1.707083	0.5403981	1.334451
114	-2570.932	-2896.539	325.6068	1.760885	0.5031476	1.149216
120	-2563.814	-2889.261	325.4469	1.781507	0.5031476	1.268038
126	-2573.814	-2899.114	325.3002	1.651708	0.439057	1.567549
132	-2579.939	-2905.438	325.4994	1.73563	0.4037881	1.40356
138	-2572.572	-2897.417	324.845	1.516445	0.4891656	1.920758
144	-2556.252	-2881.907	325.6547	1.737573	0.4949091	1.139426
150	-2567.546	-2892.133	324.5873	1.47803	0.4945556	2.11169
156	-2573.764	-2899.377	325.6135	1.670431	0.386061	1.392375
162	-2564.628	-2890.155	325.5276	1.790091	0.4866327	1.216351
168	-2579.724	-2905.091	325.3675	1.773011	0.4871934	1.360395
174	-2566.236	-2891.732	325.4961	1.785366	0.408328	1.360395
180	-2554.635	-2879.976	325.3412	1.762937	0.4611466	1.423705
186	-2581.159	-2906.531	325.3724	1.681101	0.5839464	1.307899
192	-2578.691	-2903.654	324.9626	1.641678	0.5387952	1.697247
198	-2586.08	-2911.118	325.0386	1.685748	0.524118	1.62798
204	-2567.387	-2892.81	325.4228	1.680943	0.4906617	1.384781
210	-2564.932	-2890.334	325.4018	1.71305	0.6068089	1.229709
216	-2566.62	-2892.129	325.5091	1.743174	0.4450634	1.329693
222	-2577.379	-2902.829	325.45	1.66229	0.4549809	1.42571
228	-2556.515	-2881.941	325.4254	1.743089	0.4283693	1.419422
234	-2582.657	-2908.034	325.3773	1.686181	0.4573959	1.459863
240	-2559.018	-2883.847	324.8295	1.686181	0.6016415	1.692798
246	-2569.829	-2894.898	325.0689	1.594311	0.5500084	1.642717
252	-2587.461	-2912.814	325.3538	1.741885	0.4830632	1.401066
258	-2564.932	-2890.323	325.3919	1.72139	0.4968025	1.369202
264	-2570.687	-2895.82	325.1329	1.595286	0.4555346	1.707502
270	-2568.301	-2893.37	325.0692	1.665505	0.7095523	1.422652
276	-2578.163	-2903.924	325.7614	1.802421	0.4140636	1.113844
282	-2564.674	-2890.252	325.5785	1.769119	0.4866446	1.190731
288	-2562.376	-2887.724	325.3478	1.687971	0.5525261	1.360065
294	-2567.46	-2892.972	325.5124	1.909024	0.4750546	1.143404
300	-2565.406	-2890.948	325.5415	1.900353	0.639556	0.8699929
306	-2581.689	-2907.552	325.8626	1.958427	0.390325	0.9032102
312	-2591.551	-2916.929	325.3781	1.60085	0.523737	1.439449
318	-2561.436	-2886.533	325.0973	1.542099	0.4215757	1.812457
324	-2573.87	-2898.876	325.0059	1.590132	0.4469914	1.81038
330	-2578.446	-2903.81	325.3637	1.736038	0.4715546	1.413146
336	-2575.661	-2901.115	325.4535	1.718496	0.4463531	1.391337
342	-2571.624	-2896.886	325.2614	1.754692	0.4748913	1.472751
348	-2558.614	-2883.778	325.1646	1.565001	0.5405803	1.60533
354	-2572.401	-2897.556	325.1554	1.590423	0.4085537	1.755528
360	-2567.394	-2892.335	324.9403	1.495732	0.5581095	1.794122
366	-2579.111	-2903.936	324.8243	1.433629	0.5581095	1.91606
372	-2567.002	-2891.782	324.7797	1.483056	0.5549883	1.91606
378	-2566.415	-2891.484	325.0687	1.693079	0.4701005	1.665518
384	-2561.954	-2886.968	325.0134	1.633563	0.5635651	1.63945
390	-2551.863	-2877.252	325.389	1.640747	0.4833292	1.451447
396	-2557.039	-2882.333	325.2937	1.628245	0.578795	1.41785
402	-2567.331	-2892.733	325.4027	1.707593	0.4876365	1.383644
408	-2561.097	-2886.224	325.127	1.631554	0.5672027	1.554151
414	-2563.797	-2888.884	325.0869	1.65085	0.6837441	1.446209
420	-2551.187	-2876.643	325.4551	1.621285	0.5517526	1.328649
426	-2558.698	-2884.227	325.5286	1.842332	0.5022532	1.147654
432	-2576.627	-2901.852	325.225	1.770949	0.7759635	1.139856
438	-2573.481	-2898.866	325.3846	1.625167	0.4748774	1.477581
444	-2571.759	-2897.066	325.3068	1.568657	0.5939759	1.436377
450	-2564.042	-2889.649	325.6076	1.727982	0.4858815	1.202135
456	-2575.434	-2900.723	325.2885	1.725909	0.6052851	1.314285
462	-2589.038	-2914.375	325.3379	1.668029	0.4905004	1.460374
468	-2569.696	-2894.935	325.2384	1.679297	0.5451994	1.460374
474	-2562.56	-2887.855	325.295	1.701076	0.5451994	1.400071
480	-2557.228	-2882.636	325.408	1.698801	0.3830497	1.531521
486	-2564.23	-2889.419	325.1887	1.728575	0.5838552	1.41566
492	-2566.039	-2891.433	325.3949	1.813162	0.4411391	1.370416
498	-2547.495	-2872.778	325.2832	1.838438	0.5890104	1.245771
504	-2552.009	-2877.497	325.4878	1.838438	0.610226	1.035657
510	-2567.605	-2893.016	325.4116	1.794479	0.5160945	1.269017
516	-2569.857	-2895.31	325.4536	1.789886	0.4550871	1.322476
522	-2566.976	-2892.43	325.4534	1.883716	0.5376186	1.126973
528	-2578.026	-2903.349	325.3227	1.817618	0.7056607	1.088513
534	-2568.987	-2894.682	325.6948	1.818195	0.4629622	1.079134
540	-2569.396	-2894.905	325.5086	1.871963	0.5718192	1.0377
546	-2581.928	-2907.34	325.4113	1.876005	0.5142926	1.203304
552	-2554.403	-2879.78	325.3769	1.753218	0.5142926	1.333092
558	-2554.66	-2880.187	325.527	1.823491	0.553323	1.092572
564	-2574.623	-2900.393	325.7701	1.862271	0.4448265	0.9947538
570	-2568.782	-2894.249	325.4669	1.91215	0.6198331	0.9692849
576	-2559.765	-2885.463	325.6978	1.955646	0.4630975	0.9394595
582	-2569.578	-2895.109	325.5305	1.881098	0.6013071	0.9630995
588	-2565.508	-2891.145	325.6374	1.800518	0.4944905	1.098832
594	-2581.347	-2906.961	325.6144	1.879722	0.5625878	0.9366988
600	-2581.973	-2907.462	325.4888	1.968775	0.5869648	0.9366988
606	-2564.26	-2889.859	325.5994	2.142814	0.5004485	0.752324
612	-2562.017	-2887.842	325.8248	1.976325	0.4325795	0.8322815
618	-2559.589	-2885.251	325.6625	2.001562	0.4783971	0.8988924
624	-2578.133	-2903.403	325.2698	2.349244	0.6422861	0.4510419
630	-2566.885	-2892.48	325.5954	2.169519	0.5236048	0.6458383
636	-2570.652	-2896.102	325.4501	2.127927	0.6678815	0.5785206
642	-2566.449	-2892.073	325.6246	2.221679	0.4891004	0.5775511
648	-2569.851	-2895.32	325.4696	2.265021	0.5557364	0.5938598
654	-2562.466	-2887.872	325.4061	2.265021	0.6067197	0.5420072
660	-2567.901	-2893.593	325.6926	1.866339	0.4528486	1.052608
666	-2570.366	-2896.061	325.6956	2.000121	0.3980403	1.018306
672	-2571.787	-2897.368	325.5811	2.050256	0.5423842	0.8126106
678	-2576.045	-2901.802	325.757	1.992514	0.4165537	0.926622
684	-2554.233	-2879.507	325.2739	1.877137	0.6461795	1.150635
690	-2556.665	-2882.355	325.6896	1.900085	0.4835198	0.9696122
696	-2561.39	-2886.879	325.4894	1.887587	0.5776279	1.032729
702	-2554.8	-2880.392	325.5923	2.008367	0.441079	1.032729
708	-2563.528	-2889.064	325.5362	1.860861	0.4403372	1.21749
714	-2571.094	-2896.682	325.5874	1.80645	0.4403372	1.220174
720	-2555.1	-2880.62	325.52	1.82042	0.4478915	1.253663
726	-2559.73	-2885.526	325.7959	1.807367	0.3163032	1.253663
732	-2570.873	-2896.359	325.4861	1.888523	0.3865075	1.31978
738	-2563.846	-2889.477	325.6312	1.8998	0.3568426	1.240767
744	-2574.97	-2900.616	325.6465	1.87101	0.3438771	1.27467
750	-2566.332	-2891.784	325.4518	1.767722	0.3289993	1.531516
756	-2568.778	-2893.89	325.1126	1.535924	0.5171721	1.690209
762	-2574.976	-2900.254	325.278	1.563413	0.4610369	1.619615
768	-2576.419	-2901.697	325.2779	1.55053	0.3934213	1.717979
774	-2568.067	-2893.498	325.4314	1.753176	0.3934213	1.457741
780	-2572.627	-2898.157	325.5301	2.052587	0.564918	0.8305541
786	-2571.325	-2896.928	325.603	2.001185	0.5679338	0.7967406
792	-2566.562	-2892.283	325.7208	2.066179	0.4826088	0.7294157
798	-2571.241	-2896.895	325.6534	2.085743	0.4937529	0.7729456
804	-2566.582	-2892.029	325.4473	2.042455	0.6626656	0.767562
810	-2577.012	-2902.642	325.63	1.999022	0.540731	0.8189775
816	-2595.998	-2921.729	325.7305	2.024643	0.3872266	0.9799446
822	-2581.182	-2906.942	325.76	2.010359	0.378904	0.9813093
828	-2574.592	-2900.058	325.4658	1.855135	0.4648072	1.245098
834	-2568.113	-2893.564	325.451	1.709993	0.4385439	1.410796
840	-2579.045	-2904.011	324.966	1.649666	0.4385439	1.807335
846	-2559.262	-2884.564	325.3023	1.814073	0.586458	1.253237
852	-2584.31	-2909.998	325.6876	1.71633	0.3720745	1.319462
858	-2582.356	-2907.759	325.4032	1.869577	0.5190101	1.209127
864	-2565.515	-2890.952	325.4361	1.806159	0.447501	1.334259
870	-2577.303	-2902.961	325.658	1.906589	0.3646742	1.198661
876	-2573.491	-2899.031	325.5398	1.976863	0.4379036	1.116642
882	-2549.16	-2874.912	325.7518	1.965327	0.3979097	0.9973053
888	-2570.734	-2896.408	325.6745	1.843144	0.4049509	1.170232
894	-2569.523	-2895.079	325.5564	1.847013	0.4522512	1.19386
900	-2576.68	-2902.264	325.5839	1.746293	0.5018385	1.183917
906	-2575.073	-2900.408	325.3344	1.751992	0.5646921	1.304687
912	-2584.254	-2909.629	325.3744	1.877138	0.6353455	1.072919
918	-2568.171	-2893.589	325.4184	1.808897	0.5508574	1.2051
924	-2556.457	-2881.906	325.4494	1.870199	0.4933576	1.2051
930	-2567.812	-2893.36	325.548	1.7178	0.4091099	1.371612
936	-2565.126	-2890.524	325.398	1.830305	0.5644936	1.186302
942	-2569.124	-2894.646	325.5223	1.927121	0.5468026	1.007733
948	-2561.238	-2886.715	325.4772	1.828875	0.5468026	1.141908
954	-2563.344	-2888.804	325.4601	1.835525	0.5966622	1.083234
960	-2566.138	-2891.609	325.4715	1.824141	0.5966622	1.083234
966	-2564.402	-2889.574	325.1721	1.802539	0.7369097	1.200392
972	-2582.617	-2908.05	325.4324	1.882697	0.5760751	1.093423
978	-2588.907	-2914.398	325.492	1.752999	0.5820892	1.148624
984	-2570.401	-2896.064	325.6626	1.850484	0.4888467	1.037
990	-2574.567	-2900.246	325.6784	1.89313	0.4825031	0.9899343
996	-2579.671	-2905.327	325.6562	1.815516	0.5439298	0.9899343
1002	-2581.673	-2906.286	324.6128	1.471408	0.4211683	2.183569
1008	-2562.954	-2887.939	324.985	1.522023	0.4211683	1.903524
1014	-2564.603	-2890.008	325.4044	1.578628	0.3737006	1.63567
1020	-2558.615	-2883.867	325.2526	1.680746	0.4608349	1.552764
1026	-2576.577	-2902.156	325.5793	1.814023	0.4335712	1.231016
1032	-2574.281	-2899.765	325.4842	1.80664	0.4922671	1.231016
1038	-2564.436	-2889.981	325.5451	1.881751	0.5070933	1.089862
1044	-2574.429	-2900.023	325.594	1.812383	0.5197072	1.089862
1050	-2570.817	-2896.551	325.7338	1.959719	0.4379402	0.9444352
1056	-2559.916	-2885.44	325.5234	1.922192	0.5759872	0.9665752
1062	-2556.521	-2881.999	325.4779	1.746583	0.5828771	1.165636
1068	-2558.691	-2883.959	325.2683	1.745469	0.492022	1.452513
1074	-2564	-2889.464	325.4643	1.765267	0.5253702	1.23707
1080	-2573.878	-2899.395	325.5174	1.816159	0.5253702	1.147536
1086	-2561.717	-2887.191	325.4746	1.719536	0.4927009	1.310202
1092	-2572.393	-2897.994	325.6003	1.889588	0.4954836	1.048635
1098	-2563.79	-2889.4	325.6094	1.876002	0.4799462	1.077605
1104	-2563.833	-2889.135	325.3019	1.683243	0.4820573	1.486878
1110	-2557.226	-2882.596	325.37	1.734316	0.6472212	1.19017
1116	-2566.824	-2892.024	325.2	1.679442	0.5644919	1.466906
1122	-2556.295	-2881.657	325.3615	1.659285	0.5991048	1.316344
1128	-2553.404	-2878.873	325.469	1.717703	0.5991048	1.177795
1134	-2547.605	-2873.112	325.5068	1.833557	0.5025634	1.174048
1140	-2543.061	-2868.374	325.3126	1.703083	0.5521438	1.376323
1146	-2549.564	-2874.72	325.1561	1.678582	0.4166454	1.682104
1152	-2549.947	-2875.219	325.2719	1.673369	0.5722817	1.407384
1158	-2547.593	-2872.765	325.1718	1.505397	0.5245147	1.661405
1164	-2557.4	-2882.025	324.6248	1.497854	0.6871409	1.883662
1170	-2562.528	-2887.267	324.7391	1.570601	0.4837817	1.961711
1176	-2567.119	-2891.875	324.7564	1.492789	0.4919225	1.993072
1182	-2561.754	-2886.691	324.9364	1.631164	0.5080907	1.757623
1188	-2550.809	-2875.962	325.153	1.697764	0.5673533	1.485299
1194	-2567.111	-2892.676	325.565	1.859179	0.5174278	1.076737
1200	-2566.812	-2892.459	325.6475	1.907038	0.5174278	0.9477891
1206	-2557.236	-2882.666	325.4302	1.833771	0.6555906	1.034472
1212	-2580.91	-2906.053	325.1425	1.776012	0.6026045	1.393382
1218	-2571.027	-2896.415	325.3876	1.890187	0.6026045	1.091821
1224	-2572.899	-2898.529	325.6298	1.829968	0.4860045	1.091821
1230	-2572.398	-2897.967	325.569	1.806109	0.5183056	1.120493
1236	-2566.555	-2892.152	325.5967	1.950598	0.5662866	0.8709325
1242	-2573.719	-2899.246	325.527	1.926908	0.5662866	0.9730417
1248	-2565.077	-2890.573	325.4952	2.136922	0.5965116	0.6886208
1254	-2583.672	-2909.304	325.6317	1.986691	0.5757781	0.7602837
1260	-2563.08	-2888.649	325.5691	1.873398	0.5436739	1.01945
1266	-2571.97	-2897.592	325.6221	1.852087	0.5235837	1.01945
1272	-2568.394	-2894.109	325.7143	1.906917	0.4263961	1.038711
1278	-2561.896	-2887.473	325.5766	1.906917	0.5583164	0.9549219
1284	-2579.324	-2905.028	325.7041	1.923983	0.4866479	0.9233221
1290	-2581.433	-2906.944	325.5118	1.986449	0.5788557	0.9054664
1296	-2570.813	-2896.552	325.7393	1.973945	0.4082874	0.9811363
1302	-2569.559	-2895.041	325.4828	1.795695	0.4383925	1.318296
1308	-2574.411	-2899.827	325.4169	1.795695	0.5539811	1.213575
1314	-2576.422	-2901.998	325.5768	1.717725	0.4206913	1.331537
1320	-2572.451	-2897.868	325.4176	1.707641	0.4681223	1.397912
1326	-2560.165	-2885.595	325.43	1.82269	0.5750753	1.151019
1332	-2556.11	-2881.644	325.5345	1.78893	0.5750753	1.087098
1338	-2570.12	-2895.856	325.7357	1.794992	0.4592627	1.068572
1344	-2575.048	-2900.272	325.2242	1.814736	0.7168659	1.166683
1350	-2581.15	-2906.391	325.241	1.691453	0.7073813	1.267442
1356	-2562.176	-2887.554	325.3788	1.773191	0.5105639	1.32037
1362	-2566.198	-2891.56	325.3622	1.750397	0.4915778	1.376597
1368	-2570.558	-2896.074	325.5155	1.811461	0.5289971	1.148195
1374	-2566.876	-2892.611	325.7352	1.79149	0.5289971	0.9575472
1380	-2576.586	-2902.095	325.5093	1.991396	0.5289971	0.9844149
1386	-2569.883	-2895.4	325.5171	1.835203	0.4874084	1.185534
1392	-2560.231	-2885.741	325.5092	1.793521	0.5424491	1.15088
1398	-2564.511	-2889.989	325.4782	1.77724	0.5424491	1.192164
1404	-2558.693	-2884.045	325.3522	1.799398	0.5363716	1.287239
1410	-2560.647	-2886.183	325.5359	1.737298	0.556003	1.158487
1416	-2555.877	-2881.385	325.5083	1.754984	0.431075	1.341145
1422	-2555.91	-2881.331	325.4204	1.799197	0.4356245	1.369159
1428	-2562.108	-2887.547	325.4387	1.659173	0.5030621	1.373205
1434	-2564.464	-2889.72	325.2563	1.644491	0.5030621	1.523806
1440	-2554.274	-2879.852	325.5786	1.710538	0.4410141	1.305855
1446	-2552.781	-2878.124	325.3426	1.710538	0.4966048	1.416397
1452	-2559.914	-2885.235	325.3212	1.746232	0.4966048	1.405363
1458	-2553.943	-2879.26	325.3174	1.630334	0.6363938	1.332365
1464	-2556.642	-2882.068	325.4264	1.74655	0.5288348	1.279474
1470	-2572.228	-2897.939	325.7106	1.766348	0.5173911	1.026516
1476	-2558.624	-2884.232	325.6082	1.885778	0.5321965	0.9859939
1482	-2562.59	-2888.174	325.5835	1.779032	0.5349165	1.107837
1488	-2568.851	-2894.278	325.4261	1.86229	0.5935845	1.094073
1494	-2562.909	-2888.512	325.6032	2.017886	0.5974643	0.7055804
1500	-2569.014	-2894.466	325.4519	1.935026	0.5974643	0.994111
1506	-2567.362	-2893.116	325.7545	1.928897	0.4797904	0.8739993
1512	-2571.966	-2897.619	325.653	2.063683	0.4824061	0.8282267
1518	-2561.622	-2887.181	325.5591	2.028664	0.5684415	0.8172549
1524	-2564.599	-2890.3	325.7007	2.065123	0.4589568	0.8172549
1530	-2557.747	-2883.468	325.7203	2.00719	0.4870853	0.8041083
1536	-2577.395	-2902.862	325.4664	2.05113	0.5847232	0.8734646
1542	-2566.048	-2891.337	325.2886	1.810959	0.7221179	1.106568
1548	-2583.546	-2908.798	325.2516	1.895608	0.6627394	1.133893
1554	-2586.024	-2911.442	325.4184	1.850028	0.6090512	1.091784
1560	-2575.031	-2900.562	325.5318	1.699397	0.426541	1.373148
1566	-2569.281	-2894.599	325.3179	1.752589	0.5719754	1.30859
1572	-2561.692	-2887.15	325.4571	1.836151	0.5719754	1.118928
1578	-2563.484	-2889.07	325.5861	1.817749	0.5285218	1.079159
1584	-2551.82	-2877.428	325.608	1.732747	0.5010963	1.175802
1590	-2567.186	-2892.625	325.4386	1.75899	0.6210084	1.140511
1596	-2571.143	-2896.538	325.3948	1.826968	0.5649901	1.191293
1602	-2571.29	-2896.827	325.5378	1.785889	0.5472966	1.12551
1608	-2565.62	-2891.16	325.5403	1.811397	0.5070517	1.157637
1614	-2575.515	-2900.827	325.3122	1.650112	0.5431285	1.428687
1620	-2564.026	-2889.149	325.1225	1.632017	0.6024356	1.518462
1626	-2567.646	-2892.76	325.114	1.550205	0.4773117	1.725964
1632	-2575.235	-2900.783	325.5483	1.765872	0.5071073	1.190206
1638	-2565.897	-2891.443	325.5457	1.828096	0.5071073	1.13802
1644	-2564.117	-2889.416	325.2993	1.702882	0.5949619	1.336168
1650	-2566.259	-2891.371	325.1118	1.706613	0.5949619	1.478706
1656	-2578.153	-2903.371	325.2185	1.730989	0.5949619	1.377831
1662	-2588.058	-2913.173	325.1145	1.638468	0.5949619	1.527729
1668	-2581.487	-2906.89	325.4033	1.642034	0.3901043	1.566661
1674	-2577.288	-2902.462	325.1743	1.589325	0.5609542	1.557423
1680	-2568.62	-2893.957	325.3369	1.753392	0.5597834	1.307524
1686	-2569.34	-2894.784	325.4434	1.764379	0.5387847	1.237529
1692	-2559.703	-2885.365	325.6626	1.770893	0.4810952	1.123388
1698	-2558.194	-2883.736	325.5412	1.862072	0.4740983	1.160831
1704	-2573.468	-2899.063	325.5955	1.880636	0.5290413	1.00895
1710	-2571.851	-2897.149	325.2978	1.759402	0.6055243	1.279125
1716	-2569.852	-2895.295	325.4426	1.807315	0.4916003	1.266093
1722	-2568.404	-2893.751	325.3469	1.820831	0.6111316	1.179162
1728	-2567.686	-2892.921	325.2349	1.864833	0.6764533	1.159674
1734	-2562.788	-2888.447	325.6593	1.848849	0.4163306	1.159674
1740	-2570.454	-2895.892	325.4378	1.508888	0.4524909	1.553731
1746	-2565.659	-2890.819	325.1607	1.500932	0.4804575	1.723991
1752	-2566.337	-2891.459	325.1219	1.478424	0.5119875	1.730226
1758	-2575.152	-2900.414	325.2617	1.624848	0.4781256	1.565227
1764	-2592.901	-2917.904	325.0024	1.557518	0.5078955	1.763187
1770	-2587.628	-2912.536	324.9076	1.606956	0.5017951	1.801678
1776	-2571.949	-2896.974	325.0255	1.493865	0.4156081	1.902198
1782	-2566.938	-2891.916	324.9783	1.629093	0.582552	1.647388
1788	-2549.282	-2874.668	325.3853	1.679802	0.4611137	1.453608
1794	-2556.997	-2882.223	325.2259	1.666787	0.5600983	1.461918
1800	-2564.612	-2889.871	325.259	1.616083	0.514204	1.529377
1806	-2570.374	-2895.972	325.5982	1.88418	0.514204	1.02626
1812	-2555.844	-2881.449	325.6048	1.921748	0.5788596	0.8731278
1818	-2554.413	-2880.062	325.6485	2.023908	0.5056005	0.8353527
1824	-2555.86	-2881.502	325.643	2.167092	0.5056005	0.6061013
1830	-2537.23	-2862.811	325.5811	2.107637	0.5561949	0.6953391
1836	-2553.929	-2879.447	325.518	2.144328	0.5753621	0.6904797
1842	-2561.48	-2887.208	325.7284	2.126615	0.4471058	0.7192269
1848	-2574.102	-2899.421	325.3184	2.126738	0.6964628	0.7670951
1854	-2564.06	-2889.636	325.5764	1.919386	0.5784778	0.9088275
1860	-2580.672	-2906.145	325.4729	1.858755	0.6421266	0.985802
1866	-2580.823	-2906.433	325.6104	1.927427	0.5099793	0.9777156
1872	-2577.541	-2903.205	325.6643	1.984713	0.5099793	0.8551891
1878	-2573.094	-2898.545	325.451	1.894688	0.6900044	0.9021275
1884	-2559.467	-2885.055	325.5874	1.894688	0.5882642	0.9078635
1890	-2558.047	-2883.598	325.5501	1.894688	0.5564498	0.9974958
1896	-2563.149	-2888.923	325.7743	1.777956	0.4117634	1.1282
1902	-2547.982	-2873.628	325.6465	1.890192	0.5121449	0.9752515
1908	-2549.015	-2874.641	325.6262	1.895094	0.5407805	0.943667
1914	-2557.386	-2883.374	325.9875	1.88201	0.3288554	0.9870642
1920	-2551.634	-2877.23	325.5953	1.963686	0.5370603	0.9090078
1926	-2547.723	-2873.253	325.5302	1.963686	0.5334898	0.9840172
1932	-2558.993	-2884.62	325.627	1.9361	0.5224903	0.9298758
1938	-2571.835	-2897.47	325.6355	1.975834	0.4930084	0.9298758
1944	-2573.151	-2898.855	325.7043	1.955662	0.4930084	0.8753501
1950	-2563.541	-2889.409	325.868	1.959312	0.3880154	0.9012813
1956	-2568.555	-2894.333	325.7776	1.961956	0.43435	0.9012813
1962	-2559.547	-2885.115	325.5687	1.970839	0.5923224	0.8332963
1968	-2559.077	-2884.602	325.525	1.8152	0.558749	1.094384
1974	-2560.24	-2885.667	325.4275	1.791515	0.4510945	1.347627
1980	-2571.744	-2896.917	325.1726	1.629149	0.5158104	1.581471
1986	-2541.63	-2866.933	325.3034	1.563729	0.5158104	1.533327
1992	-2558.366	-2883.681	325.315	1.733282	0.6239348	1.264816
1998	-2553.876	-2879.15	325.2747	1.96608	0.7557131	0.9257541
2004	-2542.909	-2868.538	325.6292	1.870069	0.5543338	0.9447391
2010	-2555.671	-2881.312	325.6415	2.03767	0.4951784	0.8481351
2016	-2559.508	-2885.172	325.6639	1.937346	0.5285469	0.8763434
2022	-2578.962	-2904.361	325.399	2.003604	0.6629055	0.8784346
2028	-2553.489	-2879.066	325.5766	1.879544	0.5756717	0.9560601
2034	-2562.388	-2887.959	325.5712	1.948483	0.5343188	0.9560601
2040	-2569.496	-2895.029	325.5334	2.149821	0.545659	0.7317239
2046	-2567.896	-2893.64	325.7443	2.024921	0.4363192	0.8628846
2052	-2567.303	-2891.87	324.567	1.452618	0.4557059	2.1849
2058	-2573.367	-2897.809	324.4417	1.450913	0.6692159	2.053869
2064	-2584.836	-2907.317	322.4803	1.150676	0.8496529	3.312735
2070	-2577.575	-2900.713	323.138	1.312612	0.7225252	2.915125
2076	-2584.524	-2909.236	324.712	1.418667	0.4965241	2.066583
2082	-2565.456	-2890.175	324.7185	1.396424	0.5551962	2.014942
2088	-2567.626	-2892.669	325.0431	1.563782	0.4640864	1.78198
2094	-2569.135	-2893.755	324.6204	1.493356	0.662481	1.912065
2100	-2590.002	-2915.034	325.0321	1.7548	0.6162422	1.479331
2106	-2574.516	-2899.815	325.2985	1.734825	0.53314	1.38576
2112	-2555.102	-2880.494	325.3919	1.737613	0.53314	1.309341
2118	-2571.541	-2897.046	325.505	1.785388	0.4793032	1.249766
2124	-2568.66	-2894.354	325.6945	1.790456	0.474027	1.087358
2130	-2560.743	-2886.342	325.5988	1.817269	0.4917574	1.1229
2136	-2552.893	-2878.25	325.357	1.954083	0.6442657	1.003495
2142	-2556.616	-2882.176	325.5601	1.921468	0.5581824	0.95714
2148	-2574.885	-2900.237	325.3519	1.91599	0.5690712	1.145608
2154	-2567.635	-2893.163	325.5283	1.894864	0.4997728	1.104334
2160	-2562.813	-2888.297	325.4844	1.886602	0.4588597	1.211604
2166	-2566.31	-2891.507	325.1971	1.753388	0.689844	1.271384
2172	-2583.704	-2909.108	325.4033	2.030057	0.477592	1.128809
2178	-2573.88	-2899.464	325.5844	1.882211	0.4496679	1.142623
2184	-2561.425	-2887.078	325.6529	1.833363	0.4275496	1.160579
2190	-2572.939	-2898.645	325.7064	1.768956	0.3751071	1.255995
2196	-2565.652	-2891.092	325.4401	1.744823	0.5777811	1.206393
2202	-2545.073	-2870.318	325.2446	1.814238	0.5402452	1.356895
2208	-2552.413	-2877.67	325.2567	1.578004	0.4223333	1.674504
2214	-2550.385	-2875.632	325.247	1.602136	0.4146193	1.674504
2220	-2574.826	-2900.19	325.3636	1.604683	0.5015294	1.47503
2226	-2558.692	-2883.693	325.0009	1.613465	0.5618279	1.664723
2232	-2553.776	-2878.43	324.6541	1.544397	0.5643864	1.949725
2238	-2561.208	-2886.208	325.0005	1.738819	0.7385974	1.390479
2244	-2568.509	-2893.856	325.3465	1.712737	0.5492817	1.345388
2250	-2576.192	-2901.531	325.3389	1.594932	0.4894361	1.516003
2256	-2569.685	-2894.961	325.2766	1.632653	0.5279205	1.487277
2262	-2580.665	-2906.299	325.6341	1.983618	0.4610561	0.980494
2268	-2578.48	-2904.157	325.6777	2.034039	0.482615	0.8340518
2274	-2571.368	-2897.061	325.693	2.057467	0.4597061	0.8349843
2280	-2567.54	-2893.073	325.5335	1.960263	0.4854324	1.060991
2286	-2571.443	-2896.686	325.2433	1.915808	0.7975335	0.9589582
2292	-2552.045	-2877.642	325.5973	1.933133	0.6000005	0.8306618
2298	-2564.057	-2889.846	325.7891	1.99218	0.4430335	0.8334542
2304	-2553.477	-2879.101	325.6239	2.049994	0.4842733	0.8762221
2310	-2566.597	-2892.26	325.6626	1.96695	0.5110051	0.8762221
2316	-2565.473	-2890.974	325.5019	2.028312	0.5110051	0.9838417
2322	-2558.795	-2884.607	325.8113	1.995226	0.435541	0.8186512
2328	-2548.562	-2874.238	325.6753	1.944791	0.4998148	0.9078849
2334	-2557.507	-2883.175	325.6679	1.944669	0.5043707	0.9078849
2340	-2561.465	-2887.002	325.5379	1.996668	0.5602381	0.8962042
2346	-2563.1	-2888.722	325.6222	1.996668	0.5602381	0.7927016
2352	-2570.154	-2895.607	325.4535	1.940581	0.6362807	0.9289616
2358	-2564.017	-2889.58	325.563	1.938417	0.4923303	1.042683
2364	-2570.947	-2896.431	325.4837	1.871171	0.5302971	1.121417
2370	-2582.149	-2907.422	325.2727	1.692009	0.6014223	1.358425
2376	-2563.561	-2888.653	325.0921	1.688307	0.6104665	1.490389
2382	-2568.005	-2893.281	325.2769	1.64984	0.5049926	1.502023
2388	-2569.345	-2894.887	325.5423	1.732947	0.4454673	1.310647
2394	-2570.381	-2895.829	325.448	1.688481	0.4454673	1.420138
2400	-2570.464	-2895.812	325.3484	1.767607	0.4897794	1.376343
2406	-2558.425	-2883.602	325.1764	1.693403	0.5452613	1.496461
2412	-2562.344	-2887.961	325.6173	1.620561	0.4320503	1.359956
2418	-2558.232	-2883.768	325.5366	1.82952	0.4622089	1.210752
2424	-2569.248	-2894.578	325.3306	1.777021	0.4893755	1.383418
2430	-2579.223	-2904.552	325.329	1.778112	0.5249329	1.337797
2436	-2579.292	-2904.783	325.491	1.868235	0.5245139	1.125787
2442	-2586.48	-2911.367	324.8866	1.452788	0.4173491	2.020796
2448	-2566.579	-2891.453	324.8744	1.577261	0.465065	1.887534
2454	-2573.775	-2898.915	325.1394	1.55864	0.4170166	1.77771
2460	-2571.129	-2896.099	324.9702	1.536989	0.5276968	1.77771
2466	-2574.085	-2898.906	324.8215	1.536989	0.4001996	2.029769
2472	-2576.118	-2900.865	324.7476	1.491297	0.4728757	2.021397
2478	-2577.812	-2902.892	325.0803	1.598908	0.4728757	1.720739
2484	-2557.632	-2882.929	325.2968	1.574573	0.455428	1.605041
2490	-2547.674	-2873.021	325.3471	1.714091	0.475017	1.438265
2496	-2564.222	-2889.347	325.1256	1.643474	0.4458009	1.690729
2502	-2564.983	-2890.285	325.3027	1.618442	0.5563553	1.444612
2508	-2567.441	-2892.13	324.6893	1.363296	0.4767072	2.13972
2514	-2571.725	-2896.302	324.577	1.429866	0.5039823	2.13972
2520	-2566.643	-2891.11	324.4672	1.450548	0.4569284	2.249229
2526	-2566.635	-2891.551	324.916	1.482005	0.52796	1.852758
2532	-2567.221	-2891.758	324.5366	1.451358	0.5674673	2.086561
2538	-2570.865	-2895.485	324.6198	1.424608	0.5310211	2.086561
2544	-2567.708	-2892.485	324.7767	1.372382	0.4744372	2.078998
2550	-2567.847	-2892	324.153	1.371412	0.4421125	2.514938
2556	-2573.052	-2897.015	323.9625	1.250531	0.4612029	2.68674
2562	-2558.728	-2883.716	324.9884	1.489137	0.4163781	1.929526
2568	-2584.066	-2909.029	324.9635	1.655009	0.4467407	1.795181
2574	-2580.703	-2906.214	325.5107	1.63986	0.4467407	1.407471
2580	-2588.818	-2913.837	325.0193	1.632926	0.4351325	1.786271
2586	-2569.898	-2894.927	325.0283	1.60026	0.4510872	1.782788
2592	-2575.074	-2900.435	325.361	1.823259	0.4617061	1.360418
2598	-2585.099	-2910.497	325.398	1.73685	0.4617061	1.399109
2604	-2574.76	-2900.256	325.4965	1.884364	0.5764581	1.030722
2610	-2560.83	-2886.361	325.5308	1.951555	0.5722323	0.9336888
2616	-2576.807	-2902.459	325.6516	1.950532	0.4854671	0.9531681
2622	-2567.124	-2892.611	325.4865	1.861358	0.4680236	1.217674
2628	-2559.318	-2884.951	325.6329	1.78569	0.4578512	1.172155
2634	-2577.309	-2902.835	325.5261	1.892705	0.4989847	1.109465
2640	-2578.14	-2903.51	325.3697	1.797732	0.7352912	1.026957
2646	-2569.982	-2895.281	325.2989	1.647666	0.5378309	1.44709
2652	-2573.91	-2899.475	325.5656	1.718407	0.4519708	1.29412
2658	-2567.176	-2892.607	325.431	1.821471	0.4998898	1.252529
2664	-2552.534	-2877.931	325.3966	1.856524	0.5411966	1.195869
2670	-2569.369	-2894.87	325.5015	1.76403	0.5772578	1.136712
2676	-2549.645	-2875.075	325.4291	1.842251	0.5772578	1.131481
2682	-2549.098	-2874.424	325.3257	1.872627	0.6409472	1.114708
2688	-2564.514	-2890.082	325.5679	1.804049	0.4944088	1.158166
2694	-2567.826	-2893.334	325.5079	1.900569	0.5158434	1.093707
2700	-2568.895	-2894.583	325.6874	1.835928	0.4239033	1.133744
2706	-2571.458	-2896.824	325.366	1.719089	0.5348042	1.342894
2712	-2566.771	-2891.939	325.1684	1.667596	0.4935961	1.583152
2718	-2578.152	-2903.592	325.4392	1.643084	0.5516075	1.324114
2724	-2585.854	-2911.006	325.1521	1.700776	0.4967845	1.566837
2730	-2571.545	-2896.695	325.1501	1.62857	0.5192535	1.594253
2736	-2572.71	-2898.108	325.3978	1.698739	0.5202162	1.35226
2742	-2567.375	-2892.702	325.3263	1.73934	0.6053359	1.272462
2748	-2561.954	-2887.493	325.5387	1.83721	0.5315295	1.100488
2754	-2568.589	-2894.05	325.4617	1.874108	0.5315295	1.136801
2760	-2570.222	-2895.607	325.3851	1.778404	0.4860077	1.343746
2766	-2571.144	-2896.546	325.4024	1.74447	0.5025247	1.33509
2772	-2584.322	-2910.037	325.7154	1.882743	0.5070824	0.9189651
2778	-2569.456	-2895.034	325.5782	1.851341	0.519919	1.067939
2784	-2577.359	-2902.975	325.6154	1.733624	0.458678	1.230492
2790	-2575.487	-2900.879	325.3918	1.773192	0.5191754	1.298584
2796	-2577.627	-2903.209	325.5822	1.732841	0.4418268	1.283567
2802	-2588.76	-2913.972	325.2124	1.633798	0.5261557	1.536491
2808	-2589.844	-2915.214	325.3706	1.744581	0.4741794	1.397639
2814	-2576.293	-2901.296	325.0028	1.672299	0.4622992	1.736497
2820	-2559.379	-2884.924	325.5453	1.862922	0.4299665	1.224019
2826	-2562.11	-2887.546	325.4356	1.876686	0.5959366	1.068719
2832	-2556.25	-2881.732	325.4827	1.917735	0.593306	0.9865231
2838	-2563.419	-2889.072	325.6537	1.991264	0.5301084	0.8199978
2844	-2568.64	-2894.373	325.7326	1.994923	0.4812657	0.8169142
2850	-2586.627	-2912.245	325.618	2.059432	0.4450377	0.9478862
2856	-2596.04	-2921.559	325.5185	1.778296	0.5113156	1.199276
2862	-2579.439	-2905.111	325.6713	2.068617	0.4972333	0.763573
2868	-2558.432	-2884.028	325.5962	2.139131	0.4999731	0.763573
2874	-2572.782	-2898.437	325.6547	2.144327	0.4664086	0.7535907
2880	-2571.406	-2896.818	325.4112	2.193781	0.6525334	0.552202
2886	-2559.115	-2884.6	325.4847	2.28147	0.5361845	0.5900499
2892	-2575.642	-2901.133	325.4905	2.223886	0.5503191	0.6637691
2898	-2574.929	-2900.201	325.2718	2.24042	0.7177258	0.5801245
2904	-2557.118	-2882.587	325.4688	2.20013	0.5525245	0.7373583
2910	-2553.55	-2879.069	325.519	2.197905	0.5309544	0.7144498
2916	-2562.804	-2888.305	325.5005	1.975777	0.6520292	0.8060115
2922	-2567.328	-2892.964	325.6366	1.964597	0.5457098	0.8441329
2928	-2589.209	-2914.871	325.6615	1.987853	0.5535808	0.7642793
2934	-2551.33	-2876.997	325.667	1.860089	0.4944931	1.01416
2940	-2563.389	-2888.632	325.2434	1.886056	0.7532514	1.042075
2946	-2554.943	-2880.694	325.7511	1.887362	0.480064	0.9241171
2952	-2557.473	-2883.17	325.6975	1.994288	0.4937505	0.8355863
2958	-2548.859	-2874.367	325.5074	2.10282	0.5443874	0.8355863
2964	-2550.722	-2876.36	325.6372	2.008762	0.523814	0.8315148
2970	-2561.408	-2886.9	325.4921	2.139477	0.6057605	0.6638026
2976	-2567.228	-2892.958	325.7307	2.186945	0.4371031	0.6334391
2982	-2562.747	-2888.09	325.3425	2.283651	0.6335916	0.5743896
2988	-2562.275	-2887.554	325.2791	2.218564	0.731264	0.5702645
2994	-2575.537	-2900.784	325.2469	2.323149	0.6822442	0.4995193
3000	-2575.51	-2901.383	325.8725	2.021203	0.3606755	0.888488
3006	-2561.246	-2886.825	325.5788	2.021203	0.5299319	0.8752499
3012	-2576.079	-2901.723	325.6436	2.021203	0.5129711	0.8297539
3018	-2565.686	-2891.388	325.7022	1.972913	0.4577699	0.9262109
3024	-2562.05	-2887.493	325.4427	2.286431	0.56573	0.5565054
3030	-2558.989	-2884.594	325.6047	2.286431	0.4672037	0.5424428
3036	-2568.055	-2893.681	325.6258	2.230491	0.4893458	0.5154488
3042	-2568.738	-2893.96	325.2211	2.306885	0.7116638	0.5437534
3048	-2561.769	-2887.285	325.5167	2.26726	0.5333011	0.5253719
3054	-2563.92	-2889.185	325.2646	2.271217	0.6986163	0.5840133
3060	-2574.288	-2899.672	325.3836	2.228979	0.6476283	0.5475102
3066	-2562.56	-2888.002	325.4417	2.17968	0.6290327	0.6103535
3072	-2560.013	-2885.459	325.4464	2.196667	0.5871271	0.6936089
3078	-2561.909	-2887.489	325.5795	2.081245	0.5924041	0.6430457
3084	-2568.415	-2893.954	325.5391	2.081245	0.5924041	0.7192518
3090	-2555.392	-2880.96	325.5684	2.088354	0.5924041	0.651835
3096	-2549.254	-2874.889	325.6346	2.178231	0.4861331	0.673958
3102	-2560.455	-2886.395	325.94	1.881641	0.3170292	1.059571
3108	-2555.235	-2880.791	325.556	1.761758	0.4963604	1.202431
3114	-2550.532	-2876.306	325.7735	1.883541	0.484038	0.8960452
3120	-2563.109	-2888.841	325.7322	1.969219	0.4839877	0.8439537
3126	-2565.255	-2890.963	325.7086	1.851179	0.4722129	1.01908
3132	-2575.541	-2901.005	325.4633	1.756676	0.4913449	1.291056
3138	-2581.275	-2906.553	325.2777	1.625443	0.4562112	1.580881
3144	-2567.916	-2893.231	325.3155	1.638363	0.4540854	1.546337
3150	-2563.102	-2888.425	325.3235	1.688881	0.4042581	1.570701
3156	-2566.847	-2891.955	325.1072	1.735514	0.5315072	1.53281
3162	-2565.661	-2890.745	325.0837	1.548668	0.5049431	1.715808
3168	-2550.59	-2875.859	325.2694	1.574922	0.4515693	1.629572
3174	-2553.009	-2878.013	325.0043	1.587122	0.4711077	1.784269
3180	-2571.861	-2896.772	324.9106	1.648618	0.4389849	1.845607
3186	-2576.637	-2901.931	325.2944	1.590871	0.3990588	1.669875
3192	-2573.124	-2898.277	325.1527	1.548099	0.5390455	1.627908
3198	-2573.391	-2898.307	324.9157	1.667561	0.5993622	1.646925
3204	-2571.49	-2896.441	324.9505	1.587551	0.64178	1.636161
3210	-2574.575	-2899.518	324.9431	1.687445	0.6211317	1.590124
3216	-2564.547	-2889.585	325.038	1.524131	0.4478757	1.832648
3222	-2558.512	-2883.744	325.2325	1.509103	0.4938014	1.651198
3228	-2576.305	-2901.254	324.9491	1.735511	0.6517191	1.518807
3234	-2560.337	-2885.776	325.4388	1.735511	0.476209	1.348444
3240	-2561.074	-2886.436	325.3615	1.649804	0.429113	1.537182
3246	-2558.841	-2883.955	325.1143	1.6032	0.429113	1.748456
3252	-2572.263	-2897.554	325.2904	1.592462	0.5209149	1.515489
3258	-2575.631	-2900.926	325.2946	1.646546	0.5695504	1.413766
3264	-2586.488	-2911.916	325.4279	1.64718	0.4355634	1.480618
3270	-2576.235	-2901.386	325.1518	1.638668	0.50696	1.600179
3276	-2581.913	-2907.383	325.4702	1.833716	0.4159198	1.331129
3282	-2571.024	-2896.49	325.4655	1.684459	0.4979089	1.338737
3288	-2572.112	-2897.654	325.5418	1.845227	0.4979089	1.139705
3294	-2566.774	-2892.463	325.6894	1.858793	0.3917724	1.165827
3300	-2566.979	-2892.624	325.6448	1.77996	0.5194991	1.073065
3306	-2566.287	-2891.786	325.4993	1.834192	0.537125	1.130982
3312	-2566.743	-2892.139	325.3955	1.858035	0.4807842	1.27814
3318	-2554.9	-2880.403	325.5033	1.859422	0.6238078	0.9802815
3324	-2544.806	-2870.324	325.5173	1.859422	0.5213616	1.114564
3330	-2569.203	-2894.73	325.5275	1.807528	0.5260966	1.145206
3336	-2570.407	-2895.845	325.4378	1.783945	0.4566403	1.337678
3342	-2571.956	-2897.174	325.2182	1.632545	0.4764032	1.593567
3348	-2558.639	-2883.748	325.1082	1.624936	0.4188344	1.750827
3354	-2556.387	-2881.375	324.9885	1.514345	0.5562594	1.749583
3360	-2551.837	-2877.015	325.1781	1.557688	0.592087	1.543606
3366	-2553.005	-2878.12	325.1153	1.537952	0.592087	1.604104
3372	-2555.95	-2881.603	325.6531	1.661421	0.4530668	1.267503
3378	-2543.97	-2869.602	325.6322	1.888487	0.4053995	1.166834
3384	-2557.359	-2882.934	325.5746	1.929941	0.5079817	1.014399
3390	-2583.155	-2908.603	325.4475	1.870997	0.58273	1.081094
3396	-2591.148	-2916.534	325.3863	1.833982	0.6418515	1.093513
3402	-2571.223	-2896.548	325.3249	1.779129	0.5440334	1.316099
3408	-2583.699	-2909.138	325.4391	1.765087	0.6583631	1.087429
3414	-2578.29	-2903.695	325.4043	1.864426	0.5949728	1.110291
3420	-2584.926	-2910.449	325.523	1.914039	0.5395736	1.031023
3426	-2593.476	-2918.885	325.4096	1.967916	0.6153953	0.9773881
3432	-2575.498	-2901.02	325.5223	2.015656	0.5577286	0.8966491
3438	-2580.039	-2905.64	325.601	2.015656	0.5092295	0.8943246
3444	-2578.535	-2904.219	325.6839	1.9214	0.5360566	0.8575349
3450	-2570.175	-2895.873	325.6973	2.130312	0.4543579	0.7422072
3456	-2565.645	-2891.193	325.5478	2.101459	0.6055443	0.6251167
3462	-2566.984	-2892.678	325.6947	2.041962	0.5260238	0.6938835
3468	-2575.665	-2901.114	325.4495	2.041566	0.630646	0.8250862
3474	-2570.186	-2895.662	325.4761	2.003698	0.6465222	0.8112864
3480	-2573.703	-2899.459	325.7563	2.096449	0.4148992	0.8082049
3486	-2576.219	-2901.869	325.65	2.077223	0.5023502	0.7695889
3492	-2578.764	-2904.599	325.8347	2.060018	0.4102536	0.7625222
3498	-2561.725	-2887.106	325.3812	2.168368	0.6903885	0.5729059
3504	-2583.369	-2908.898	325.5291	1.713399	0.579773	1.153866
3510	-2575.16	-2900.654	325.4942	1.914141	0.563416	1.023059
3516	-2567.795	-2893.51	325.715	1.900444	0.3947428	1.100467
3522	-2558.141	-2883.549	325.4079	1.831755	0.5620964	1.179602
3528	-2573.913	-2899.476	325.5633	1.910291	0.5110375	1.039765
3534	-2556.281	-2881.866	325.5856	1.952464	0.5258448	0.9508587
3540	-2545.353	-2870.95	325.5967	1.913005	0.5574079	0.9285088
3546	-2552.499	-2878.17	325.6708	1.844655	0.4316532	1.128047
3552	-2555.927	-2881.393	325.466	1.782932	0.5787864	1.149416
3558	-2560.965	-2886.562	325.5967	1.960657	0.4728115	1.020427
3564	-2570.876	-2896.515	325.6393	1.897359	0.4728115	1.040576
3570	-2555.594	-2881.177	325.5836	1.914973	0.573835	0.9133814
3576	-2580.451	-2906.153	325.7019	2.075086	0.4615836	0.7964024
3582	-2566.548	-2892.01	325.4621	2.170776	0.5981686	0.6826352
3588	-2582.191	-2907.716	325.5244	2.084971	0.6172738	0.6751051
3594	-2574.933	-2899.969	325.0354	1.602555	0.4909017	1.728214
3600	-2579.155	-2904.269	325.114	1.630046	0.4909017	1.652942
3606	-2554.078	-2879.376	325.2983	1.695396	0.5673337	1.375438
3612	-2576.842	-2902.176	325.3334	1.695396	0.554534	1.363139
3618	-2569.476	-2894.963	325.487	1.775761	0.471647	1.283374
3624	-2554.606	-2880.536	325.9301	1.934502	0.3475696	0.9504114
3630	-2555.442	-2881.01	325.5678	1.924777	0.4907095	1.053677
3636	-2557.516	-2883.156	325.6397	1.980809	0.4941252	0.9178457
3642	-2558.123	-2883.677	325.5535	2.088538	0.5573252	0.7664842
3648	-2551.943	-2877.656	325.7132	2.025642	0.4792984	0.8065421
3654	-2553.784	-2879.444	325.6591	1.932243	0.4831582	0.968536
3660	-2560.576	-2886.045	325.4696	1.919998	0.585953	1.008286
3666	-2556.845	-2882.453	325.6073	2.066274	0.4768359	0.891134
3672	-2589.498	-2915.196	325.6975	2.027279	0.4443511	0.8976303
3678	-2572.253	-2898.023	325.7698	2.138477	0.3887573	0.8012377
3684	-2591.688	-2917.549	325.861	2.144257	0.3674362	0.7221144
3690	-2572.846	-2898.583	325.7367	1.866328	0.4008967	1.100892
3696	-2572.766	-2898.45	325.6841	1.919101	0.4318176	1.046508
3702	-2580.339	-2906.143	325.8044	2.053307	0.4305358	0.7612729
3708	-2582.755	-2908.51	325.7542	2.060916	0.4305358	0.8193721
3714	-2565.442	-2891.135	325.6934	2.060916	0.4645776	0.8193721
3720	-2573.893	-2899.531	325.6379	2.001812	0.5158072	0.8549433
3726	-2603.166	-2928.882	325.7162	1.927161	0.4312422	1.008334
3732	-2579.673	-2905.18	325.5068	1.979691	0.5229686	1.008334
3738	-2560.689	-2886.136	325.4461	1.807148	0.4962231	1.256928
3744	-2572.152	-2897.927	325.7749	1.78276	0.4516587	1.055838
3750	-2574.964	-2900.406	325.4413	2.10749	0.6054752	0.7965235
3756	-2576.838	-2902.291	325.4528	2.129478	0.6160832	0.7254892
3762	-2565.464	-2890.945	325.4803	1.777448	0.491575	1.259623
3768	-2593.538	-2918.786	325.2479	1.777448	0.6597645	1.242616
3774	-2582.351	-2907.82	325.4689	1.787329	0.5072611	1.239259
3780	-2569.027	-2894.423	325.3958	1.814424	0.5256714	1.252851
3786	-2561.862	-2887.368	325.5058	1.70835	0.4521769	1.349978
3792	-2564.187	-2889.378	325.1904	1.610096	0.4060438	1.720513
3798	-2577.606	-2902.98	325.3739	1.656785	0.6359606	1.265415
3804	-2579.318	-2904.253	324.9353	1.591159	0.5578792	1.731238
3810	-2585.994	-2911.134	325.1398	1.56761	0.4273086	1.757846
3816	-2572.652	-2898.007	325.3545	1.602842	0.3728697	1.65529
3822	-2577.771	-2903.093	325.3222	1.653678	0.4019644	1.60057
3828	-2573.733	-2898.925	325.1923	1.666008	0.4469989	1.62531
3834	-2559.865	-2885.614	325.7493	1.959	0.4760191	0.8521093
3840	-2575.091	-2900.745	325.6535	2.029847	0.4845997	0.8644363
3846	-2564.985	-2890.66	325.6752	2.07443	0.4845997	0.779811
3852	-2565.374	-2891.073	325.6983	2.07443	0.4604566	0.8047376
3858	-2560.455	-2886.045	325.5904	2.085864	0.5073556	0.8268575
3864	-2563.66	-2889.365	325.7052	2.048258	0.4815565	0.7816545
3870	-2567.745	-2893.49	325.7451	1.882745	0.4815565	0.9329401
3876	-2561.101	-2886.629	325.5285	1.886402	0.5792667	0.9929211
3882	-2563.368	-2889.153	325.7854	1.825222	0.4581429	0.9929211
3888	-2560.667	-2886.018	325.351	1.774698	0.6752677	1.138011
3894	-2577.045	-2901.978	324.9327	1.391978	0.6326215	1.795756
3900	-2565.872	-2890.934	325.0614	1.559705	0.3767309	1.88435
3906	-2571.076	-2896.102	325.0257	1.52636	0.3767309	1.931112
3912	-2576.403	-2901.232	324.8285	1.559795	0.452046	1.945844
3918	-2590.757	-2915.838	325.0815	1.708002	0.4640926	1.653114
3924	-2577.056	-2901.565	324.5092	1.408412	0.5407634	2.159446
3930	-2585.649	-2910.795	325.1454	1.560518	0.4090209	1.782712
3936	-2580.937	-2905.758	324.8205	1.554606	0.5557583	1.838666
3942	-2570.341	-2895.116	324.7747	1.48634	0.5367689	1.936304
3948	-2566.896	-2892.048	325.1523	1.586311	0.531685	1.608926
3954	-2581.367	-2905.989	324.6222	1.534918	0.5225924	2.020913
3960	-2566.893	-2892.302	325.4092	1.640729	0.4475745	1.483274
3966	-2565.839	-2890.825	324.9867	1.630986	0.4984377	1.733687
3972	-2556.763	-2882.068	325.3053	1.680202	0.4843573	1.483713
3978	-2576.417	-2901.627	325.2099	1.755918	0.6199045	1.33648
3984	-2568.097	-2893.423	325.3262	1.743498	0.5396148	1.34911
3990	-2570.109	-2895.299	325.1901	1.586086	0.4513632	1.678626
3996	-2574.19	-2899.411	325.2209	1.555821	0.4327562	1.702041
4002	-2560.593	-2885.997	325.4038	1.652522	0.4200975	1.516101
4008	-2569.465	-2894.893	325.4279	1.823223	0.5306864	1.211731
4014	-2560.376	-2885.927	325.5515	1.85501	0.5306864	1.0734
4020	-2563.763	-2889.492	325.7288	1.790512	0.4337913	1.121012
4026	-2572.09	-2897.568	325.4782	1.84195	0.4877236	1.212671
4032	-2571.794	-2897.269	325.4744	1.777595	0.4722032	1.291439
4038	-2573.976	-2899.488	325.5117	1.744148	0.4332608	1.343909
4044	-2564.701	-2890.072	325.3713	1.783039	0.4918877	1.343231
4050	-2559.488	-2884.971	325.4837	1.806162	0.4822296	1.246008
4056	-2559	-2884.647	325.6466	1.952696	0.4822296	0.9619507
4062	-2572.459	-2897.94	325.4808	1.948706	0.5714609	0.9899302
4068	-2566.042	-2891.659	325.6177	2.059649	0.5419808	0.7496194
4074	-2550.711	-2876.281	325.5707	2.199704	0.5029955	0.7003675
4080	-2552.12	-2877.554	325.4336	2.136795	0.6211241	0.7329469
4086	-2561.501	-2887.17	325.6687	2.006504	0.4887826	0.8657877
4092	-2560.489	-2886.129	325.6397	1.895545	0.5483814	0.9157322
4098	-2552.809	-2878.425	325.6161	1.966436	0.5311342	0.8931637
4104	-2559.592	-2885.029	325.4371	2.062154	0.6155944	0.8415623
4110	-2559.062	-2884.518	325.4568	2.126477	0.6155944	0.7250139
4116	-2567.313	-2892.886	325.573	2.05445	0.5416549	0.8191796
4122	-2558.634	-2884.177	325.5427	2.021271	0.5416549	0.8953407
4128	-2567.143	-2892.859	325.7155	2.012717	0.4092742	0.9638159
4134	-2565.244	-2890.872	325.628	2.081297	0.4440581	0.9154722
4140	-2574.392	-2900.005	325.613	1.951032	0.5146422	0.9424641
4146	-2578.401	-2903.839	325.4377	1.885658	0.546112	1.127412
4152	-2563.249	-2888.674	325.426	1.786302	0.621004	1.127412
4158	-2570.045	-2895.359	325.3139	1.830302	0.5438038	1.28369
4164	-2561.474	-2887.016	325.542	1.797514	0.471791	1.219255
4170	-2565.365	-2890.882	325.5175	1.817657	0.4640202	1.234315
4176	-2567.126	-2892.578	325.4515	1.797578	0.5870167	1.138475
4182	-2577.801	-2902.881	325.0805	1.718918	0.7102348	1.371588
4188	-2565.45	-2891.015	325.5646	1.718918	0.490018	1.240352
4194	-2568.674	-2893.955	325.2815	1.718918	0.5820723	1.352631
4200	-2578.938	-2904.171	325.2329	1.784393	0.4639965	1.486031
4206	-2575.605	-2900.969	325.3643	1.706704	0.4525858	1.460608
4212	-2557.517	-2882.799	325.282	1.639541	0.4525858	1.572062
4218	-2552.505	-2877.806	325.3011	1.654378	0.4659638	1.529747
4224	-2564.66	-2889.643	324.9834	1.720176	0.6289833	1.528174
4230	-2569.008	-2894.294	325.2855	1.643432	0.4826627	1.528174
4236	-2562.36	-2887.573	325.2129	1.638846	0.6506894	1.392596
4242	-2546.917	-2872.062	325.1456	1.605776	0.555901	1.572135
4248	-2546.444	-2871.326	324.882	1.602171	0.4924861	1.833332
4254	-2556.07	-2881.561	325.4914	1.869757	0.4867466	1.178825
4260	-2559.136	-2884.528	325.3921	1.867792	0.5494796	1.178825
4266	-2568.365	-2893.825	325.4605	1.725099	0.4996041	1.307792
4272	-2566.126	-2891.815	325.6885	2.10803	0.4882858	0.6974811
4278	-2579.903	-2905.542	325.6384	2.060239	0.5533307	0.6853308
4284	-2562.394	-2887.83	325.4363	1.658596	0.5570101	1.307274
4290	-2561.648	-2887.069	325.4213	1.746618	0.5550952	1.249671
4296	-2556.881	-2882.33	325.4496	1.710804	0.5418695	1.272907
4302	-2548.582	-2874.163	325.5806	1.838224	0.4852386	1.130259
4308	-2548.508	-2874.212	325.7042	1.879394	0.3941909	1.130259
4314	-2555.336	-2880.738	325.4028	1.931718	0.5369869	1.130259
4320	-2554.537	-2880.127	325.5898	2.033385	0.4670104	0.9642085
4326	-2563.468	-2889.304	325.8352	2.035809	0.3941573	0.8355414
4332	-2547.385	-2872.978	325.593	1.968397	0.5542593	0.875903
4338	-2560.124	-2885.616	325.4918	1.969699	0.5618772	0.9721851
4344	-2561.831	-2887.473	325.642	1.827663	0.4231888	1.182136
4350	-2566.952	-2892.15	325.1985	1.67478	0.4104012	1.662942
4356	-2556.139	-2881.107	324.9677	1.645654	0.5649352	1.662058
4362	-2580.817	-2905.767	324.9503	1.565001	0.4968609	1.806819
4368	-2572.688	-2897.58	324.8918	1.531697	0.3229033	2.092239
4374	-2559.507	-2884.579	325.0711	1.612646	0.3421558	1.890434
4380	-2559.509	-2884.002	324.4933	1.381578	0.5532868	2.174571
4386	-2557.308	-2882.038	324.7295	1.490843	0.5532868	1.946415
4392	-2556.671	-2881.663	324.9918	1.530151	0.5502052	1.742727
4398	-2552.457	-2877.857	325.4008	1.568124	0.4867228	1.493182
4404	-2566.616	-2891.665	325.0485	1.573538	0.4536088	1.784219
4410	-2580.178	-2905.443	325.2646	1.626865	0.4307908	1.622586
4416	-2578.558	-2903.359	324.801	1.439523	0.4474574	2.04982
4422	-2590.832	-2915.823	324.9908	1.622856	0.5893993	1.635591
4428	-2578.258	-2903.306	325.0485	1.569878	0.461786	1.7768
4434	-2568.53	-2893.457	324.9263	1.518135	0.4888633	1.864742
4440	-2577.032	-2902.195	325.1634	1.505718	0.4218898	1.791455
4446	-2575.01	-2900.218	325.2078	1.398327	0.4304513	1.824061
4452	-2580.209	-2905.236	325.027	1.662004	0.5563355	1.61706
4458	-2572.464	-2897.947	325.4832	1.737626	0.5195524	1.252158
4464	-2576.437	-2901.92	325.4824	1.79369	0.4863749	1.251673
4470	-2565.215	-2890.674	325.4582	1.831934	0.5497092	1.152056
4476	-2558.039	-2883.366	325.327	1.844752	0.6466173	1.131586
4482	-2556.384	-2882.036	325.652	1.903669	0.4888618	0.9950563
4488	-2560.227	-2885.937	325.7103	1.942917	0.398059	1.059262
4494	-2558.225	-2883.807	325.5824	1.877164	0.4901317	1.085637
4500	-2552.414	-2878.023	325.6087	1.948278	0.4647654	1.034409
4506	-2548.812	-2874.357	325.5445	1.981697	0.4405691	1.103619
4512	-2553.527	-2879.293	325.7651	2.019843	0.4457502	0.8226708
4518	-2561.585	-2887.153	325.568	1.954602	0.4973506	1.013906
4524	-2550.564	-2876.079	325.515	1.954602	0.6201187	0.8694904
4530	-2545.899	-2871.4	325.5015	1.98306	0.6201187	0.8516407
4536	-2553.695	-2879.205	325.5099	1.974649	0.6201187	0.8516407
4542	-2554.209	-2879.893	325.6845	2.08784	0.4719226	0.7782472
4548	-2569.621	-2895.17	325.5485	2.326544	0.4777789	0.5258759
4554	-2565.014	-2890.619	325.6044	1.724111	0.3943692	1.344396
4560	-2567.581	-2892.981	325.3996	1.747451	0.5440131	1.281084
4566	-2575.146	-2900.722	325.5763	1.764323	0.5440131	1.114787
4572	-2569.935	-2895.693	325.7582	1.870808	0.4701279	0.9525084
4578	-2571.108	-2896.502	325.3939	1.888127	0.6111584	1.076414
4584	-2565.082	-2890.497	325.4151	1.763166	0.5797053	1.209576
4590	-2558.112	-2883.665	325.5531	1.766099	0.4852801	1.216966
4596	-2558.733	-2884.115	325.3824	1.819165	0.4974119	1.297802
4602	-2575.027	-2900.482	325.4547	1.687937	0.4974119	1.345158
4608	-2560.233	-2885.663	325.4304	1.711939	0.4908327	1.354179
4614	-2557.44	-2882.735	325.2948	1.761081	0.4701936	1.448635
4620	-2558.465	-2883.927	325.4621	1.724018	0.4696096	1.348007
4626	-2576.165	-2901.638	325.4722	2.033345	0.5090262	1.011706
4632	-2559.485	-2884.767	325.2819	1.838663	0.6428776	1.181265
4638	-2563.383	-2888.856	325.4732	1.814335	0.4820593	1.248188
4644	-2565.619	-2891.084	325.4652	1.707192	0.6073841	1.179792
4650	-2559.874	-2885.323	325.4494	1.859779	0.5039152	1.19902
4656	-2560.506	-2885.913	325.407	1.844973	0.5159219	1.23103
4662	-2576.36	-2901.552	325.1928	1.714439	0.6233346	1.37901
4668	-2574.06	-2899.442	325.382	1.846631	0.5566812	1.196294
4674	-2563.958	-2889.421	325.4634	1.721457	0.6159967	1.158071
4680	-2563.693	-2889.178	325.4847	2.01213	0.6011395	0.8694688
4686	-2570.012	-2895.81	325.7975	2.011196	0.4120501	0.8694688
4692	-2578.577	-2904.124	325.5471	2.015214	0.5771272	0.8329647
4698	-2569.3	-2894.679	325.3787	2.149074	0.6380221	0.7614632
4704	-2570.779	-2896.241	325.462	2.28192	0.556963	0.5489542
4710	-2566.16	-2891.691	325.5304	2.286578	0.5000927	0.6120242
4716	-2571.954	-2897.645	325.6913	2.226074	0.4466253	0.5864056
4722	-2555.879	-2881.532	325.6529	2.157838	0.4961304	0.6435762
4728	-2570.14	-2895.684	325.5441	2.264178	0.4961304	0.648998
4734	-2557.559	-2883.062	325.5029	2.264178	0.5313986	0.6100739
4740	-2544.822	-2870.356	325.5338	2.222373	0.5370564	0.6153865
4746	-2555.653	-2881.199	325.5469	2.195606	0.5528043	0.5824872
4752	-2562.048	-2887.726	325.6783	2.180934	0.4659172	0.6498388
4758	-2547.574	-2873.153	325.579	2.242491	0.5026153	0.5857574
4764	-2574.609	-2900.161	325.5526	2.173356	0.5526683	0.630497
4770	-2579.346	-2904.904	325.5578	2.173356	0.5526683	0.6172273
4776	-2580.015	-2905.579	325.5649	2.112532	0.5784257	0.6519788
4782	-2568.555	-2894.315	325.7592	2.121072	0.453353	0.6519788
4788	-2585.714	-2911.307	325.593	1.990968	0.4977657	0.950706
4794	-2558.926	-2884.572	325.6461	1.909078	0.5152994	0.950706
4800	-2582.372	-2908.089	325.7178	1.909078	0.4533559	0.9850173
4806	-2590.825	-2916.489	325.6648	1.833239	0.486159	1.055776
4812	-2567.932	-2893.625	325.6927	1.845494	0.4636692	1.05421
4818	-2565.976	-2891.528	325.5518	1.808214	0.483143	1.1851
4824	-2579.161	-2904.556	325.3946	1.799589	0.5881919	1.1851
4830	-2567.914	-2893.621	325.7073	1.88774	0.4183218	1.077772
4836	-2559.662	-2885.323	325.6608	1.811872	0.4014454	1.214777
4842	-2550.486	-2875.993	325.5061	1.822074	0.5430583	1.127354
4848	-2554.202	-2879.901	325.6993	1.73123	0.4074388	1.240689
4854	-2577.82	-2903.433	325.6135	1.979911	0.5412682	0.8618798
4860	-2560.561	-2886.058	325.4967	1.935679	0.6097362	0.9281473
4866	-2556.574	-2882.082	325.5084	1.858148	0.4581869	1.216418
4872	-2547.732	-2873.253	325.5207	1.795399	0.6145627	1.039444
4878	-2567.312	-2892.719	325.4072	1.800199	0.6534459	1.090707
4884	-2563.561	-2889.034	325.4733	1.733855	0.5188289	1.264524
4890	-2567.187	-2892.605	325.4175	1.697269	0.4620705	1.41421
4896	-2582.36	-2907.816	325.4557	1.678552	0.5371795	1.300278
4902	-2582.268	-2907.521	325.2527	1.650138	0.6297845	1.375296
4908	-2567.537	-2892.815	325.2783	1.71134	0.6297845	1.306082
4914	-2572.059	-2897.38	325.3215	1.754832	0.5234422	1.364133
4920	-2564.762	-2890.267	325.5055	1.870176	0.4939037	1.155639
4926	-2561.657	-2887.333	325.6767	1.985751	0.4759934	0.9053581
4932	-2560.587	-2886.11	325.523	1.867832	0.5321128	1.085926
4938	-2566.814	-2892.285	325.4708	1.884771	0.5982963	1.02392
4944	-2569.466	-2895.163	325.6973	1.853511	0.4975965	0.9853036
4950	-2565.181	-2890.706	325.5253	1.947194	0.6275997	0.8533592
4956	-2557.945	-2883.459	325.5145	2.004903	0.6031185	0.8388022
4962	-2555.325	-2881.004	325.679	2.062203	0.4657539	0.8333482
4968	-2546.545	-2872.193	325.6478	2.056374	0.4935486	0.8204063
4974	-2564.996	-2890.517	325.5207	1.891261	0.5826663	0.9907734
4980	-2571.909	-2897.452	325.5428	1.833721	0.5259521	1.108111
4986	-2550.697	-2876.092	325.3951	1.700238	0.5259521	1.345866
4992	-2561.121	-2886.542	325.4208	1.765264	0.595568	1.182836
4998	-2566.663	-2892.369	325.7054	1.883434	0.4828461	0.9716151
5004	-2578.353	-2903.442	325.0886	1.591807	0.6020391	1.573676
5010	-2579.358	-2904.826	325.4687	1.64159	0.4310489	1.460201
5016	-2577.476	-2902.631	325.1545	1.634415	0.4236243	1.705337
5022	-2564.005	-2889.461	325.4559	1.696212	0.380543	1.501456
5028	-2548.435	-2874.035	325.6006	1.778449	0.4361434	1.239033
5034	-2558.882	-2884.506	325.6243	1.878621	0.4917958	1.042103
5040	-2566.787	-2892.289	325.5021	2.014616	0.528102	0.9694273
5046	-2569.974	-2895.559	325.585	1.893911	0.528102	1.007683
5052	-2563.273	-2888.515	325.242	1.8231	0.7174597	1.142973
5058	-2567.885	-2893.284	325.3994	1.817204	0.4994606	1.28277
5064	-2567.084	-2892.211	325.1271	1.609766	0.6211464	1.511645
5070	-2547.722	-2873.014	325.2921	1.638489	0.4948724	1.511645
5076	-2558.166	-2883.515	325.3489	1.615432	0.495961	1.485006
5082	-2569.545	-2894.378	324.8329	1.636731	0.6433236	1.683617
5088	-2563.127	-2888.209	325.0812	1.647678	0.5116097	1.63923
5094	-2567.533	-2892.234	324.7016	1.486395	0.4534752	2.077471
5100	-2579.877	-2904.199	324.3217	1.407877	0.5984202	2.224879
5106	-2566.763	-2891.321	324.5582	1.306172	0.5108384	2.224879
5112	-2566.204	-2891.199	324.9954	1.331593	0.3914993	2.061779
5118	-2563.329	-2888.461	325.1317	1.543132	0.5924301	1.587995
5124	-2569.01	-2893.874	324.8638	1.560497	0.5645726	1.795442
5130	-2574.963	-2899.733	324.7696	1.654706	0.5645726	1.795442
5136	-2550.875	-2875.916	325.0417	1.426191	0.4414345	1.904922
5142	-2550.656	-2875.419	324.7622	1.469008	0.3773589	2.142982
5148	-2561.361	-2885.616	324.2547	1.332095	0.5508201	2.361819
5154	-2580.876	-2905.189	324.3131	1.490713	0.5457833	2.228091
5160	-2581.182	-2905.413	324.2313	1.450153	0.4210408	2.440742
5166	-2570.25	-2894.31	324.0607	1.329667	0.5984717	2.440742
5172	-2558.598	-2882.782	324.1841	1.425574	0.5628725	2.335564
5178	-2564.129	-2888.696	324.5673	1.43838	0.4687596	2.179154
5184	-2559.167	-2884.281	325.1145	1.524964	0.5557592	1.653399
5190	-2547.269	-2872.743	325.4739	1.627582	0.3836485	1.534573
5196	-2558.588	-2884.036	325.4472	1.843245	0.465934	1.268749
5202	-2554.783	-2879.925	325.1421	1.781186	0.6159645	1.374598
5208	-2543.006	-2868.434	325.4282	1.728424	0.5016641	1.328397
5214	-2549.158	-2874.235	325.0775	1.619421	0.491323	1.686064
5220	-2557.93	-2883.028	325.0984	1.635634	0.3108326	1.903236
5226	-2562.323	-2887.563	325.2399	1.623667	0.4020279	1.681294
5232	-2554.45	-2879.712	325.2613	1.681656	0.4374933	1.576223
5238	-2562.494	-2888.076	325.5815	1.742461	0.4966845	1.196601
5244	-2568.589	-2893.85	325.2614	1.793364	0.5315335	1.370933
5250	-2561.491	-2886.944	325.4528	1.795115	0.4804342	1.283262
5256	-2562.888	-2888.445	325.5571	1.922153	0.5218871	1.017126
5262	-2563.279	-2889.085	325.8066	1.917876	0.3085021	1.165426
5268	-2560.929	-2886.526	325.5965	1.885621	0.431727	1.157543
5274	-2580.262	-2905.053	324.7911	1.696549	0.6615925	1.652908
5280	-2568.261	-2893.651	325.3904	1.744031	0.4482465	1.417904
5286	-2551.143	-2876.492	325.3497	1.743614	0.4717265	1.417904
5292	-2559.873	-2885.106	325.2332	1.755775	0.6313975	1.304785
5298	-2569.115	-2894.209	325.0941	1.733576	0.6186096	1.44574
5304	-2560.153	-2885.454	325.3005	1.713191	0.4859996	1.460224
5310	-2577.417	-2902.696	325.2794	1.721357	0.4726895	1.487212
5316	-2566.411	-2891.949	325.5385	1.863147	0.5207208	1.092681
5322	-2569.301	-2894.821	325.5198	1.879086	0.4935001	1.135704
5328	-2579.436	-2905.045	325.609	1.677307	0.5449819	1.161916
5334	-2562.827	-2888.383	325.5566	1.878187	0.5028631	1.088933
5340	-2577.136	-2902.473	325.3366	1.888693	0.6127128	1.126318
5346	-2578.803	-2904.152	325.3487	1.784486	0.6158782	1.203043
5352	-2557.263	-2882.729	325.4665	1.837555	0.6158782	1.049195
5358	-2572.046	-2897.6	325.5532	1.81895	0.4111836	1.283153
5364	-2559.136	-2884.783	325.6469	1.636183	0.4384558	1.314479
5370	-2558.507	-2883.884	325.3773	1.791276	0.5832216	1.21343
5376	-2558.89	-2884.156	325.2663	1.681031	0.6223313	1.348454
5382	-2568.958	-2894.264	325.3057	1.706707	0.5165429	1.422643
5388	-2563.01	-2888.4	325.3898	1.564728	0.5193723	1.46343
5394	-2565.795	-2891.417	325.6224	1.751703	0.4377679	1.240751
5400	-2564.258	-2889.565	325.3068	1.707325	0.6697574	1.240751
5406	-2569.552	-2894.88	325.3276	1.651031	0.4477289	1.536369
5412	-2556.219	-2881.541	325.3222	1.667461	0.4819175	1.483682
5418	-2566.883	-2892.029	325.1461	1.764254	0.7311438	1.260629
5424	-2576.051	-2901.599	325.5484	1.713278	0.4515211	1.312899
5430	-2559.987	-2885.492	325.5051	1.79011	0.5382789	1.163284
5436	-2567.307	-2892.757	325.4505	1.79011	0.5483735	1.197014
5442	-2567.389	-2892.934	325.5453	1.839418	0.5531005	1.060966
5448	-2583.794	-2909.272	325.4781	1.794656	0.4386403	1.322525
5454	-2575.336	-2900.795	325.4586	1.680681	0.4760457	1.376334
5460	-2566.299	-2891.851	325.5519	1.751139	0.4913966	1.221932
5466	-2559.637	-2885.147	325.5101	1.751139	0.5507279	1.175983
5472	-2569.548	-2895.273	325.7247	1.734006	0.4227035	1.192376
5478	-2580.511	-2906.133	325.6226	1.767601	0.4607297	1.192376
5484	-2568.588	-2893.838	325.25	1.716762	0.5599922	1.405178
5490	-2572.247	-2897.901	325.6544	1.803858	0.4515058	1.147121
5496	-2567.824	-2893.332	325.5077	1.889475	0.5810687	1.007918
5502	-2563.43	-2889.063	325.6331	1.849772	0.503035	1.043444
5508	-2577.602	-2903.233	325.6311	2.115206	0.5206491	0.6921219
5514	-2577.537	-2903.119	325.582	2.076179	0.5290342	0.8051149
5520	-2583.909	-2909.626	325.7174	2.102215	0.4678659	0.7174404
5526	-2584.88	-2910.614	325.7333	2.122661	0.438267	0.7429288
5532	-2584.771	-2910.191	325.4207	2.112467	0.6142602	0.8006167
5538	-2583.634	-2909.016	325.3815	2.158086	0.6142602	0.7919355
5544	-2573.721	-2898.489	324.7678	1.531727	0.4673707	1.987372
5550	-2572.906	-2897.719	324.8128	1.502838	0.4756614	1.967018
5556	-2566.192	-2891.176	324.9837	1.496642	0.4008381	1.947537
5562	-2558.43	-2883.785	325.355	1.545081	0.4136382	1.639339
5568	-2564.912	-2889.931	325.0191	1.627863	0.5636292	1.639339
5574	-2551.179	-2875.959	324.7794	1.434074	0.5557873	1.948472
5580	-2554.004	-2878.675	324.6716	1.397025	0.65141	1.952635
5586	-2564.35	-2888.883	324.5333	1.467371	0.5720025	2.073682
5592	-2573.502	-2898.623	325.1216	1.54743	0.5027464	1.692355
5598	-2582.854	-2907.809	324.9553	1.575373	0.5027464	1.789421
5604	-2566.363	-2891.316	324.9529	1.499662	0.4885432	1.85954
5610	-2572.524	-2897.685	325.1612	1.600145	0.5293487	1.595155
5616	-2575.722	-2901.196	325.4747	1.654945	0.3544298	1.557728
5622	-2582.527	-2907.857	325.3299	1.669084	0.5470122	1.395591
5628	-2568.018	-2893.119	325.1009	1.600955	0.6076422	1.551936
5634	-2568.534	-2893.705	325.1707	1.761307	0.469113	1.543127
5640	-2562.501	-2887.703	325.2022	1.730123	0.5769213	1.412039
5646	-2556.532	-2881.95	325.418	1.729102	0.4612002	1.390255
5652	-2562.853	-2888.208	325.3552	1.675365	0.5768525	1.33484
5658	-2568.054	-2893.318	325.2635	1.707536	0.7054757	1.237318
5664	-2565.114	-2890.422	325.3078	1.805755	0.5359179	1.318672
5670	-2555.458	-2880.946	325.4879	1.805755	0.3707477	1.408575
5676	-2557.881	-2883.066	325.1845	1.617998	0.4362874	1.679208
5682	-2564.405	-2889.5	325.0948	1.617998	0.4980919	1.666728
5688	-2548.868	-2874.231	325.3637	1.62412	0.4094214	1.581505
5694	-2563.524	-2888.528	325.0045	1.591066	0.3275266	1.971383
5700	-2558.085	-2883.003	324.9188	1.479524	0.4732085	1.91418
5706	-2563.011	-2887.864	324.8531	1.576672	0.4732085	1.892826
5712	-2566.561	-2891.535	324.9739	1.565631	0.4504862	1.844969
5718	-2561.387	-2886.442	325.0554	1.550071	0.4770492	1.767391
5724	-2543.226	-2868.299	325.0734	1.532046	0.4770492	1.767391
5730	-2562.852	-2887.587	324.7356	1.455183	0.4534953	2.075592
5736	-2572.422	-2897.067	324.6449	1.423152	0.4534953	2.155946
5742	-2569.999	-2894.744	324.7443	1.411589	0.5405792	2.002782
5748	-2581.007	-2905.638	324.6309	1.481074	0.3927688	2.200639
5754	-2574.968	-2900.699	325.7319	1.976942	0.3896724	1.021443
5760	-2560.905	-2886.723	325.8183	1.914089	0.3896724	0.9980961
5766	-2565.344	-2890.905	325.5614	1.952733	0.5483013	0.9388144
5772	-2578.907	-2904.59	325.6826	2.081674	0.4915944	0.7411624
5778	-2578.061	-2903.737	325.6762	2.08808	0.4915944	0.7411624
5784	-2566.086	-2891.498	325.4119	1.604561	0.4218824	1.543217
5790	-2560.687	-2886.194	325.5075	1.711319	0.5157168	1.258981
5796	-2564.542	-2890.07	325.5278	1.797078	0.5157168	1.168803
5802	-2572.861	-2898.407	325.5463	1.815533	0.5335208	1.110502
5808	-2574.25	-2899.5	325.2503	1.710311	0.6768624	1.277241
5814	-2556.281	-2881.494	325.2132	1.752619	0.5808018	1.381387
5820	-2563.77	-2889.055	325.2848	1.686024	0.5707855	1.389268
5826	-2559.306	-2884.577	325.2709	1.645267	0.4975145	1.519126
5832	-2553.947	-2879.284	325.3373	1.628969	0.4925402	1.487825
5838	-2568.889	-2893.932	325.0427	1.52686	0.5303109	1.73119
5844	-2554.397	-2879.314	324.9166	1.55482	0.5303109	1.79967
5850	-2564.754	-2890.018	325.2643	1.550292	0.4331111	1.67468
5856	-2567.425	-2892.721	325.2956	1.757684	0.4119856	1.529668
5862	-2567.394	-2892.828	325.4334	1.592966	0.4034419	1.561556
5868	-2590.901	-2916.207	325.3053	1.645034	0.6756321	1.286974
5874	-2593.366	-2918.787	325.4213	1.764484	0.5856152	1.195649
5880	-2574.967	-2900.78	325.8136	1.732454	0.4489219	1.071356
5886	-2566.231	-2891.259	325.0278	1.752995	0.5667721	1.538182
5892	-2557.744	-2883.576	325.8325	1.992525	0.3316906	1.025124
5898	-2558.961	-2884.717	325.7557	1.961282	0.4309211	0.9330088
5904	-2575.085	-2900.886	325.801	2.075515	0.3873392	0.8452473
5910	-2577.495	-2903.069	325.5735	1.882077	0.5069177	1.063271
5916	-2570.022	-2895.58	325.5577	1.78654	0.5050832	1.167016
5922	-2566.696	-2892.091	325.3943	1.807259	0.4593286	1.349979
5928	-2560.374	-2885.489	325.1153	1.59669	0.4449223	1.732189
5934	-2563.264	-2888.209	324.9453	1.629254	0.5931443	1.659716
5940	-2568.333	-2893.25	324.9172	1.4376	0.696504	1.714328
5946	-2557.907	-2882.998	325.0911	1.505316	0.5049502	1.741094
5952	-2563.009	-2888.122	325.1129	1.562519	0.4584129	1.741094
5958	-2566.05	-2891.279	325.2295	1.558973	0.384437	1.758399
5964	-2574.271	-2899.292	325.0209	1.50393	0.384437	1.939124
5970	-2568.392	-2893.584	325.1925	1.425808	0.443875	1.798877
5976	-2577.321	-2902.016	324.6945	1.455085	0.6466422	1.9024
5982	-2567.862	-2892.142	324.2807	1.27233	0.6908266	2.256286
5988	-2563.724	-2888.322	324.5976	1.451418	0.5485855	2.065369
5994	-2588.813	-2913.741	324.9274	1.504869	0.4579578	1.909097
6000	-2580.007	-2905.025	325.018	1.646078	0.4930355	1.707318
6006	-2573.102	-2898.313	325.211	1.510503	0.4757574	1.68727
6012	-2560.431	-2885.126	324.6954	1.455903	0.5049151	2.043831
6018	-2575.23	-2899.991	324.7616	1.471537	0.5156221	1.977758
6024	-2567.668	-2892.658	324.9903	1.560567	0.4353324	1.855916
6030	-2583.091	-2908.429	325.3378	1.843046	0.4731472	1.347349
6036	-2565.155	-2890.613	325.458	1.74928	0.4840488	1.311281
6042	-2577.026	-2902.424	325.3982	1.759953	0.4842285	1.350429
6048	-2561.517	-2886.888	325.3715	1.755131	0.477057	1.384899
6054	-2596.934	-2922.302	325.3682	1.732995	0.477057	1.404705
6060	-2569.595	-2894.89	325.2952	1.816987	0.6723669	1.153482
6066	-2573.739	-2899.141	325.4013	1.728018	0.5429091	1.296986
6072	-2566.335	-2891.487	325.1524	1.690647	0.5304331	1.533792
6078	-2560.053	-2885.339	325.286	1.690647	0.5865612	1.366216
6084	-2578.355	-2903.83	325.4752	1.82703	0.6312377	1.030053
6090	-2558.541	-2884.051	325.5101	1.798888	0.4122652	1.332599
6096	-2557.325	-2882.928	325.6026	1.763281	0.40936	1.291061
6102	-2576.475	-2901.75	325.275	1.679985	0.5746749	1.397023
6108	-2555.949	-2881.427	325.4782	1.65326	0.4652205	1.397023
6114	-2577.052	-2902.3	325.248	1.65326	0.4527535	1.586701
6120	-2571.957	-2897.357	325.4006	1.613176	0.464357	1.488267
6126	-2588.998	-2913.878	324.8805	1.657837	0.6403653	1.637402
6132	-2588.306	-2913.813	325.5076	1.681109	0.5455632	1.244671
6138	-2580.498	-2905.945	325.4462	1.636953	0.4791392	1.415908
6144	-2573.502	-2898.961	325.4586	1.628395	0.4768766	1.415908
6150	-2567.921	-2893.485	325.5634	1.72746	0.4069621	1.35502
6156	-2587.689	-2913.413	325.7238	1.854931	0.3430937	1.225033
6162	-2574.92	-2900.423	325.5024	1.753962	0.4544187	1.313009
6168	-2573.666	-2899.248	325.5817	1.794007	0.4103331	1.281492
6174	-2567.911	-2892.794	324.8829	1.544897	0.6068286	1.749485
6180	-2554.99	-2880.215	325.2253	1.647131	0.4856862	1.566174
6186	-2567.831	-2892.781	324.95	1.636539	0.5478294	1.699826
6192	-2579.949	-2905.205	325.2559	1.745911	0.6511501	1.271894
6198	-2559.997	-2885.376	325.3785	1.590593	0.5017028	1.474198
6204	-2557.854	-2883.429	325.5757	1.654931	0.35988	1.473908
6210	-2559.383	-2884.745	325.3621	1.653187	0.5587956	1.368613
6216	-2567.695	-2892.544	324.8494	1.60622	0.5587956	1.779844
6222	-2555.86	-2881.026	325.166	1.60622	0.5079935	1.612226
6228	-2552.126	-2877.335	325.2099	1.588589	0.5360502	1.560202
6234	-2562.683	-2887.878	325.195	1.626614	0.5645042	1.51044
6240	-2562.24	-2887.563	325.3229	1.640078	0.5521691	1.417399
6246	-2557.323	-2882.576	325.2535	1.710458	0.5515046	1.417399
6252	-2552.82	-2878.371	325.5508	1.710458	0.4297958	1.344607
6258	-2561.758	-2887.375	325.6176	1.791777	0.4256554	1.229756
6264	-2559.179	-2884.615	325.4365	1.859371	0.5999043	1.078662
6270	-2562.014	-2887.522	325.508	1.936269	0.5906459	0.9451518
6276	-2570.898	-2896.421	325.5234	1.999016	0.5054226	1.000834
6282	-2558.04	-2883.542	325.5018	1.864087	0.5630626	1.064355
6288	-2588.139	-2913.702	325.5628	1.922251	0.5571395	0.9551953
6294	-2588.017	-2913.389	325.3712	1.600656	0.5127875	1.458308
6300	-2574.075	-2899.722	325.6479	2.267277	0.4402091	0.6257385
6306	-2556.615	-2882.233	325.6178	2.280171	0.4460798	0.6414302
6312	-2576.144	-2901.936	325.793	1.775986	0.4004526	1.132558
6318	-2566.24	-2891.882	325.6415	1.901248	0.4141497	1.132675
6324	-2572.756	-2898.514	325.7573	1.977012	0.4339076	0.9080403
6330	-2576.08	-2901.753	325.6728	1.938523	0.4339076	1.035006
6336	-2552.875	-2878.341	325.4657	1.919914	0.5043379	1.131494
6342	-2570.84	-2896.189	325.3489	1.946499	0.6399575	1.02483
6348	-2569.832	-2895.339	325.5076	1.916123	0.4434202	1.189959
6354	-2573.63	-2898.884	325.254	1.795468	0.572317	1.325162
6360	-2562.802	-2888.502	325.7003	1.713907	0.4493455	1.188985
6366	-2571.009	-2896.452	325.4429	1.830837	0.5604343	1.151984
6372	-2570.909	-2896.048	325.1388	1.729668	0.8539774	1.172063
6378	-2576.475	-2901.771	325.2963	1.95164	0.6392875	1.071147
6384	-2571.707	-2896.662	324.9553	1.582002	0.4643374	1.829767
6390	-2562.993	-2888.325	325.3314	1.709891	0.4643374	1.467497
6396	-2553.458	-2878.745	325.2865	1.702069	0.5207808	1.435686
6402	-2568.38	-2893.773	325.3931	1.710196	0.586843	1.263681
6408	-2571.682	-2897.031	325.3491	1.675159	0.475381	1.465925
6414	-2568.442	-2894.088	325.6464	1.61978	0.3562492	1.452618
6420	-2553.436	-2878.807	325.3704	1.717779	0.4958452	1.390136
6426	-2575.874	-2901.12	325.2461	1.815183	0.5122002	1.390136
6432	-2575.043	-2900.746	325.7027	1.713757	0.3766138	1.301917
6438	-2578.671	-2903.95	325.279	1.642655	0.4342261	1.596128
6444	-2568.707	-2894.194	325.4869	2.195225	0.5930109	0.582386
6450	-2557.102	-2882.776	325.6736	2.276905	0.4318909	0.5610617
6456	-2555.979	-2881.494	325.5147	2.21717	0.5633005	0.5610617
6462	-2571.479	-2897.275	325.7954	2.178958	0.4050446	0.6403321
6468	-2558.629	-2884.252	325.6226	2.084701	0.5195785	0.7577944
6474	-2558.194	-2883.789	325.595	2.002804	0.5994081	0.7388927
6480	-2543.716	-2869.486	325.7704	2.004056	0.3778907	0.97916
6486	-2555.271	-2880.947	325.6752	1.640183	0.4227105	1.31176
6492	-2559.481	-2884.62	325.139	1.747385	0.6326815	1.385001
6498	-2561.494	-2887.007	325.5134	1.893705	0.5361169	1.064828
6504	-2573.516	-2899.046	325.5304	1.761961	0.5438212	1.158205
6510	-2556.53	-2882.052	325.5223	1.871263	0.4815343	1.158205
6516	-2571.557	-2897.267	325.7095	1.752843	0.4135757	1.203931
6522	-2552.072	-2877.639	325.5666	1.928336	0.4904085	1.051908
6528	-2566.046	-2891.443	325.3966	2.090143	0.6748442	0.7479253
6534	-2567.245	-2892.86	325.6152	2.102662	0.5151851	0.7526679
6540	-2579.759	-2905.517	325.7575	1.961771	0.3702098	1.048939
6546	-2561.469	-2887.029	325.5602	1.813649	0.4206763	1.267039
6552	-2571.999	-2897.485	325.4861	1.816373	0.5828445	1.09573
6558	-2561.695	-2887.407	325.7123	1.783639	0.4492349	1.117022
6564	-2555.599	-2881.173	325.5744	1.80681	0.5226127	1.108696
6570	-2569.614	-2895.214	325.6009	1.865693	0.5139485	1.041917
6576	-2563.67	-2889.475	325.8046	1.878874	0.3918437	1.041917
6582	-2566.223	-2891.637	325.4133	1.898344	0.5958081	1.069453
6588	-2548.923	-2874.399	325.4764	1.822328	0.5765938	1.107645
6594	-2557.868	-2883.215	325.3469	1.788076	0.5192249	1.322787
6600	-2560.807	-2886.171	325.364	1.917983	0.556339	1.150285
6606	-2553.582	-2879.176	325.5939	1.972829	0.4961804	0.9713804
6612	-2555.889	-2881.57	325.6808	1.858367	0.4588279	1.061299
6618	-2560.936	-2886.672	325.7359	1.779989	0.4123561	1.159469
6624	-2556.678	-2882.176	325.498	1.758999	0.492223	1.259354
6630	-2556.788	-2881.794	325.0057	1.634455	0.5629234	1.645007
6636	-2551.176	-2876.175	324.9987	1.532875	0.4407485	1.862401
6642	-2555.498	-2880.276	324.778	1.537178	0.4476573	2.000057
6648	-2547.021	-2872.573	325.5516	1.610622	0.3957031	1.471359
6654	-2548.304	-2873.452	325.1479	1.727934	0.4800136	1.570698
6660	-2547.175	-2872.144	324.9694	1.565198	0.490607	1.800697
6666	-2557.312	-2882.016	324.7042	1.552193	0.5048902	1.973853
6672	-2562.985	-2887.646	324.6611	1.389857	0.4579673	2.161917
6678	-2571.331	-2895.858	324.5269	1.54899	0.5939141	2.002273
6684	-2559.542	-2883.963	324.421	1.430432	0.5842279	2.159418
6690	-2552.201	-2877.183	324.9825	1.561682	0.4675417	1.821256
6696	-2564.221	-2889.125	324.904	1.508302	0.4675417	1.91131
6702	-2545.604	-2870.539	324.9355	1.58845	0.6036424	1.684891
6708	-2557.901	-2883.027	325.1265	1.58845	0.5131379	1.647506
6714	-2550.702	-2875.87	325.1671	1.493485	0.3801127	1.852749
6720	-2552.069	-2876.74	324.6708	1.434495	0.469845	2.112946
6726	-2550.694	-2875.795	325.1009	1.541479	0.3641842	1.887171
6732	-2536.724	-2861.565	324.8411	1.466458	0.5187836	1.924266
6738	-2534.07	-2859.017	324.9474	1.565909	0.4240945	1.895599
6744	-2549.682	-2874.125	324.4428	1.464843	0.3463338	2.391636
6750	-2543.857	-2868.49	324.6328	1.44913	0.4667431	2.131766
6756	-2553.015	-2877.517	324.5019	1.547526	0.4623017	2.157965
6762	-2568.709	-2893.382	324.6729	1.493151	0.4766397	2.065342
6768	-2552.963	-2877.251	324.2871	1.399348	0.5682996	2.281267
6774	-2565.153	-2889.243	324.0901	1.366662	0.465151	2.531707
6780	-2577.448	-2902.173	324.7249	1.545783	0.4322481	2.048088
6786	-2585.539	-2910.104	324.5646	1.549969	0.7814636	1.807813
6792	-2561.21	-2886.031	324.8215	1.548966	0.5713861	1.825522
6798	-2550.424	-2875.515	325.0904	1.586795	0.545082	1.638129
6804	-2546.078	-2871.411	325.3338	1.681742	0.545082	1.385072
6810	-2561.3	-2886.491	325.1909	1.762197	0.5479956	1.429989
6816	-2571.371	-2896.328	324.9567	1.660453	0.7092327	1.512152
6822	-2565.528	-2890.026	324.498	1.395946	0.6313824	2.087203
6828	-2566.581	-2891.077	324.496	1.542711	0.6296293	1.992912
6834	-2567.287	-2892.52	325.2328	1.704765	0.4911892	1.511068
6840	-2569.445	-2895.069	325.6247	1.883045	0.4442809	1.114331
6846	-2558.399	-2884.038	325.6395	1.856951	0.4675194	1.087164
6852	-2562.771	-2887.743	324.972	1.550297	0.5421774	1.751225
6858	-2558.058	-2883.014	324.9557	1.458822	0.4123006	1.977002
6864	-2570.105	-2894.935	324.8293	1.486312	0.5218575	1.915478
6870	-2562.853	-2887.867	325.0137	1.425299	0.4099507	1.963593
6876	-2566.665	-2891.021	324.3554	1.398563	0.4369267	2.376517
6882	-2572.518	-2896.913	324.3945	1.384533	0.4457377	2.350555
6888	-2566.957	-2891.35	324.3925	1.351653	0.3617359	2.474266
6894	-2555.431	-2879.706	324.2745	1.351653	0.4231123	2.473019
6900	-2548.668	-2872.167	323.4987	1.173104	0.4205427	3.058868
6906	-2547.895	-2871.462	323.5677	1.251964	0.5749962	2.814692
6912	-2555.519	-2879.721	324.2012	1.2351	0.4424537	2.569367
6918	-2569.384	-2893.383	323.9984	1.258626	0.5004286	2.618558
6924	-2546.33	-2870.569	324.2383	1.3195	0.4198445	2.519563
6930	-2558.626	-2882.634	324.0085	1.260335	0.4258562	2.69145
6936	-2563.691	-2888.428	324.7369	1.434039	0.5069095	2.028645
6942	-2566.594	-2891.487	324.8927	1.553258	0.4759282	1.878623
6948	-2556.855	-2882.029	325.1744	1.554571	0.4623237	1.69851
6954	-2558.552	-2883.573	325.0209	1.462077	0.397594	1.949943
6960	-2564.494	-2888.894	324.3997	1.33535	0.4494302	2.374263
6966	-2564.464	-2888.818	324.3542	1.449687	0.5463129	2.227497
6972	-2554.332	-2879.417	325.0855	1.460483	0.3975971	1.907438
6978	-2563.168	-2887.956	324.7884	1.437495	0.4358925	2.073238
6984	-2568.928	-2893.319	324.3916	1.361882	0.3906477	2.431921
6990	-2574.507	-2899.316	324.8095	1.394809	0.4708729	2.046613
6996	-2575.912	-2900.346	324.4336	1.381948	0.3330297	2.46758
7002	-2562.262	-2886.614	324.3516	1.26474	0.4355272	2.464862
7008	-2563.873	-2888.274	324.401	1.31701	0.5028031	2.327109
7014	-2578.906	-2903.255	324.3483	1.33182	0.5013521	2.352708
7020	-2574.562	-2899.91	325.3485	1.61825	0.5277564	1.443888
7026	-2576.357	-2901.452	325.0949	1.554028	0.5095257	1.698751
7032	-2573.349	-2898.617	325.2682	1.7353	0.5466785	1.392544
7038	-2560.323	-2885.582	325.2585	1.712756	0.5466785	1.417516
7044	-2572.368	-2897.433	325.0647	1.651721	0.6619063	1.484594
7050	-2579.282	-2904.638	325.3553	1.772848	0.5330554	1.31051
7056	-2567.487	-2892.744	325.2566	1.603854	0.4864336	1.574041
7062	-2569.386	-2894.795	325.4086	1.606742	0.3729204	1.613457
7068	-2577.627	-2903.079	325.4526	1.763561	0.5202194	1.255203
7074	-2574.125	-2899.619	325.4947	1.871295	0.5663983	1.059514
7080	-2573.861	-2899.48	325.6182	1.964839	0.4713852	0.9974106
7086	-2578.215	-2903.701	325.4861	1.871394	0.4648835	1.214171
7092	-2587.735	-2912.563	324.8273	1.375408	0.4692722	2.049484
7098	-2581.8	-2906.595	324.7955	1.475001	0.4692722	2.004517
7104	-2569.942	-2894.808	324.8662	1.615502	0.5635686	1.756539
7110	-2576.951	-2901.758	324.8068	1.468099	0.5160729	1.949228
7116	-2575.672	-2900.363	324.6908	1.513143	0.6188493	1.891952
7122	-2597.84	-2922.736	324.8958	1.488369	0.498924	1.894369
7128	-2577.086	-2901.969	324.8829	1.575963	0.5012304	1.840741
7134	-2574.677	-2899.811	325.1338	1.517975	0.4216704	1.803763
7140	-2576.719	-2901.387	324.6676	1.425322	0.5896998	1.99508
7146	-2587.065	-2911.937	324.8715	1.475195	0.3790043	2.065045
7152	-2578.081	-2903.368	325.2877	1.567923	0.4845732	1.579848
7158	-2584.202	-2909.439	325.2375	1.607677	0.5233517	1.540563
7164	-2579.761	-2904.107	324.3467	1.357543	0.6223634	2.219012
7170	-2569.493	-2894.175	324.6815	1.482512	0.5389838	1.999048
7176	-2563.587	-2888.78	325.1939	1.550462	0.5382779	1.597209
7182	-2558.25	-2883.845	325.5954	1.710821	0.3998675	1.353647
7188	-2553.226	-2878.645	325.419	1.666173	0.5261924	1.353647
7194	-2573.078	-2898.488	325.4099	1.771464	0.4071331	1.440072
7200	-2573.086	-2898.168	325.0815	1.655752	0.5441982	1.595641
7206	-2571.971	-2896.932	324.9608	1.591849	0.6653049	1.602371
7212	-2560.153	-2885.578	325.4255	1.698654	0.4826175	1.379358
7218	-2572.439	-2897.911	325.4727	1.587219	0.4600649	1.45902
7224	-2564.527	-2889.923	325.3956	1.716604	0.5227048	1.336549
7230	-2572.288	-2897.759	325.4709	1.75908	0.4527884	1.336549
7236	-2569.115	-2894.683	325.5682	1.751325	0.5747379	1.091132
7242	-2583.538	-2908.879	325.3411	1.649791	0.4608832	1.50994
7248	-2577.212	-2902.818	325.6059	1.877964	0.4088909	1.193054
7254	-2576.32	-2901.648	325.3274	1.790182	0.52679	1.327017
7260	-2580.353	-2905.615	325.2627	1.827384	0.5862506	1.275264
7266	-2594.903	-2920.197	325.2937	1.87108	0.659088	1.122582
7272	-2570.136	-2895.374	325.2384	1.839766	0.639502	1.221595
7278	-2585.2	-2910.883	325.6829	1.81025	0.3936492	1.210188
7284	-2572.069	-2897.542	325.473	1.788649	0.5198977	1.21743
7290	-2574.541	-2899.954	325.4128	1.772142	0.4315459	1.402141
7296	-2588.223	-2913.851	325.6276	1.866235	0.3986792	1.20125
7302	-2582.563	-2907.874	325.3108	1.784056	0.5989634	1.255914
7308	-2587.366	-2912.78	325.4141	1.773461	0.5376577	1.255914
7314	-2591.434	-2916.732	325.2978	1.728867	0.5482709	1.372453
7320	-2579.483	-2904.844	325.3613	1.770956	0.4613175	1.401681
7326	-2574.457	-2899.837	325.38	1.794536	0.5176319	1.292886
7332	-2576.183	-2901.711	325.5279	1.993933	0.5844621	0.8688112
7338	-2570.301	-2895.763	325.4628	1.99239	0.6307207	0.8688112
7344	-2577.011	-2902.449	325.4383	2.067976	0.5913276	0.8751532
7350	-2569.312	-2894.904	325.5924	2.034737	0.5401592	0.822611
7356	-2572.356	-2897.981	325.6251	2.010626	0.5057439	0.8790318
7362	-2575.392	-2901.011	325.6188	2.010626	0.4905262	0.9147132
7368	-2555.26	-2880.78	325.5205	1.766495	0.5398947	1.16825
7374	-2551.521	-2877.25	325.729	1.876193	0.4104584	1.08208
7380	-2559.625	-2885.199	325.5733	1.799049	0.4838835	1.173309
7386	-2538.343	-2863.81	325.4675	1.799049	0.4269132	1.344688
7392	-2553.17	-2878.891	325.7211	1.819259	0.4133809	1.136129
7398	-2541.249	-2866.883	325.6337	1.816894	0.4930496	1.089363
7404	-2562.436	-2887.661	325.2249	1.782458	0.6147895	1.30896
7410	-2554.96	-2880.294	325.3343	1.839295	0.6108867	1.174337
7416	-2557.206	-2882.744	325.5387	1.806784	0.4601187	1.231321
7422	-2546.009	-2871.69	325.6816	1.874477	0.4601187	1.043079
7428	-2551.166	-2876.896	325.7302	1.816426	0.4655237	1.043079
7434	-2566.576	-2892.215	325.6388	1.962948	0.5205229	0.8905028
7440	-2572.048	-2897.736	325.6877	1.994426	0.483336	0.8684914
7446	-2578.217	-2903.879	325.6624	1.991189	0.500405	0.8684914
7452	-2581.991	-2907.584	325.5929	1.725581	0.3307203	1.45426
7458	-2584.396	-2909.561	325.1651	1.788762	0.4734677	1.521311
7464	-2565.784	-2891.001	325.2167	1.68683	0.5034116	1.521311
7470	-2567.786	-2893.123	325.337	1.620983	0.3707911	1.657884
7476	-2573.285	-2898.837	325.5518	1.719743	0.4081527	1.368548
7482	-2568.633	-2894.01	325.3765	1.761569	0.4833645	1.367479
7488	-2564.809	-2890.213	325.4041	1.645997	0.3871788	1.567349
7494	-2559.815	-2885.217	325.4023	1.705716	0.5006457	1.368344
7500	-2575.436	-2901.005	325.5696	1.716464	0.4850112	1.245263
7506	-2570.63	-2896.142	325.5129	1.772773	0.45426	1.289475
7512	-2573.327	-2898.882	325.5548	1.710551	0.4079279	1.373716
7518	-2543.875	-2869.596	325.7204	1.725767	0.3859539	1.262319
7524	-2560.058	-2885.504	325.4453	1.762856	0.5198221	1.262319
7530	-2563.678	-2889.458	325.7806	1.954866	0.4058544	0.9630845
7536	-2571.267	-2896.874	325.6065	1.960309	0.5009601	0.9630845
7542	-2565.368	-2891.131	325.7633	1.962288	0.4918149	0.7960653
7548	-2566.138	-2891.82	325.6823	1.961073	0.5435385	0.7943327
7554	-2562.664	-2888.35	325.6862	1.96931	0.4384188	0.9830396
7560	-2553.474	-2879.302	325.8281	1.964807	0.4441825	0.816099
7566	-2561.868	-2887.507	325.639	2.079115	0.4926147	0.8042477
7572	-2560.661	-2886.354	325.6928	2.042277	0.5034854	0.7555646
7578	-2572.644	-2898.176	325.5325	2.004614	0.5578526	0.8974747
7584	-2569.813	-2895.424	325.6105	1.951854	0.5578526	0.8683299
7590	-2564.047	-2889.665	325.6181	2.040026	0.4439349	0.9702089
7596	-2571.386	-2897.078	325.6926	2.021277	0.4265299	0.944964
7602	-2553.371	-2878.891	325.5202	1.805962	0.5814474	1.075657
7608	-2554.88	-2880.458	325.5781	1.867809	0.4641278	1.138408
7614	-2556.927	-2882.143	325.2159	1.798535	0.5911411	1.330784
7620	-2559.83	-2885.211	325.3814	1.804595	0.4568469	1.365756
7626	-2589.722	-2915.135	325.4127	1.826576	0.4568469	1.323334
7632	-2585.463	-2910.934	325.4709	1.775131	0.5228382	1.226626
7638	-2571.981	-2897.598	325.617	1.775131	0.4633672	1.186731
7644	-2575.661	-2901.146	325.4854	1.697129	0.5263186	1.274928
7650	-2555.73	-2881.201	325.4714	1.84113	0.4391487	1.28958
7656	-2559.924	-2885.356	325.432	1.797537	0.5204578	1.243726
7662	-2566.391	-2891.807	325.4163	1.6942	0.560136	1.290669
7668	-2558.559	-2883.974	325.4152	1.719701	0.4753634	1.380678
7674	-2553.369	-2878.633	325.2645	1.744956	0.6437688	1.273978
7680	-2555.796	-2881.164	325.3672	1.746514	0.485291	1.384032
7686	-2568.61	-2894.275	325.6654	1.828741	0.485291	1.060828
7692	-2594.155	-2919.281	325.1258	1.535363	0.5065439	1.693515
7698	-2585.18	-2910.118	324.9376	1.604401	0.4649589	1.825794
7704	-2587.354	-2912.684	325.3304	1.744027	0.5586714	1.321695
7710	-2574.777	-2900.271	325.4938	1.572509	0.4377189	1.484316
7716	-2549.786	-2875.111	325.3253	1.592949	0.5344737	1.472681
7722	-2569.929	-2895.542	325.6124	1.676692	0.3724405	1.409498
7728	-2558.411	-2883.893	325.4822	1.622623	0.4713209	1.409498
7734	-2560.651	-2886.174	325.5222	1.717489	0.3822131	1.432501
7740	-2581.43	-2906.305	324.8754	1.528514	0.4561795	1.930414
7746	-2563.266	-2888.371	325.105	1.534271	0.5655669	1.642751
7752	-2575.147	-2899.413	324.2659	1.464918	0.5190924	2.302026
7758	-2584.196	-2907.713	323.5172	1.251618	0.6115609	2.813041
7764	-2569.143	-2893.346	324.2025	1.374044	0.5395991	2.37935
7770	-2572.85	-2897.495	324.6447	1.346582	0.5357415	2.116512
7776	-2575.58	-2899.807	324.2277	1.435124	0.481404	2.384804
7782	-2576.907	-2902.081	325.174	1.485614	0.4533609	1.758379
7788	-2562.29	-2887.292	325.0017	1.50708	0.4295254	1.891857
7794	-2562.525	-2887.789	325.264	1.605431	0.4692616	1.588859
7800	-2565.123	-2889.928	324.8053	1.704302	0.734412	1.568061
7806	-2567.225	-2892.771	325.5455	1.761022	0.4675142	1.253166
7812	-2553.644	-2879.392	325.7472	1.767598	0.403479	1.175174
7818	-2555.362	-2880.762	325.4001	1.812442	0.5997601	1.154274
7824	-2554.461	-2879.934	325.4725	1.769923	0.5461897	1.198356
7830	-2551.074	-2876.428	325.3537	1.876755	0.5461897	1.208595
7836	-2564.797	-2890.162	325.3655	1.778013	0.554599	1.270599
7842	-2576.899	-2902.303	325.4041	1.838418	0.5377723	1.209519
7848	-2553.666	-2879.36	325.6939	1.790095	0.393639	1.217959
7854	-2554.861	-2880.399	325.5382	1.752123	0.4634694	1.272349
7860	-2561.454	-2886.718	325.2638	1.719697	0.5475158	1.407039
7866	-2568.879	-2894.113	325.2346	1.761296	0.5475158	1.397396
7872	-2552.517	-2877.891	325.3743	1.709951	0.4087007	1.511233
7878	-2558.653	-2883.471	324.8175	1.611778	0.5068729	1.854656
7884	-2580.498	-2905.614	325.1165	1.669136	0.7300236	1.362546
7890	-2569.736	-2895.205	325.4692	1.718397	0.3933056	1.455609
7896	-2574.129	-2899.4	325.2709	1.783263	0.5272695	1.376759
7902	-2572.9	-2898.08	325.1799	1.722489	0.6302689	1.375102
7908	-2575.364	-2901.075	325.7105	1.757366	0.3505643	1.303599
7914	-2574.148	-2899.624	325.4758	1.722888	0.5548403	1.224169
7920	-2582.016	-2907.336	325.3199	1.650658	0.5185107	1.452285
7926	-2590.956	-2916.029	325.0731	1.632081	0.605466	1.551806
7932	-2576.82	-2902.189	325.3685	1.745525	0.504261	1.358939
7938	-2575.412	-2900.652	325.2392	1.713698	0.6827019	1.277137
7944	-2579.208	-2904.494	325.2861	1.739017	0.4578067	1.488289
7950	-2562.654	-2888.104	325.4503	1.634506	0.4247499	1.488289
7956	-2578.71	-2903.969	325.2594	1.634506	0.5939265	1.422273
7962	-2565.892	-2890.661	324.7697	1.506158	0.5109738	1.954164
7968	-2569.192	-2893.995	324.803	1.380071	0.5199717	2.006439
7974	-2577.374	-2902.459	325.0856	1.630883	0.4900789	1.673578
7980	-2558.926	-2883.917	324.9911	1.523834	0.4078614	1.91511
7986	-2565.17	-2889.776	324.6057	1.493326	0.497498	2.0864
7992	-2586.4	-2911.675	325.2747	1.66584	0.5691699	1.414654
7998	-2584.397	-2909.559	325.1621	1.659269	0.5522462	1.524541
8004	-2565.315	-2890.92	325.6056	1.785674	0.4529035	1.203294
8010	-2557.617	-2883.275	325.6576	1.791051	0.5149459	1.05753
8016	-2563.962	-2889.449	325.4877	1.816125	0.5149459	1.188151
8022	-2549.104	-2874.92	325.8161	1.87184	0.4077612	1.007602
8028	-2548.159	-2873.829	325.6701	1.849828	0.4410763	1.10847
8034	-2555.816	-2881.426	325.6099	1.847233	0.440243	1.165857
8040	-2567.634	-2893.188	325.5537	1.821584	0.5046075	1.140332
8046	-2559.114	-2884.516	325.4016	1.771491	0.5046075	1.311283
8052	-2562.839	-2888.608	325.7693	1.821585	0.3665557	1.172545
8058	-2574.178	-2899.41	325.2316	1.821585	0.5871898	1.304266
8064	-2555.083	-2880.671	325.5875	2.087922	0.4560643	0.9290865
8070	-2563.736	-2889.362	325.6263	1.797532	0.4524156	1.175943
8076	-2560.321	-2885.822	325.501	1.799691	0.4323111	1.309284
8082	-2555.577	-2881.049	325.4724	1.930976	0.578646	1.005381
8088	-2566.626	-2892.183	325.5574	1.975688	0.4868787	1.020802
8094	-2586.131	-2911.719	325.5884	1.916234	0.4936505	1.037438
8100	-2571.484	-2897.027	325.5426	1.91549	0.4936505	1.081516
8106	-2572.898	-2898.483	325.5846	1.91786	0.5118283	1.010254
8112	-2584.441	-2909.939	325.4983	2.06661	0.5994202	0.7866373
8118	-2596.368	-2922.088	325.7198	2.085742	0.4287465	0.835548
8124	-2574.225	-2899.747	325.5221	2.043521	0.589521	0.8051694
8130	-2568.168	-2893.704	325.5362	1.966012	0.5495288	0.9494827
8136	-2568.092	-2893.633	325.5409	1.943926	0.5077103	1.034119
8142	-2568.678	-2894.226	325.5478	1.986813	0.5391124	0.9321501
8148	-2563.701	-2889.352	325.6513	2.054645	0.4374013	0.9321501
8154	-2554.913	-2880.3	325.3868	1.893075	0.526664	1.192609
8160	-2558.967	-2884.344	325.3769	1.756962	0.4757063	1.381015
8166	-2566.752	-2892.104	325.3523	1.834368	0.4850224	1.326605
8172	-2565.371	-2891.034	325.6639	1.875617	0.4328363	1.104283
8178	-2580.789	-2906.319	325.5307	2.027791	0.5130732	0.9510496
8184	-2583.411	-2909.04	325.6295	2.144851	0.4678429	0.7852429
8190	-2576.143	-2901.857	325.7144	2.038465	0.5206631	0.6800486
8196	-2577.257	-2902.783	325.5264	2.038465	0.623899	0.7354805
8202	-2573.733	-2899.55	325.8174	2.056945	0.4247074	0.7526759
8208	-2555.291	-2880.907	325.6158	2.056945	0.5435822	0.7526759
8214	-2555.841	-2881.503	325.6626	1.957834	0.540866	0.8296045
8220	-2559.326	-2885.166	325.8402	1.957834	0.4149568	0.8754561
8226	-2563.395	-2888.811	325.4166	1.944334	0.6071119	1.006077
8232	-2560.664	-2886.13	325.4655	1.99409	0.6355429	0.8555259
8238	-2568.195	-2893.554	325.3596	2.305408	0.6038002	0.5873587
8244	-2563.968	-2889.221	325.2537	2.459106	0.579807	0.4775539
8250	-2563.052	-2888.423	325.3712	2.460747	0.49978	0.4415389
8256	-2573.368	-2898.824	325.4562	2.324853	0.5344804	0.466884
8262	-2567.453	-2892.881	325.4275	2.372522	0.5235981	0.5183775
8268	-2556.553	-2882.235	325.6821	2.231777	0.4492833	0.5819921
8274	-2562.405	-2888.106	325.7013	2.231184	0.4389543	0.5819921
8280	-2566.432	-2892.146	325.7135	2.125867	0.4692655	0.6783424
8286	-2567.723	-2893.317	325.5941	1.97373	0.6337761	0.7079661
8292	-2554.08	-2879.744	325.6642	2.032831	0.5300259	0.7482413
8298	-2554.34	-2879.936	325.5959	2.08434	0.5415612	0.7461679
8304	-2560.599	-2886.305	325.7056	2.027997	0.4609398	0.8530408
8310	-2568.058	-2893.787	325.7289	2.038395	0.4530778	0.8285457
8316	-2570.141	-2895.558	325.4166	2.039556	0.6465225	0.8412449
8322	-2554.797	-2880.446	325.6489	2.035702	0.5096903	0.8112744
8328	-2552.902	-2878.753	325.8505	2.005575	0.3959754	0.8495983
8334	-2559.812	-2885.428	325.6167	1.908918	0.518555	0.9759842
8340	-2546.651	-2872.349	325.6982	1.861056	0.510997	0.9538029
8346	-2549.692	-2875.385	325.6927	2.102651	0.4298851	0.845632
8352	-2566.07	-2891.828	325.7586	1.86242	0.417212	1.055275
8358	-2575.591	-2901.214	325.623	1.926308	0.4886357	1.00178
8364	-2560.511	-2886.214	325.703	1.926308	0.4665744	0.958565
8370	-2569.628	-2895.29	325.6622	1.983247	0.4677358	0.9394445
8376	-2555.329	-2881.065	325.7357	1.987964	0.4120833	0.9630669
8382	-2551.199	-2876.696	325.4972	2.062203	0.5716423	0.8467472
8388	-2552.906	-2878.441	325.5351	2.014913	0.6046161	0.7966153
8394	-2552.677	-2878.301	325.6239	2.243044	0.4679528	0.6235451
8400	-2559.335	-2884.802	325.4667	2.243044	0.5652795	0.6228525
8406	-2556.33	-2881.904	325.5744	2.191097	0.5288809	0.624656
8412	-2568.786	-2894.313	325.5267	2.006298	0.5122447	0.9788565
8418	-2571.288	-2896.741	325.4536	1.859642	0.5902551	1.075599
8424	-2575.63	-2901.151	325.5202	2.034386	0.5895688	0.8194666
8430	-2566.506	-2891.907	325.4002	1.94864	0.6202147	0.9994453
8436	-2557.404	-2883.075	325.6705	1.926229	0.4726924	0.981368
8442	-2563.865	-2889.417	325.5525	1.961308	0.5041142	1.011587
8448	-2563.755	-2889.143	325.3875	1.848247	0.5678311	1.175416
8454	-2569.928	-2895.246	325.318	1.659284	0.6142518	1.333733
8460	-2568.46	-2893.781	325.3203	1.80601	0.4886504	1.369658
8466	-2576.026	-2901.338	325.3124	1.819691	0.4852509	1.369658
8472	-2569.565	-2895.064	325.499	1.688268	0.5005291	1.30522
8478	-2580.885	-2906.223	325.338	1.581104	0.5172564	1.492739
8484	-2585.937	-2911.707	325.7695	1.85431	0.3665863	1.143569
8490	-2562.984	-2888.493	325.5096	1.864901	0.5028856	1.143569
8496	-2561.859	-2887.456	325.5977	1.767102	0.43304	1.255683
8502	-2559.873	-2885.282	325.4093	1.768985	0.449386	1.382198
8508	-2570.796	-2895.806	325.0102	1.558035	0.5052361	1.760441
8514	-2566.712	-2891.972	325.2598	1.586518	0.5078624	1.558224
8520	-2573.949	-2899.484	325.5343	1.635661	0.4412227	1.400143
8526	-2567.265	-2892.638	325.3727	1.71338	0.5109797	1.372314
8532	-2569.857	-2894.935	325.0776	1.724675	0.6735599	1.406965
8538	-2566.597	-2892.02	325.4222	1.657974	0.5544172	1.322335
8544	-2550.235	-2875.539	325.3035	1.701581	0.4967637	1.453064
8550	-2558.971	-2884.68	325.7089	1.873965	0.4116807	1.100578
8556	-2565.701	-2891.335	325.6341	1.984152	0.4568204	0.9875581
8562	-2571.726	-2897.185	325.4582	1.830634	0.524603	1.187691
8568	-2553.28	-2878.883	325.6032	1.914637	0.4985469	1.016654
8574	-2564.653	-2890.202	325.5491	1.926765	0.4988038	1.056775
8580	-2548.797	-2874.164	325.3666	1.882259	0.6504292	1.055763
8586	-2555.002	-2880.666	325.665	1.92645	0.5039191	0.9319033
8592	-2575.529	-2901.216	325.687	1.906695	0.4699612	0.9891982
8598	-2563.394	-2888.948	325.5534	1.853656	0.5319417	1.071032
8604	-2578.702	-2903.795	325.0937	1.584424	0.4995845	1.689615
8610	-2573.667	-2899.443	325.7757	2.025463	0.4379353	0.8199006
8616	-2576.912	-2902.471	325.5593	1.999462	0.5014679	0.9705583
8622	-2580.036	-2905.498	325.4623	2.045142	0.6271592	0.8104105
8628	-2582.19	-2907.812	325.6213	1.989289	0.4645882	0.9815338
8634	-2604.088	-2928.8	324.7121	1.472734	0.4829301	2.045846
8640	-2578.285	-2903.129	324.844	1.543817	0.4320179	1.970354
8646	-2593.37	-2918.367	324.9972	1.585047	0.4002667	1.879322
8652	-2571.218	-2896.077	324.8591	1.513816	0.5227468	1.875573
8658	-2572.245	-2896.921	324.6763	1.487618	0.5215415	2.017508
8664	-2562.773	-2888.369	325.5956	2.040442	0.5782574	0.7277471
8670	-2561.871	-2887.733	325.8619	2.141164	0.38891	0.6459184
8676	-2557.126	-2882.822	325.6958	2.133414	0.4844949	0.6459184
8682	-2564.672	-2890.298	325.6265	2.201118	0.4636661	0.716209
8688	-2575.035	-2900.841	325.8057	2.188755	0.357459	0.7696181
8694	-2569.089	-2894.566	325.4778	2.119204	0.5857958	0.7696181
8700	-2571.504	-2897.243	325.7388	1.977542	0.4500302	0.8956075
8706	-2577.419	-2903.071	325.6521	1.934649	0.5105786	0.9251886
8712	-2558.809	-2884.192	325.3829	1.980773	0.6536391	0.9358514
8718	-2583.281	-2908.701	325.4193	1.835519	0.6997168	0.9853413
8724	-2588.06	-2913.525	325.4649	1.564337	0.4034216	1.559521
8730	-2568.767	-2894.221	325.4539	1.586883	0.4034216	1.550985
8736	-2569.675	-2895.345	325.6698	1.796387	0.4779203	1.098574
8742	-2562.106	-2887.716	325.6101	1.859328	0.4744481	1.101048
8748	-2557.505	-2883.388	325.8826	1.819071	0.3517503	1.101048
8754	-2578.448	-2903.824	325.3756	1.789803	0.6807017	1.095581
8760	-2572.233	-2897.841	325.6084	2.083552	0.5021518	0.8177623
8766	-2559.196	-2884.793	325.5978	2.083552	0.479639	0.8767366
8772	-2573.719	-2899.36	325.6409	1.992792	0.5104386	0.8724765
8778	-2556.44	-2881.995	325.5548	1.962216	0.5847245	0.8740754
8784	-2550.128	-2875.714	325.5859	2.025794	0.5350427	0.8516681
8790	-2568.162	-2893.743	325.5818	2.165626	0.4904659	0.7690268
8796	-2563.392	-2889.076	325.6845	2.174383	0.3965467	0.8447358
8802	-2572.245	-2898.008	325.7636	2.136158	0.3851925	0.8214575
8808	-2547.103	-2872.807	325.7041	2.04703	0.4303715	0.8964959
8814	-2565.277	-2891.022	325.7449	1.975151	0.4303715	0.9308493
8820	-2571.205	-2897.043	325.8374	1.982108	0.3724677	0.9435952
8826	-2557.435	-2883.068	325.6337	1.908549	0.4536283	1.067032
8832	-2557.809	-2883.484	325.6751	1.995579	0.4869964	0.8746598
8838	-2576.139	-2901.719	325.5807	1.926004	0.5740554	0.9040314
8844	-2551.315	-2877.179	325.8644	2.012842	0.3620054	0.9040314
8850	-2561.116	-2886.894	325.7783	1.940747	0.4699246	0.8517171
8856	-2548.463	-2874.072	325.6098	1.924337	0.4699246	1.047744
8862	-2545.691	-2871.458	325.7665	1.859832	0.4005183	1.080047
8868	-2553.873	-2879.479	325.6062	1.829374	0.3385704	1.350062
8874	-2556.803	-2882.288	325.4845	1.703731	0.3984304	1.447577
8880	-2556.822	-2882.268	325.4462	1.806329	0.4779931	1.282831
8886	-2554.958	-2880.497	325.5391	1.759237	0.5545379	1.138172
8892	-2559.011	-2884.343	325.3328	1.768842	0.5507857	1.309566
8898	-2562.666	-2888.251	325.5847	1.810777	0.5507857	1.054192
8904	-2561.894	-2887.195	325.3005	1.833649	0.5507857	1.283091
8910	-2566.237	-2891.538	325.3012	1.733423	0.551841	1.361838
8916	-2566.713	-2892.399	325.686	1.904867	0.3661119	1.173388
8922	-2569.672	-2895.18	325.5074	1.826438	0.5025052	1.179797
8928	-2574.044	-2899.543	325.4994	1.821364	0.5025052	1.191047
8934	-2559.586	-2885.16	325.5736	1.796419	0.4158607	1.277623
8940	-2551.3	-2876.856	325.5557	1.906232	0.4583164	1.133134
8946	-2542.324	-2868.043	325.7189	1.992747	0.4539709	0.8930915
8952	-2554.852	-2880.73	325.8788	1.898397	0.4185584	0.8917429
8958	-2553.851	-2879.606	325.755	1.805154	0.3604694	1.209815
8964	-2567.414	-2892.823	325.4094	1.717525	0.5281365	1.317796
8970	-2567.595	-2892.956	325.3612	1.70837	0.5214338	1.37198
8976	-2567.531	-2892.87	325.3391	1.794806	0.5355205	1.302721
8982	-2565.461	-2891.012	325.5509	1.845875	0.5051222	1.120297
8988	-2560.254	-2885.95	325.6962	2.025475	0.4451533	0.8994993
8994	-2550.379	-2876.164	325.7854	1.994954	0.395738	0.9362516
9000	-2557.828	-2883.31	325.4827	2.037128	0.5977611	0.8478781
9006	-2574.343	-2899.811	325.4681	2.115265	0.5977611	0.7640275
9012	-2566.9	-2892.501	325.6006	2.215568	0.4976521	0.6246696
9018	-2557.431	-2883.034	325.6027	2.205962	0.4976521	0.6426251
9024	-2575.023	-2900.474	325.4514	2.269532	0.5697794	0.5660575
9030	-2565.683	-2891.304	325.6202	2.198895	0.5072277	0.5660575
9036	-2558.255	-2883.932	325.6764	2.221866	0.461859	0.5545477
9042	-2566.705	-2892.381	325.6758	2.221866	0.4608016	0.5659303
9048	-2558.918	-2884.353	325.4349	2.275008	0.5705054	0.6006825
9054	-2561.951	-2887.236	325.2851	1.891956	0.6157886	1.165211
9060	-2557.381	-2882.594	325.2132	1.696657	0.6157886	1.385355
9066	-2562.687	-2887.978	325.2912	1.772295	0.6913486	1.174095
9072	-2557.322	-2882.445	325.1227	1.772295	0.6373245	1.3732
9078	-2584.542	-2909.988	325.446	1.818713	0.4511359	1.310993
9084	-2580.188	-2905.926	325.738	1.91141	0.4431068	0.9806043
9090	-2561.544	-2887.116	325.5713	1.970039	0.5116437	0.9713597
9096	-2562.085	-2887.685	325.6	1.970986	0.5116437	0.9403031
9102	-2557.885	-2883.677	325.7918	1.85492	0.443396	0.9828371
9108	-2558.915	-2884.702	325.7879	2.015754	0.443396	0.8038631
9114	-2572.685	-2898.19	325.5049	1.949751	0.6637745	0.8133287
9120	-2558.956	-2884.549	325.5936	1.985291	0.5757201	0.8146172
9126	-2578.556	-2904.243	325.6866	1.977924	0.4608783	0.931722
9132	-2584.994	-2910.487	325.4928	1.916439	0.621511	0.9349375
9138	-2575.254	-2900.756	325.5019	1.999024	0.5592206	0.9349375
9144	-2568.069	-2893.685	325.6162	1.98257	0.5169531	0.9004379
9150	-2563.403	-2889.036	325.6333	1.965479	0.5169531	0.9004379
9156	-2562.727	-2888.283	325.5561	1.960478	0.5695997	0.9004379
9162	-2568.607	-2894.413	325.8056	1.869759	0.4647742	0.9124529
9168	-2557.267	-2882.642	325.375	1.805555	0.5973797	1.185263
9174	-2548.25	-2873.919	325.6689	1.878853	0.5047616	0.9762715
9180	-2555.437	-2881.089	325.6522	1.997522	0.4453005	0.9762715
9186	-2556.546	-2882.136	325.5899	2.101579	0.5277884	0.7618236
9192	-2559.163	-2884.766	325.603	1.989956	0.597984	0.7494135
9198	-2545.713	-2871.238	325.5249	2.179065	0.5650135	0.6378335
9204	-2551.008	-2876.57	325.5617	2.151632	0.553323	0.6564873
9210	-2548.714	-2874.088	325.3748	2.248578	0.6230327	0.6271948
9216	-2563.293	-2888.889	325.5965	2.089839	0.569276	0.6620212
9222	-2567.284	-2892.796	325.5119	2.230928	0.54047	0.6353139
9228	-2557.895	-2883.209	325.3139	2.153272	0.7234122	0.6742411
9234	-2572.49	-2896.918	324.4276	1.353057	0.4746935	2.317262
9240	-2562.306	-2887.29	324.9848	1.443761	0.4223915	1.954921
9246	-2547.427	-2872.244	324.8167	1.560707	0.6039822	1.787497
9252	-2553.369	-2878.629	325.2597	1.617732	0.5356692	1.501999
9258	-2558.605	-2884.286	325.6813	1.737583	0.3668291	1.315944
9264	-2548.064	-2873.477	325.4127	1.737583	0.5640245	1.253005
9270	-2535.701	-2861.448	325.7465	1.845913	0.3660938	1.172015
9276	-2548.331	-2873.801	325.4704	1.738672	0.3998571	1.429496
9282	-2574.76	-2899.847	325.087	1.635383	0.5623637	1.586077
9288	-2553.994	-2879.199	325.2052	1.811163	0.5218498	1.412995
9294	-2559.886	-2885.261	325.375	1.757712	0.5888414	1.236668
9300	-2559.084	-2884.455	325.3705	1.720363	0.4854923	1.401557
9306	-2553.762	-2879.285	325.5232	1.710033	0.4599721	1.323799
9312	-2586.629	-2912.604	325.9752	2.096401	0.2975612	0.8420588
9318	-2572.031	-2898.005	325.9742	2.095059	0.3055148	0.8218066
9324	-2574.032	-2899.92	325.8882	1.852335	0.4334731	0.9020601
9330	-2566.629	-2892.332	325.7032	1.795712	0.4600545	1.096884
9336	-2561.005	-2886.458	325.4535	1.897722	0.5648061	1.075661
9342	-2550.107	-2875.669	325.562	1.950238	0.5398102	0.9548294
9348	-2556.452	-2882.066	325.6143	1.992614	0.5398102	0.8483844
9354	-2562.006	-2887.667	325.6608	1.806031	0.5398102	1.001313
9360	-2549.369	-2875.014	325.645	2.01323	0.5288257	0.8054192
9366	-2562.716	-2888.528	325.8127	1.982569	0.3874141	0.9376398
9372	-2553.34	-2878.925	325.5849	1.982519	0.5645674	0.849984
9378	-2557.359	-2883.162	325.8037	1.91751	0.3753439	1.037147
9384	-2558.582	-2884.17	325.588	2.096307	0.4827162	0.8670951
9390	-2566.644	-2892.237	325.5928	2.098798	0.5131069	0.7946692
9396	-2578.374	-2903.676	325.3022	2.057841	0.7389812	0.8092492
9402	-2569.165	-2894.791	325.6255	2.068127	0.4828278	0.855757
9408	-2566.779	-2892.297	325.5179	2.081144	0.504661	0.9223334
9414	-2576.028	-2901.549	325.5214	1.942924	0.4884913	1.083719
9420	-2576.119	-2901.39	325.2714	1.653891	0.6518653	1.333212
9426	-2573.364	-2898.848	325.4843	1.6797	0.4719426	1.362406
9432	-2569.459	-2894.83	325.3706	1.721293	0.3252596	1.630902
9438	-2558.399	-2883.847	325.4477	1.721293	0.5456872	1.260874
9444	-2556.917	-2882.268	325.3504	1.763056	0.5456872	1.306378
9450	-2550.541	-2875.776	325.2355	1.7041	0.4614821	1.54731
9456	-2557.424	-2882.924	325.4999	1.652073	0.4574297	1.391636
9462	-2564.78	-2890.062	325.2822	1.665784	0.5097563	1.480194
9468	-2569.374	-2894.574	325.2007	1.639943	0.5688969	1.491112
9474	-2575.599	-2901.017	325.4177	1.497827	0.4844476	1.535875
9480	-2562.76	-2887.828	325.0689	1.554513	0.5061936	1.720643
9486	-2575.117	-2900.085	324.968	1.408269	0.5177159	1.878834
9492	-2574.173	-2899.068	324.895	1.462981	0.4163381	2.009708
9498	-2572.081	-2897.314	325.233	1.563933	0.4447188	1.672314
9504	-2556.985	-2882.2	325.2146	1.582331	0.4447188	1.672314
9510	-2555.28	-2880.585	325.3052	1.679546	0.4447188	1.53583
9516	-2550.82	-2876.216	325.3957	1.672449	0.5025983	1.397037
9522	-2559.607	-2884.674	325.0665	1.63006	0.5025983	1.672998
9528	-2560.201	-2885.16	324.9581	1.537602	0.5025983	1.813796
9534	-2568.464	-2893.114	324.6496	1.447584	0.4172849	2.179807
9540	-2566.142	-2891.091	324.9491	1.701777	0.5519934	1.649354
9546	-2552.219	-2877.671	325.4525	1.686647	0.5644993	1.261694
9552	-2559.26	-2884.643	325.3831	1.61652	0.5364079	1.408003
9558	-2555.118	-2880.499	325.3804	1.614023	0.4082376	1.578272
9564	-2558.045	-2883.508	325.4628	1.611666	0.4332341	1.484298
9570	-2571.691	-2896.874	325.1832	1.574796	0.490922	1.642897
9576	-2576.307	-2901.467	325.1605	1.642633	0.490922	1.610328
9582	-2568.449	-2894.002	325.5528	1.730788	0.5149416	1.205523
9588	-2565.154	-2890.532	325.3778	1.698582	0.5603718	1.318031
9594	-2566.31	-2891.685	325.3751	1.731503	0.5603718	1.293596
9600	-2564.27	-2889.595	325.3249	1.664544	0.4689075	1.500604
9606	-2582.673	-2908.005	325.3324	1.65056	0.4045428	1.591838
9612	-2572.008	-2897.282	325.2731	1.650751	0.5874993	1.406418
9618	-2556.554	-2881.908	325.3534	1.697346	0.5058618	1.406418
9624	-2550.17	-2875.637	325.4674	1.82515	0.467427	1.264841
9630	-2555.224	-2880.869	325.6457	1.955654	0.5419322	0.8511277
9636	-2556.268	-2881.835	325.5668	1.955654	0.5419322	0.9404789
9642	-2560.965	-2886.632	325.6673	1.825625	0.5419322	0.9715157
9648	-2573.846	-2899.382	325.5356	1.875135	0.5255184	1.077192
9654	-2566.13	-2891.736	325.6062	1.840062	0.5556174	0.9973264
9660	-2568.063	-2893.838	325.7754	1.785369	0.4629762	1.033754
9666	-2573.022	-2898.42	325.3976	1.785369	0.6403598	1.129296
9672	-2565.011	-2890.65	325.6391	1.852543	0.5029288	1.035086
9678	-2574.138	-2900.022	325.884	2.000915	0.3744691	0.8660167
9684	-2566.291	-2892.122	325.8304	2.036162	0.3841655	0.8647163
9690	-2551.824	-2877.34	325.5159	1.998326	0.6199483	0.8147646
9696	-2572.259	-2897.658	325.3988	1.864729	0.4648174	1.292403
9702	-2560.089	-2885.456	325.3679	1.733822	0.3873474	1.528985
9708	-2578.496	-2903.601	325.1048	1.580813	0.561966	1.613276
9714	-2576.035	-2900.885	324.8498	1.625986	0.836558	1.502415
9720	-2573.438	-2898.52	325.0825	1.614606	0.4396704	1.749253
9726	-2552.889	-2878.078	325.1886	1.614246	0.4139274	1.708274
9732	-2564.73	-2890.227	325.4968	1.679656	0.4139274	1.433976
9738	-2565.412	-2890.512	325.1001	1.576343	0.5200475	1.66703
9744	-2563.323	-2888.38	325.0572	1.556213	0.590289	1.634799
9750	-2563.145	-2888.511	325.3661	1.714574	0.5614198	1.313305
9756	-2568.938	-2894.547	325.609	1.693553	0.4286009	1.313305
9762	-2570.248	-2895.598	325.3504	1.766022	0.5591621	1.28707
9768	-2562.41	-2887.295	324.8848	1.598121	0.6098002	1.707653
9774	-2572.69	-2897.228	324.5375	1.512467	0.7831707	1.850884
9780	-2571.289	-2896.045	324.7555	1.594379	0.7831707	1.640586
9786	-2555.118	-2880.271	325.1526	1.487364	0.5430292	1.66709
9792	-2551.929	-2876.421	324.4919	1.480171	0.5949973	2.070079
9798	-2555.342	-2880.698	325.3563	1.603364	0.424795	1.581033
9804	-2561.861	-2886.884	325.0234	1.575856	0.5295981	1.711069
9810	-2567.125	-2891.698	324.5733	1.384862	0.5919134	2.082197
9816	-2576.637	-2900.82	324.1828	1.439025	0.5140925	2.376423
9822	-2580.151	-2905.595	325.4433	1.637723	0.4218506	1.495172
9828	-2577.928	-2903.457	325.5283	1.691532	0.4409316	1.36144
9834	-2569.558	-2894.978	325.4202	1.644788	0.4350353	1.489
9840	-2563.263	-2888.699	325.4358	1.696803	0.5441812	1.292742
9846	-2566.183	-2891.521	325.338	1.677525	0.6274328	1.287739
9852	-2579.291	-2904.647	325.3568	1.629111	0.4302076	1.554434
9858	-2591.242	-2916.487	325.2449	1.644447	0.5904222	1.429733
9864	-2568.431	-2893.649	325.2175	1.510666	0.4798072	1.677617
9870	-2570.454	-2895.466	325.0123	1.59378	0.5554039	1.677617
9876	-2561.338	-2886.76	325.4224	1.647142	0.5315978	1.359207
9882	-2551.525	-2876.806	325.281	1.639355	0.4760284	1.542901
9888	-2550.477	-2875.656	325.1786	1.565338	0.453543	1.698822
9894	-2556.768	-2881.77	325.0019	1.52512	0.5757477	1.711805
9900	-2570.383	-2895.755	325.3722	1.661549	0.4883925	1.441896
9906	-2563.193	-2888.318	325.1258	1.604114	0.5652363	1.577381
9912	-2562.003	-2887.421	325.4177	1.688671	0.5269717	1.335762
9918	-2562.173	-2887.553	325.3802	1.715509	0.5063076	1.370697
9924	-2554.495	-2879.761	325.2654	1.523381	0.5063076	1.602243
9930	-2558.998	-2883.782	324.7845	1.521279	0.4607944	1.990848
9936	-2565.727	-2890.466	324.7396	1.464901	0.4662913	2.05173
9942	-2565.397	-2889.958	324.5606	1.516778	0.4908335	2.107867
9948	-2566.36	-2891.471	325.1108	1.624299	0.5175677	1.627838
9954	-2564.338	-2888.746	324.4079	1.315116	0.4578662	2.372457
9960	-2572.894	-2897.273	324.3793	1.401308	0.5591522	2.229744
9966	-2569.226	-2893.648	324.4221	1.345831	0.4191734	2.388373
9972	-2567.812	-2892.376	324.5642	1.355645	0.4447655	2.261787
9978	-2565.536	-2889.935	324.3988	1.348138	0.434085	2.384238
9984	-2570.99	-2895.564	324.5746	1.366674	0.4335835	2.261015
9990	-2563.917	-2887.783	323.8666	1.297207	0.4055869	2.778987
9996	-2561.101	-2885.747	324.6466	1.336357	0.4563407	2.207874
10002	-2552.787	-2877.57	324.7829	1.409007	0.5045227	2.017308
10008	-2551.763	-2876.58	324.8169	1.562261	0.4677481	1.933474
10014	-2544.006	-2869.186	325.1801	1.528248	0.5308936	1.631732
10020	-2556.839	-2882.189	325.3501	1.623103	0.4855374	1.491451
10026	-2552.999	-2878.112	325.1133	1.615843	0.4835792	1.672375
10032	-2556.997	-2881.782	324.7851	1.590274	0.6790786	1.716005
10038	-2556.749	-2881.785	325.0365	1.499058	0.4175707	1.888719
10044	-2567.054	-2891.973	324.9189	1.579916	0.413655	1.918593
10050	-2569.864	-2894.697	324.8332	1.521147	0.456568	1.963277
10056	-2568.367	-2892.926	324.5586	1.492645	0.5189607	2.094697
10062	-2571.163	-2896.552	325.3889	1.698583	0.3920416	1.532761
10068	-2578.7	-2904.046	325.3465	1.742468	0.5151555	1.36466
10074	-2547.119	-2872.377	325.2575	1.685592	0.439055	1.574066
10080	-2568.014	-2893.113	325.0993	1.521034	0.3812512	1.878739
10086	-2556.439	-2881.313	324.8741	1.496741	0.4653263	1.941906
10092	-2559.191	-2884.554	325.3622	1.740001	0.6024068	1.24565
10098	-2568.122	-2893.592	325.4707	1.855913	0.5149191	1.168437
10104	-2576.23	-2901.316	325.086	1.435126	0.5295256	1.765932
10110	-2574.484	-2899.7	325.2158	1.476176	0.4290481	1.766338
10116	-2583.246	-2908.173	324.9265	1.636711	0.7026565	1.558421
10122	-2566.199	-2891.79	325.5908	1.984709	0.5247633	0.9123869
10128	-2567.828	-2893.512	325.6843	1.956732	0.4848887	0.9123869
10134	-2564.053	-2889.341	325.2878	1.751036	0.4264264	1.520385
10140	-2576.959	-2902.358	325.3981	1.798409	0.5754712	1.199437
10146	-2574.7	-2899.894	325.1936	1.70907	0.3705051	1.697664
10152	-2567.011	-2892.256	325.2445	1.680302	0.4162755	1.617953
10158	-2574.296	-2899.662	325.3661	1.645494	0.4300619	1.535656
10164	-2568.514	-2893.287	324.7723	1.463721	0.4821673	2.012778
10170	-2567.904	-2892.919	325.0149	1.528567	0.4343275	1.862209
10176	-2562.097	-2887.302	325.2045	1.556991	0.4980584	1.631777
10182	-2560.405	-2885.391	324.9854	1.53368	0.6095769	1.682241
10188	-2555.191	-2880.388	325.197	1.615208	0.4659432	1.634489
10194	-2562.582	-2887.696	325.1146	1.598599	0.5254245	1.634489
10200	-2554.238	-2879.352	325.1138	1.563703	0.4463431	1.754599
10206	-2565.055	-2890.25	325.1943	1.563703	0.483139	1.652256
10212	-2564.115	-2889.114	324.9989	1.63616	0.5747874	1.635827
10218	-2566.913	-2892.112	325.1984	1.746288	0.5554594	1.427566
10224	-2559.765	-2885.022	325.2564	1.724818	0.4967901	1.471216
10230	-2558.834	-2884.222	325.3882	1.7291	0.4412586	1.44071
10236	-2560.635	-2885.823	325.1886	1.593515	0.3893432	1.75606
10242	-2567.019	-2892.246	325.2267	1.692833	0.4185114	1.61871
10248	-2563.092	-2888.418	325.3266	1.546265	0.342463	1.759702
10254	-2554.646	-2879.554	324.9077	1.536047	0.6090113	1.736061
10260	-2578.125	-2902.999	324.8735	1.478256	0.4464481	1.977079
10266	-2561.502	-2886.172	324.6702	1.488516	0.601271	1.939632
10272	-2556.323	-2881.46	325.1371	1.598045	0.4438448	1.717238
10278	-2570.895	-2896.564	325.6681	1.695365	0.4338233	1.255581
10284	-2560.061	-2885.719	325.6583	1.745884	0.4344969	1.220393
10290	-2550.22	-2875.675	325.4547	1.771799	0.4344969	1.365396
10296	-2569.322	-2894.959	325.6363	1.726198	0.485049	1.180203
10302	-2563.991	-2889.401	325.4106	1.756708	0.500463	1.321421
10308	-2564.32	-2889.639	325.3196	1.779564	0.4889122	1.390598
10314	-2549.029	-2874.796	325.7667	1.870483	0.41039	1.052121
10320	-2543.263	-2868.771	325.5088	1.996233	0.5753924	0.9035828
10326	-2555.05	-2880.669	325.6189	1.996233	0.526301	0.8641925
10332	-2565.663	-2891.235	325.5727	2.001376	0.5070894	0.9449256
10338	-2566.254	-2891.912	325.6576	2.001376	0.5398229	0.7809032
10344	-2553.152	-2878.755	325.6033	1.931394	0.5589271	0.8982573
10350	-2553.348	-2878.933	325.5852	1.955561	0.5589271	0.8914317
10356	-2550.345	-2875.725	325.3804	1.952744	0.7220552	0.8689049
10362	-2580.422	-2905.954	325.5325	1.784551	0.3978143	1.348217
10368	-2577.828	-2903.067	325.2384	1.832588	0.536185	1.3523
10374	-2567.373	-2892.665	325.2914	1.644062	0.4011929	1.630913
10380	-2568.877	-2894.125	325.2477	1.605043	0.4230835	1.660632
10386	-2575.927	-2901.624	325.6973	1.749883	0.3735183	1.2819
10392	-2584.935	-2910.21	325.2752	1.679505	0.3325408	1.717336
10398	-2582.806	-2907.903	325.097	1.598036	0.450256	1.737436
10404	-2581.587	-2906.268	324.6812	1.576137	0.5107531	1.966791
10410	-2577.259	-2902.987	325.728	1.803735	0.3843447	1.192771
10416	-2575.368	-2900.832	325.4641	1.845421	0.4334129	1.300553
10422	-2573.614	-2898.995	325.3806	1.756823	0.6250035	1.188284
10428	-2576.988	-2902.349	325.3614	1.873546	0.5843127	1.154547
10434	-2584.766	-2910.239	325.4731	1.690608	0.5652326	1.240245
10440	-2573.797	-2899.277	325.4798	1.831306	0.4972397	1.206814
10446	-2562.139	-2887.844	325.7052	1.945092	0.3712064	1.111252
10452	-2559.386	-2884.958	325.5726	1.970655	0.5092929	0.9733063
10458	-2561.452	-2887.068	325.6154	1.865363	0.4367069	1.150683
10464	-2562.328	-2888.007	325.6788	1.914966	0.4367069	1.046973
10470	-2566.398	-2892.021	325.6239	1.99905	0.4976496	0.9087087
10476	-2554.94	-2880.526	325.5859	1.932478	0.5779877	0.8840205
10482	-2557.937	-2883.627	325.6902	1.946584	0.4604436	0.9619737
10488	-2563.987	-2889.726	325.7386	2.05547	0.4826418	0.7179096
10494	-2560.83	-2886.495	325.6653	2.10936	0.5195304	0.6386137
10500	-2552.433	-2878.131	325.6977	2.149395	0.4269465	0.7856616
10506	-2552.59	-2878.182	325.5918	2.019323	0.5358512	0.8509173
10512	-2566.429	-2892.038	325.6095	1.984352	0.470489	0.9881315
10518	-2573.93	-2899.285	325.3556	1.933649	0.6489546	1.018694
10524	-2554.47	-2880.242	325.7719	1.965151	0.3929601	0.9869643
10530	-2560.038	-2885.705	325.6669	1.827969	0.4403477	1.132266
10536	-2562.506	-2888.248	325.7415	1.803392	0.3762166	1.195399
10542	-2567.936	-2893.227	325.2909	1.715969	0.5984004	1.328321
10548	-2579.821	-2905.041	325.2199	1.833451	0.6830803	1.192296
10554	-2570.99	-2896.109	325.1192	1.756562	0.6587104	1.365184
10560	-2566.731	-2892.128	325.3973	1.769286	0.5202672	1.29585
10566	-2585.444	-2910.612	325.1679	1.6566	0.4756102	1.613613
10572	-2560.254	-2885.414	325.1603	1.528424	0.4508217	1.741119
10578	-2563.608	-2888.916	325.3077	1.606175	0.5095013	1.50613
10584	-2550.211	-2875.371	325.1598	1.648908	0.5450612	1.54225
10590	-2557.866	-2883.238	325.3714	1.622062	0.4460031	1.527692
10596	-2558.455	-2883.883	325.4275	1.643612	0.4498003	1.464237
10602	-2554.232	-2879.537	325.3044	1.644894	0.4944148	1.498201
10608	-2553.73	-2879.067	325.3373	1.542751	0.4311106	1.630382
10614	-2555.173	-2880.504	325.3303	1.63899	0.5885181	1.369755
10620	-2548.143	-2873.682	325.5385	1.707965	0.4887468	1.272867
10626	-2546.491	-2872.094	325.6032	1.729366	0.5119134	1.167437
10632	-2551.96	-2877.661	325.7013	1.829452	0.399343	1.168227
10638	-2560.59	-2886.28	325.6892	1.761688	0.399343	1.236598
10644	-2561.906	-2887.252	325.3466	1.681317	0.4017993	1.562778
10650	-2554.265	-2879.657	325.3916	1.658177	0.3692815	1.593771
10656	-2551.288	-2876.743	325.455	1.657937	0.542274	1.311132
10662	-2547.994	-2873.491	325.4968	1.67545	0.4856081	1.337365
10668	-2554.574	-2879.943	325.3691	1.81945	0.5148399	1.285112
10674	-2556.795	-2882.285	325.4903	1.771165	0.4778153	1.275745
10680	-2551.25	-2876.717	325.4666	1.77461	0.4058581	1.395664
10686	-2559.098	-2884.706	325.6078	1.666535	0.3887651	1.395664
10692	-2550.306	-2875.682	325.3762	1.70288	0.4971067	1.395664
10698	-2558.448	-2883.864	325.4163	1.736708	0.4764515	1.364911
10704	-2567.845	-2892.684	324.8388	1.609098	0.6096069	1.732575
10710	-2550.981	-2876.206	325.2251	1.574691	0.3974681	1.732575
10716	-2547.907	-2873.04	325.1328	1.670011	0.5606828	1.528715
10722	-2551.277	-2876.365	325.088	1.632037	0.5601693	1.590244
10728	-2554.644	-2879.231	324.5873	1.611787	0.5250951	1.990309
10734	-2553.658	-2878.495	324.8373	1.574532	0.5530403	1.816289
10740	-2559.222	-2884.479	325.2565	1.717562	0.5931435	1.360554
10746	-2560.167	-2885.932	325.7646	1.810826	0.4207411	1.091774
10752	-2549.09	-2874.858	325.7679	1.794499	0.3441159	1.236925
10758	-2563.17	-2888.579	325.4094	1.928017	0.4609151	1.236925
10764	-2551.88	-2877.49	325.6101	1.82984	0.4314811	1.194641
10770	-2573.175	-2898.743	325.5681	1.881415	0.369845	1.286133
10776	-2571.712	-2897.401	325.6886	1.915412	0.4255904	1.056627
10782	-2558.814	-2884.366	325.5518	1.84575	0.4409464	1.216111
10788	-2563.899	-2889.594	325.6949	1.794046	0.4334717	1.148708
10794	-2558.663	-2883.982	325.3195	1.863034	0.4724583	1.347006
10800	-2558.651	-2883.923	325.272	1.81178	0.5367665	1.341429
10806	-2551.659	-2877.242	325.5826	1.810182	0.4331706	1.232044
10812	-2555.99	-2881.58	325.5904	1.846499	0.4903559	1.106085
10818	-2554.729	-2880.216	325.4867	1.865278	0.5428636	1.106085
10824	-2553.358	-2879.033	325.6749	1.923341	0.4130526	1.083999
10830	-2566.124	-2891.997	325.8723	1.880285	0.4140797	0.9283279
10836	-2569.097	-2894.753	325.6563	1.880549	0.5399641	0.9283279
10842	-2573.876	-2899.581	325.7051	1.878533	0.5399641	0.8759014
10848	-2564.789	-2890.433	325.6447	1.878533	0.4654736	1.065412
10854	-2566.781	-2892.604	325.8228	1.878533	0.4142758	0.981726
10860	-2580.606	-2906.225	325.619	1.921303	0.5060688	0.981726
10866	-2576.872	-2902.566	325.6937	1.922351	0.4613072	0.981726
10872	-2576.192	-2901.835	325.6434	1.915705	0.5142898	0.9483135
10878	-2575.904	-2901.599	325.6954	2.064548	0.4499602	0.8445078
10884	-2568.151	-2893.869	325.7173	2.06062	0.4436914	0.836145
10890	-2578.441	-2904.163	325.7221	2.054988	0.4080223	0.9141311
10896	-2574.751	-2900.535	325.7843	1.916288	0.456228	0.9011118
10902	-2567.809	-2893.391	325.5819	1.894138	0.5645431	0.9527829
10908	-2575.342	-2900.842	325.5002	2.06265	0.5493172	0.8830869
10914	-2575.767	-2901.406	325.6389	1.838111	0.5080052	1.041191
10920	-2556.84	-2882.446	325.6064	1.915651	0.4896882	1.027008
10926	-2558.172	-2883.598	325.4261	1.927026	0.5710728	1.06495
10932	-2570.116	-2895.356	325.24	1.793412	0.5791958	1.329792
10938	-2557.914	-2883.704	325.7908	1.898397	0.3811546	1.056577
10944	-2555.405	-2881.005	325.6003	1.784952	0.4809349	1.166459
10950	-2568.897	-2894.153	325.2559	1.739161	0.4976024	1.45966
10956	-2570.471	-2896.086	325.6146	1.717442	0.4257977	1.293546
10962	-2554.382	-2879.603	325.2212	1.618394	0.5514116	1.511929
10968	-2551.261	-2876.704	325.4431	1.741662	0.5505467	1.241478
10974	-2551.883	-2877.195	325.3121	1.64108	0.5252504	1.457263
10980	-2554.236	-2879.818	325.5815	1.783331	0.4450928	1.237462
10986	-2566.224	-2891.867	325.6433	1.760692	0.4706952	1.165313
10992	-2564.139	-2889.84	325.7008	1.82928	0.3875656	1.188711
10998	-2545.243	-2870.967	325.7246	1.85425	0.4499771	1.038372
11004	-2571.939	-2897.768	325.8292	1.842699	0.3708011	1.092214
11010	-2570.321	-2895.088	324.7665	1.518102	0.4902346	1.971252
11016	-2591.24	-2916.402	325.1616	1.718254	0.4656594	1.585794
11022	-2570.931	-2896.502	325.5708	1.801822	0.5021221	1.146277
11028	-2565.185	-2890.83	325.6451	1.781395	0.4702176	1.146277
11034	-2567.051	-2892.572	325.5208	1.80499	0.5391168	1.135053
11040	-2570.627	-2895.883	325.2566	1.620567	0.4928021	1.553846
11046	-2579.086	-2904.23	325.1435	1.552906	0.4683198	1.714148
11052	-2572.99	-2898.173	325.1822	1.646822	0.4903724	1.592173
11058	-2577.751	-2903.358	325.6064	1.676106	0.4554467	1.290308
11064	-2570.659	-2895.727	325.0681	1.603779	0.6702222	1.50964
11070	-2574.024	-2899.129	325.1044	1.636546	0.6303882	1.498802
11076	-2582.191	-2907.421	325.2298	1.618098	0.4835941	1.586687
11082	-2562.79	-2887.957	325.1672	1.576522	0.4496429	1.703871
11088	-2568.983	-2893.992	325.0088	1.646258	0.552599	1.645645
11094	-2573.774	-2898.916	325.1424	1.697826	0.550279	1.512757
11100	-2563.728	-2889.06	325.3325	1.710558	0.4977081	1.422797
11106	-2563.939	-2889.529	325.5902	1.799186	0.4799079	1.164339
11112	-2567.857	-2893.42	325.5629	1.813539	0.3875095	1.316756
11118	-2564.857	-2890.154	325.2974	1.735716	0.5456408	1.370547
11124	-2560.508	-2886.015	325.5067	1.798269	0.5177914	1.183183
11130	-2574.754	-2900.219	325.4656	1.815599	0.4506107	1.298334
11136	-2571.824	-2897.402	325.578	1.824353	0.4506107	1.197279
11142	-2559.801	-2885.518	325.7165	1.826013	0.3959491	1.163671
11148	-2566.083	-2891.595	325.5114	1.83546	0.555739	1.092548
11154	-2571.578	-2897.116	325.5377	2.031563	0.5860739	0.8070116
11160	-2571.41	-2896.827	325.4171	1.743985	0.555739	1.254599
11166	-2569.743	-2894.91	325.1674	1.92176	0.6432938	1.207751
11172	-2564.405	-2889.899	325.494	1.952035	0.628701	0.8827501
11178	-2587.302	-2912.874	325.5723	1.952035	0.4991108	1.009282
11184	-2574.952	-2900.568	325.6158	2.050931	0.5081147	0.8372003
11190	-2597.469	-2922.971	325.5018	2.026196	0.4789706	1.038799
11196	-2569.822	-2895.433	325.6116	1.888082	0.4574703	1.100265
11202	-2556.234	-2881.019	324.7842	1.553362	0.6663583	1.754543
11208	-2575.271	-2900.112	324.8405	1.495106	0.5471755	1.874769
11214	-2582.116	-2907.172	325.0565	1.506989	0.4637356	1.812447
11220	-2555.912	-2880.933	325.0205	1.49187	0.554862	1.744416
11226	-2570.716	-2895.802	325.086	1.554813	0.4282453	1.802927
11232	-2565.526	-2890.595	325.069	1.514611	0.506445	1.748295
11238	-2574.091	-2898.912	324.8206	1.538816	0.5038767	1.905569
11244	-2585.311	-2909.946	324.6351	1.488062	0.5803057	1.984174
11250	-2573.7	-2898.686	324.9861	1.592957	0.3989991	1.883134
11256	-2574.893	-2899.779	324.8863	1.564959	0.3989991	1.969465
11262	-2573.684	-2898.996	325.3121	1.685313	0.470734	1.492264
11268	-2570.43	-2895.772	325.3425	1.683713	0.5560186	1.363342
11274	-2579.875	-2905.348	325.4737	1.791491	0.6446046	1.047828
11280	-2571.036	-2896.489	325.4533	1.673596	0.393835	1.50074
11286	-2563.234	-2888.663	325.4285	1.561123	0.4687125	1.50074
11292	-2556.8	-2882.002	325.2022	1.695764	0.4687125	1.568687
11298	-2558.555	-2883.76	325.2043	1.533805	0.3947872	1.779342
11304	-2566.09	-2891.586	325.4953	1.867002	0.595884	1.02076
11310	-2557.429	-2882.284	324.8545	1.597616	0.4930898	1.854652
11316	-2550.254	-2875.354	325.0995	1.480987	0.4930898	1.765914
11322	-2552.863	-2877.912	325.0483	1.683835	0.46378	1.694431
11328	-2563.925	-2888.947	325.0218	1.657269	0.6389249	1.536068
11334	-2564.494	-2890.101	325.6072	1.760082	0.536947	1.100598
11340	-2574.96	-2900.324	325.3636	1.731494	0.536947	1.332164
11346	-2556.845	-2882.304	325.4597	1.809105	0.5681453	1.146016
11352	-2582.245	-2907.84	325.5948	1.835635	0.5298435	1.052106
11358	-2579.83	-2905.203	325.3725	1.821594	0.5879892	1.185456
11364	-2579.748	-2905.297	325.5489	2.003112	0.572143	0.8547858
11370	-2570.288	-2895.767	325.4791	2.003157	0.5712087	0.9355202
11376	-2578.926	-2904.403	325.4775	1.870421	0.5712087	1.069665
11382	-2580.564	-2906.172	325.6074	1.852237	0.5293839	1.024654
11388	-2576.426	-2902.023	325.5962	1.876254	0.5293839	1.012073
11394	-2588.201	-2913.85	325.649	1.895872	0.5180619	0.9568984
11400	-2581.284	-2906.977	325.6927	1.920802	0.5074568	0.9011866
11406	-2557.286	-2882.975	325.6886	1.808815	0.4783957	1.068752
11412	-2548.974	-2874.655	325.6804	1.808815	0.50123	1.04017
11418	-2564.555	-2890.064	325.5087	2.02058	0.50123	1.000856
11424	-2566.545	-2892.092	325.5472	1.875842	0.4423642	1.192137
11430	-2549.696	-2875.299	325.6031	1.73377	0.4900561	1.194985
11436	-2556.604	-2882.145	325.5415	1.867992	0.502935	1.112066
11442	-2544.582	-2870.162	325.5799	1.836995	0.5236694	1.074213
11448	-2548	-2873.541	325.5413	1.879546	0.5364786	1.051216
11454	-2548.264	-2873.709	325.4449	1.976195	0.5867574	0.9752857
11460	-2563.086	-2888.702	325.6159	1.967128	0.5867574	0.7872627
11466	-2565.316	-2890.889	325.5736	1.817581	0.5682635	1.032625
11472	-2563.529	-2888.892	325.3628	1.783809	0.6395591	1.162603
11478	-2568.867	-2894.319	325.452	1.757329	0.4546133	1.350387
11484	-2552.219	-2877.761	325.5419	1.75264	0.496336	1.222209
11490	-2571.88	-2896.945	325.0655	1.513517	0.5411805	1.712475
11496	-2560.758	-2885.709	324.9516	1.545026	0.5654691	1.744109
11502	-2563.627	-2889.045	325.4175	1.52651	0.5049034	1.489172
11508	-2568.665	-2893.677	325.0122	1.517382	0.534188	1.754885
11514	-2580.988	-2905.484	324.4957	1.469644	0.6107218	2.059455
11520	-2562.438	-2887.051	324.6132	1.469823	0.5558833	2.03546
11526	-2553.04	-2877.996	324.9554	1.524992	0.4378894	1.900753
11532	-2557.886	-2882.851	324.9645	1.515878	0.4378894	1.900753
11538	-2555.376	-2880.487	325.1112	1.585739	0.4378894	1.751622
11544	-2557.795	-2882.702	324.9072	1.61425	0.5742102	1.717397
11550	-2577.887	-2902.775	324.8874	1.61425	0.5896134	1.715194
11556	-2571.149	-2896.896	325.7471	1.885009	0.3828357	1.106594
11562	-2571.489	-2897.228	325.7391	1.767937	0.3507201	1.27136
11568	-2561.292	-2887.113	325.8214	1.857762	0.3192085	1.183789
11574	-2582.797	-2908.546	325.7489	1.913538	0.4526213	0.9494678
11580	-2572.191	-2897.976	325.7843	1.960051	0.3976345	0.9701866
11586	-2556.408	-2882.116	325.7074	1.950957	0.4202935	1.013544
11592	-2551.411	-2877.063	325.6516	1.855802	0.4490125	1.106963
11598	-2565.969	-2891.53	325.5604	1.918049	0.5103848	1.036101
11604	-2569.945	-2895.487	325.5426	1.939257	0.4614594	1.110179
11610	-2556.511	-2882.145	325.634	1.799328	0.5125433	1.07563
11616	-2557.437	-2883.011	325.5736	1.759144	0.5125433	1.166374
11622	-2568.92	-2894.387	325.4675	1.738725	0.5147295	1.270759
11628	-2564.63	-2889.893	325.2629	1.88582	0.6234102	1.180505
11634	-2570.403	-2896.021	325.618	1.663887	0.4660105	1.275697
11640	-2554.545	-2880.219	325.6748	1.751062	0.4467255	1.182938
11646	-2560.738	-2886.376	325.6375	1.775535	0.4945065	1.121434
11652	-2569.606	-2894.946	325.3398	1.743408	0.4933386	1.397326
11658	-2560.451	-2885.694	325.2426	1.661395	0.4933386	1.533386
11664	-2554.718	-2880.085	325.3669	1.685909	0.4813136	1.436454
11670	-2559.706	-2884.788	325.0822	1.584737	0.5698025	1.618203
11676	-2553.304	-2878.481	325.1772	1.584737	0.4819474	1.650897
11682	-2555.839	-2880.985	325.1454	1.630623	0.4399439	1.693306
11688	-2555.818	-2881.238	325.4205	1.619985	0.3772509	1.588812
11694	-2552.017	-2877.089	325.0716	1.599745	0.497136	1.697361
11700	-2565.097	-2890.149	325.0517	1.573334	0.497136	1.730034
11706	-2563.616	-2888.747	325.131	1.594377	0.6457672	1.494424
11712	-2583.707	-2909.401	325.694	1.772804	0.4132682	1.200588
11718	-2570.027	-2895.239	325.2118	1.706998	0.569981	1.430513
11724	-2573.351	-2898.75	325.399	1.691341	0.498342	1.385244
11730	-2565.014	-2890.439	325.425	1.701831	0.476682	1.385244
11736	-2565.193	-2890.67	325.4771	1.701831	0.445753	1.386742
11742	-2559.664	-2885.207	325.5431	1.753809	0.4877876	1.232244
11748	-2568.559	-2893.939	325.3797	1.908238	0.4931626	1.232244
11754	-2567.718	-2893.361	325.6425	1.858811	0.3763392	1.232244
11760	-2570.233	-2895.644	325.4107	1.646281	0.395106	1.550881
11766	-2563.258	-2888.564	325.3062	1.641327	0.5798713	1.396767
11772	-2559.408	-2884.733	325.3248	1.628618	0.4467941	1.556226
11778	-2572.934	-2898.177	325.2432	1.636363	0.3729999	1.710464
11784	-2572.346	-2897.797	325.4509	1.740266	0.4288359	1.401176
11790	-2586.399	-2911.708	325.3084	1.703313	0.3437222	1.659717
11796	-2577.472	-2902.825	325.3532	1.666393	0.4433995	1.511634
11802	-2579.424	-2904.659	325.2348	1.638106	0.4518145	1.608597
11808	-2566.958	-2892.577	325.6194	1.775913	0.4754336	1.165806
11814	-2584.665	-2910.076	325.4111	1.7763	0.4056295	1.437601
11820	-2573.457	-2899.036	325.5792	1.698131	0.457741	1.291247
11826	-2568.05	-2893.557	325.5069	1.770449	0.457741	1.291247
11832	-2563.377	-2888.826	325.4491	1.882105	0.4932418	1.195328
11838	-2563.553	-2889.012	325.4587	1.883815	0.5317421	1.130475
11844	-2583.702	-2909.061	325.3599	1.844529	0.5608219	1.211565
11850	-2570.601	-2896.13	325.5291	1.796965	0.5369611	1.137824
11856	-2559.58	-2885.139	325.5594	1.724205	0.4428345	1.307717
11862	-2563.198	-2888.841	325.6432	1.647042	0.4752291	1.255617
11868	-2565.807	-2891.269	325.4622	1.720907	0.5256324	1.27532
11874	-2561.608	-2887.23	325.6226	1.683567	0.4585034	1.266454
11880	-2562.439	-2887.836	325.3965	1.653133	0.5034345	1.410343
11886	-2587.547	-2913.027	325.4793	1.769111	0.6616364	1.041568
11892	-2580.243	-2905.644	325.4004	1.72948	0.450645	1.418128
11898	-2565.038	-2890.454	325.4157	1.806674	0.6140275	1.127288
11904	-2560.74	-2886.118	325.3783	1.949705	0.6439879	0.986836
11910	-2560.325	-2886.087	325.7621	1.870315	0.4043257	1.067543
11916	-2562.14	-2887.849	325.7086	2.021341	0.4043257	0.9718464
11922	-2555.355	-2880.981	325.6264	1.89737	0.4935732	1.018929
11928	-2556.546	-2882.062	325.5162	1.81066	0.5648698	1.098112
11934	-2562.76	-2888.247	325.4865	1.810974	0.5939747	1.085226
11940	-2556.694	-2882.315	325.6213	1.971597	0.4814468	0.9698832
11946	-2572.639	-2898.158	325.519	2.018161	0.5303307	0.9443499
11952	-2566.237	-2891.939	325.7019	1.907781	0.4609479	0.9888381
11958	-2580.665	-2906.336	325.671	2.028746	0.411417	0.9888381
11964	-2605.106	-2930.55	325.4443	1.907156	0.6258386	0.9888381
11970	-2581.582	-2907.215	325.633	1.93766	0.4854936	0.985627
11976	-2567.636	-2893.192	325.5559	1.912702	0.548669	0.985627
11982	-2556.302	-2881.682	325.3797	1.871388	0.5707157	1.158243
11988	-2560.972	-2886.678	325.7064	1.902993	0.4402416	1.025643
11994	-2552.285	-2877.683	325.3977	1.812931	0.6186061	1.131925
12000	-2553.353	-2878.987	325.6346	1.78901	0.4594462	1.165277
12006	-2571.178	-2896.914	325.7357	1.896615	0.400228	1.075055
12012	-2571.015	-2896.17	325.1552	1.775389	0.635174	1.347394
12018	-2578.951	-2904.015	325.0639	1.74126	0.7919139	1.285962
12024	-2593.673	-2918.935	325.2616	1.74894	0.6325279	1.285962
12030	-2597.636	-2922.909	325.2738	1.933189	0.5788938	1.186024
12036	-2584.01	-2909.529	325.5187	1.958935	0.6145954	0.8693051
12042	-2570.867	-2896.266	325.3994	1.979037	0.6145954	0.9776142
12048	-2578.657	-2904.238	325.5803	2.023768	0.4962734	0.9318995
12054	-2564.99	-2890.513	325.5238	1.875787	0.4978896	1.128511
12060	-2575.254	-2900.815	325.5617	1.872602	0.4514863	1.168266
12066	-2560.778	-2886.416	325.6384	1.868712	0.4117075	1.168266
12072	-2567.373	-2892.97	325.5968	1.827328	0.4672559	1.15284
12078	-2567.546	-2893.038	325.4917	1.846527	0.540448	1.122034
12084	-2565.944	-2891.413	325.4689	1.754761	0.6016365	1.142008
12090	-2545.675	-2871.296	325.6212	1.859838	0.4648211	1.105613
12096	-2565.662	-2891.293	325.6308	1.930635	0.4328069	1.084094
12102	-2570.916	-2896.495	325.5786	1.725536	0.3999825	1.355114
12108	-2574.287	-2899.36	325.0729	1.564947	0.3830081	1.864358
12114	-2573.974	-2898.939	324.965	1.460819	0.3917834	1.995819
12120	-2566.612	-2891.595	324.9828	1.517805	0.4740961	1.843396
12126	-2558.822	-2883.744	324.9224	1.542149	0.471503	1.871124
12132	-2562.906	-2888.013	325.1069	1.623819	0.5426319	1.602195
12138	-2559.662	-2885.058	325.3962	1.803142	0.4826107	1.319673
12144	-2580.159	-2905.218	325.0597	1.648418	0.5028997	1.664371
12150	-2563.184	-2888.616	325.4323	1.597902	0.3548732	1.629476
12156	-2567.546	-2892.597	325.0511	1.536666	0.4602037	1.799928
12162	-2576.649	-2901.358	324.709	1.521628	0.4602037	2.0415
12168	-2567.365	-2892.179	324.8145	1.616162	0.5450393	1.811787
12174	-2580.249	-2905.777	325.5284	1.719623	0.4782341	1.286185
12180	-2592.542	-2917.576	325.0341	1.639391	0.6462967	1.532674
12186	-2602.755	-2927.682	324.927	1.570783	0.6462967	1.660602
12192	-2578.041	-2903.703	325.6616	1.874703	0.4375399	1.099346
12198	-2590.037	-2915.697	325.6594	1.958063	0.4783632	0.9497291
12204	-2576.128	-2901.737	325.6093	1.936609	0.4783632	1.022332
12210	-2563.805	-2889.523	325.7178	1.981349	0.4557763	0.9035143
12216	-2569.538	-2895.151	325.6135	2.000029	0.530509	0.8580829
12222	-2575.891	-2901.576	325.6847	1.892785	0.5023777	0.9494926
12228	-2563.946	-2889.557	325.6119	1.880353	0.5494492	0.9599955
12234	-2553.648	-2879.314	325.6662	1.87221	0.4913797	1.008082
12240	-2565.682	-2891.314	325.6322	1.880597	0.4913797	1.033189
12246	-2548.742	-2874.287	325.5456	1.927031	0.5158148	1.033189
12252	-2559.285	-2884.614	325.3297	1.796987	0.5271815	1.319234
12258	-2569.533	-2895.077	325.5434	1.822591	0.4879727	1.172871
12264	-2562.88	-2888.267	325.3864	1.71683	0.4810079	1.397843
12270	-2580.24	-2905.271	325.031	1.597391	0.5314824	1.688321
12276	-2574.408	-2899.58	325.1713	1.528485	0.4703934	1.709259
12282	-2575.236	-2900.108	324.8721	1.568423	0.6381852	1.709259
12288	-2572.493	-2897.169	324.6763	1.444177	0.4754499	2.096713
12294	-2563.214	-2887.865	324.6509	1.398535	0.4745952	2.144167
12300	-2569.229	-2894.506	325.2769	1.787228	0.4756311	1.435205
12306	-2561.117	-2886.351	325.2345	1.72802	0.6296746	1.32808
12312	-2565.762	-2891.294	325.532	1.822226	0.533173	1.117935
12318	-2567.442	-2892.881	325.4397	1.837493	0.5237512	1.198848
12324	-2561.885	-2886.922	325.0369	1.683332	0.5582166	1.59225
12330	-2553.487	-2879.037	325.55	1.658405	0.4174182	1.40424
12336	-2556.928	-2882.211	325.2833	1.658664	0.4174182	1.603955
12342	-2542.187	-2867.608	325.4211	1.685779	0.4915493	1.38115
12348	-2547.5	-2872.719	325.2184	1.760376	0.5283248	1.433994
12354	-2554.592	-2879.313	324.7204	1.543889	0.6601101	1.811305
12360	-2565.67	-2890.981	325.3113	1.693023	0.6399869	1.282479
12366	-2560.573	-2886.217	325.6436	1.750285	0.4122324	1.26356
12372	-2584.636	-2910.243	325.6074	1.733936	0.4611997	1.233211
12378	-2569.892	-2895.229	325.3368	1.714057	0.5561575	1.343638
12384	-2567.779	-2892.941	325.1617	1.551044	0.5561575	1.600043
12390	-2559.317	-2884.508	325.1913	1.604108	0.5561575	1.539376
12396	-2557.176	-2882.611	325.4354	1.642222	0.4726123	1.428824
12402	-2572.887	-2898.523	325.6361	1.741847	0.4434663	1.228885
12408	-2573.15	-2898.743	325.5925	1.661648	0.3604998	1.455055
12414	-2570.816	-2896.216	325.4003	1.767686	0.4494139	1.390212
12420	-2565.255	-2890.739	325.4848	1.767686	0.5054087	1.244929
12426	-2581.514	-2907.084	325.5705	1.842907	0.5054087	1.104754
12432	-2580.339	-2905.765	325.4256	1.882195	0.6007286	1.066338
12438	-2572.715	-2898.492	325.7769	1.946108	0.4367433	0.9148347
12444	-2563.663	-2889.12	325.457	1.852066	0.5998659	1.066362
12450	-2564.799	-2889.916	325.1167	1.789748	0.7298427	1.265198
12456	-2561.661	-2886.985	325.3247	1.82913	0.7298427	1.046777
12462	-2558.144	-2883.702	325.5584	1.803809	0.5577496	1.075418
12468	-2581.904	-2907.339	325.4357	1.839927	0.6477161	1.033672
12474	-2582.2	-2907.915	325.7151	1.839927	0.3756151	1.187735
12480	-2566.641	-2892.041	325.4003	1.747029	0.5608347	1.259538
12486	-2563.832	-2889.393	325.5615	1.717545	0.4623173	1.283324
12492	-2571.623	-2897.303	325.6802	1.762222	0.4276038	1.198547
12498	-2563.514	-2888.955	325.4409	1.873585	0.583644	1.083521
12504	-2575.432	-2901.068	325.6356	1.896569	0.5133849	0.9778189
12510	-2565.018	-2890.672	325.6544	1.909604	0.5035824	0.9615435
12516	-2563.643	-2889.134	325.4914	1.818077	0.5017041	1.201866
12522	-2565.946	-2891.499	325.553	1.740076	0.390216	1.378811
12528	-2563.922	-2889.398	325.4767	1.718689	0.4422654	1.378811
12534	-2566.005	-2891.383	325.3781	1.602318	0.4125956	1.582537
12540	-2571.364	-2896.362	324.998	1.582729	0.4636163	1.80067
12546	-2583.798	-2908.95	325.1521	1.545595	0.4636163	1.719014
12552	-2576.549	-2901.723	325.1735	1.482117	0.4882013	1.719014
12558	-2578.998	-2904.137	325.1389	1.450011	0.3598356	1.929458
12564	-2564.249	-2888.68	324.4311	1.442189	0.591333	2.138391
12570	-2557.679	-2882.848	325.1689	1.475479	0.3758915	1.869593
12576	-2582.002	-2906.653	324.6509	1.550546	0.5706468	1.941317
12582	-2581.481	-2906.499	325.0177	1.59143	0.4229921	1.831458
12588	-2578.624	-2903.422	324.7978	1.414699	0.4865858	2.023457
12594	-2575.589	-2900.068	324.4793	1.330118	0.5102755	2.260832
12600	-2578.337	-2903.685	325.3478	1.611567	0.5185337	1.460765
12606	-2566.948	-2892.22	325.2723	1.696569	0.5380314	1.429778
12612	-2566.558	-2891.988	325.4304	1.727361	0.4642676	1.377756
12618	-2576.396	-2901.743	325.3469	1.708336	0.435866	1.495182
12624	-2550.739	-2876.092	325.3521	1.708336	0.5251803	1.374465
12630	-2559.715	-2884.982	325.2676	1.623471	0.5737881	1.447319
12636	-2570.963	-2896.459	325.4968	1.7269	0.3787909	1.449927
12642	-2562.379	-2887.647	325.2677	1.638927	0.3787909	1.683052
12648	-2579.127	-2904.298	325.1714	1.718562	0.3818962	1.69044
12654	-2575.614	-2900.835	325.2214	1.608412	0.590135	1.475454
12660	-2573.253	-2898.576	325.3226	1.65464	0.4725014	1.50507
12666	-2581.28	-2906.173	324.8933	1.533401	0.595361	1.761853
12672	-2566.891	-2891.786	324.8944	1.592084	0.4741317	1.853049
12678	-2557.427	-2882.455	325.0277	1.561021	0.5646912	1.679915
12684	-2550.257	-2875.452	325.1955	1.599179	0.4544064	1.661594
12690	-2554.939	-2880.324	325.3851	1.606354	0.490535	1.471304
12696	-2554.469	-2879.667	325.1982	1.633904	0.550517	1.518577
12702	-2566.56	-2891.922	325.3628	1.709531	0.5437873	1.341774
12708	-2569.335	-2894.769	325.4334	1.789922	0.452856	1.341774
12714	-2571.703	-2897.04	325.3365	1.761437	0.4892463	1.39115
12720	-2569.126	-2894.764	325.6381	1.672391	0.4089052	1.336515
12726	-2570.51	-2895.771	325.2613	1.595542	0.4551726	1.615906
12732	-2560.066	-2885.386	325.32	1.564102	0.5379743	1.494299
12738	-2558.54	-2883.749	325.209	1.682059	0.4966619	1.53885
12744	-2547.134	-2872.6	325.4656	1.845701	0.4550672	1.267272
12750	-2553.772	-2878.634	324.8619	1.574055	0.692675	1.660213
12756	-2555.216	-2880.272	325.0554	1.55654	0.6472929	1.577022
12762	-2566.312	-2891.271	324.9591	1.622916	0.5963343	1.651027
12768	-2576.533	-2901.48	324.9479	1.586067	0.4256008	1.879615
12774	-2568.709	-2893.2	324.4909	1.393268	0.4827218	2.242231
12780	-2570.101	-2894.548	324.4474	1.37805	0.6106438	2.151243
12786	-2571.839	-2896.481	324.6417	1.399105	0.4732729	2.151243
12792	-2579.447	-2904.204	324.7571	1.431542	0.5445613	1.976795
12798	-2579.673	-2904.475	324.802	1.440647	0.5106278	1.976795
12804	-2576.169	-2900.127	323.9585	1.31504	0.5518683	2.557448
12810	-2560.911	-2885.251	324.3396	1.299034	0.5739114	2.306442
12816	-2586.964	-2911.109	324.1456	1.410429	0.563231	2.369296
12822	-2567.415	-2892.772	325.3572	1.532769	0.3985732	1.667209
12828	-2575.309	-2900.615	325.3062	1.648462	0.3768629	1.651448
12834	-2567.023	-2892.122	325.0992	1.626981	0.6077047	1.533892
12840	-2568.604	-2893.902	325.2979	1.685687	0.5715185	1.378367
12846	-2556.498	-2881.936	325.4374	1.696734	0.5306684	1.308721
12852	-2566.752	-2891.905	325.1531	1.664359	0.6534514	1.416289
12858	-2570.148	-2895.524	325.3757	1.672281	0.499815	1.416289
12864	-2554.623	-2880.012	325.3882	1.713071	0.5010557	1.37314
12870	-2568.751	-2894.203	325.4523	1.749612	0.4832205	1.316786
12876	-2564.125	-2889.368	325.2425	1.758574	0.6797719	1.240462
12882	-2566.121	-2891.762	325.641	1.815275	0.5060235	1.064007
12888	-2573.843	-2899.372	325.5288	1.725328	0.4460946	1.326702
12894	-2571.639	-2896.805	325.1657	1.6289	0.3979988	1.73552
12900	-2559.897	-2885.501	325.6038	1.769291	0.3840644	1.324895
12906	-2555.752	-2881.605	325.8527	1.854027	0.3303188	1.137944
12912	-2566.482	-2892.155	325.673	1.739466	0.4468222	1.194371
12918	-2548.991	-2874.473	325.4819	1.81391	0.5026547	1.212225
12924	-2540.695	-2866.294	325.5987	1.726048	0.4852927	1.212225
12930	-2557.183	-2882.82	325.6368	2.008977	0.4701188	0.9346414
12936	-2572.602	-2898.119	325.517	1.872776	0.4376533	1.227759
12942	-2585.946	-2911.297	325.3507	1.860148	0.6028297	1.151915
12948	-2572.533	-2898.299	325.7664	1.869247	0.3970396	1.077658
12954	-2556.184	-2881.755	325.5709	1.859542	0.5129437	1.077658
12960	-2558.819	-2884.486	325.6665	1.816075	0.4739449	1.089727
12966	-2561.355	-2886.823	325.4685	1.753912	0.5458034	1.215976
12972	-2554.541	-2880.277	325.7359	1.924313	0.3669517	1.110152
12978	-2560.401	-2885.886	325.4851	1.828324	0.4715646	1.241592
12984	-2559.265	-2884.8	325.5346	1.937207	0.5012928	1.056666
12990	-2556.363	-2882.042	325.6789	1.981019	0.4576732	0.9427566
12996	-2558.382	-2883.885	325.5035	2.05299	0.4863694	0.9984516
13002	-2564.873	-2890.383	325.5103	1.798491	0.5511105	1.13359
13008	-2575.944	-2901.67	325.7253	1.798491	0.3756704	1.214378
13014	-2565.952	-2891.229	325.2767	1.807384	0.5758287	1.292898
13020	-2569.786	-2895.252	325.4659	1.858042	0.5080819	1.18042
13026	-2552.712	-2877.896	325.1839	1.56654	0.5517249	1.577484
13032	-2564.57	-2888.941	324.3714	1.377659	0.4458828	2.36941
13038	-2553.66	-2878.187	324.5268	1.398312	0.466311	2.233959
13044	-2567.811	-2891.908	324.0967	1.406299	0.4439806	2.526175
13050	-2561.782	-2886.547	324.7651	1.471466	0.3931421	2.119072
13056	-2559.7	-2884.464	324.7639	1.379672	0.4428485	2.119072
13062	-2551.501	-2876.753	325.252	1.518192	0.4950584	1.62911
13068	-2552.55	-2877.773	325.2234	1.826465	0.541169	1.362868
13074	-2569.718	-2895.083	325.3648	1.896163	0.6365704	1.062443
13080	-2570.902	-2896.321	325.4194	1.882607	0.6311384	1.030365
13086	-2562.643	-2888.316	325.6728	1.882607	0.4680654	1.030365
13092	-2568.341	-2893.864	325.5225	1.854681	0.4553286	1.211627
13098	-2557.9	-2883.274	325.3734	1.85622	0.6244774	1.107235
13104	-2573.034	-2898.539	325.5041	1.822706	0.5309301	1.145654
13110	-2578.457	-2903.906	325.449	1.695855	0.6153671	1.19369
13116	-2581.951	-2907.252	325.301	1.7743	0.5891499	1.28387
13122	-2584.215	-2909.541	325.3264	1.821086	0.6143644	1.192623
13128	-2568.579	-2894.018	325.4382	1.773282	0.5707846	1.192623
13134	-2576.052	-2901.514	325.4614	1.659486	0.5066058	1.350467
13140	-2565.019	-2890.472	325.4536	1.897011	0.6722923	0.9227281
13146	-2567.899	-2893.345	325.4453	1.842945	0.6150455	1.06538
13152	-2567.62	-2892.631	325.0115	1.885988	0.9053788	1.095453
13158	-2566.638	-2892.028	325.3904	1.706665	0.5756538	1.282482
13164	-2585.24	-2910.896	325.6564	1.734462	0.4925007	1.144301
13170	-2582.88	-2908.219	325.3392	1.615509	0.6286919	1.335454
13176	-2575.993	-2901.13	325.1371	1.576241	0.6019874	1.54949
13182	-2559.102	-2883.838	324.7356	1.48664	0.675146	1.826391
13188	-2545.236	-2870.188	324.9522	1.555295	0.5980139	1.70235
13194	-2549.102	-2874.478	325.3756	1.611958	0.514469	1.444287
13200	-2562.376	-2887.847	325.4706	1.680587	0.4568081	1.393128
13206	-2562.889	-2888.098	325.2085	1.725389	0.6677092	1.309033
13212	-2571.841	-2897.189	325.3476	1.82621	0.5058228	1.309033
13218	-2567.564	-2893.032	325.4687	1.674826	0.5166001	1.319308
13224	-2577.217	-2902.411	325.1938	1.817512	0.6841511	1.22691
13230	-2569.073	-2894.551	325.4773	1.767909	0.4731208	1.295653
13236	-2580.992	-2906.474	325.4824	1.767909	0.4701506	1.295653
13242	-2570.073	-2895.762	325.6896	1.872855	0.4054674	1.129769
13248	-2555.226	-2880.552	325.3262	1.872855	0.5072599	1.286593
13254	-2562.864	-2887.917	325.0525	1.635069	0.5691485	1.603991
13260	-2569.369	-2894.541	325.1717	1.659818	0.3714643	1.746456
13266	-2578.807	-2903.49	324.6825	1.551671	0.6245126	1.865862
13272	-2573.579	-2898.007	324.4278	1.476295	0.648846	2.064551
13278	-2576.31	-2900.914	324.6048	1.39264	0.6009046	2.047645
13284	-2574.111	-2898.881	324.77	1.489066	0.5596957	1.913687
13290	-2553.435	-2878.381	324.9452	1.515907	0.4580881	1.889378
13296	-2557.87	-2882.845	324.975	1.582692	0.4989102	1.775057
13302	-2581.242	-2906.278	325.0355	1.59244	0.5616977	1.655113
13308	-2571.381	-2896.723	325.3414	1.565419	0.4576257	1.57633
13314	-2566.645	-2891.973	325.3282	1.503193	0.5019386	1.57633
13320	-2563.508	-2888.778	325.2695	1.642903	0.4196577	1.62233
13326	-2556.143	-2881.318	325.1746	1.632917	0.524476	1.567032
13332	-2570.188	-2895.361	325.1726	1.634882	0.524476	1.567032
13338	-2564.667	-2889.748	325.0817	1.516004	0.4968959	1.749477
13344	-2565.222	-2889.736	324.5145	1.463221	0.7043738	1.966333
13350	-2566.691	-2891.054	324.3631	1.414005	0.5752727	2.216263
13356	-2559.927	-2883.94	324.0128	1.390129	0.6251872	2.408709
13362	-2583.835	-2908.208	324.3733	1.225103	0.590419	2.31646
13368	-2580.996	-2905.299	324.3034	1.348198	0.5550595	2.31646
13374	-2570.217	-2894.747	324.5305	1.420295	0.5243597	2.154754
13380	-2571.54	-2896.158	324.6184	1.485689	0.4344213	2.154754
13386	-2570.992	-2896.353	325.3609	1.607226	0.4635846	1.523423
13392	-2566.084	-2891.328	325.2436	1.678633	0.490408	1.523423
13398	-2580.551	-2905.579	325.0282	1.729665	0.5697158	1.55185
13404	-2572.216	-2897.383	325.167	1.666939	0.5891966	1.473403
13410	-2560.418	-2885.183	324.7649	1.647316	0.7468444	1.627604
13416	-2564.031	-2889.342	325.311	1.616213	0.4622149	1.555511
13422	-2566.132	-2891.054	324.9218	1.647725	0.5826476	1.674358
13428	-2562.752	-2888.197	325.4457	1.725231	0.4930199	1.328431
13434	-2562.882	-2888.07	325.1879	1.755003	0.5830457	1.396706
13440	-2568.541	-2893.865	325.3234	1.633689	0.5982964	1.368006
13446	-2563.85	-2889.356	325.5065	1.731554	0.4239344	1.371547
13452	-2573.251	-2898.814	325.5632	1.749982	0.4879595	1.218255
13458	-2561.511	-2886.648	325.1368	1.688732	0.5411388	1.53433
13464	-2561.252	-2886.253	325.0007	1.676683	0.5562612	1.625551
13470	-2565.918	-2890.794	324.8762	1.618011	0.5944878	1.715373
13476	-2565.073	-2889.57	324.4971	1.458465	0.516077	2.160316
13482	-2583.015	-2908.4	325.3854	1.635788	0.4350806	1.521715
13488	-2595.074	-2920.271	325.197	1.653895	0.5252004	1.534177
13494	-2573.446	-2898.617	325.1716	1.58002	0.5118116	1.622617
13500	-2569.839	-2894.75	324.9116	1.429592	0.412416	2.025745
13506	-2567.937	-2892.647	324.7104	1.534366	0.4580243	2.034652
13512	-2563.687	-2888.517	324.8298	1.505844	0.4580243	1.974114
13518	-2568.488	-2893.748	325.2605	1.588473	0.5393985	1.518877
13524	-2565.004	-2889.967	324.9631	1.659007	0.5511943	1.670779
13530	-2560.778	-2885.502	324.7244	1.480392	0.5342801	1.976753
13536	-2560.064	-2884.228	324.1638	1.378019	0.4678663	2.475619
13542	-2551.918	-2876.183	324.2646	1.331302	0.6035056	2.305907
13548	-2564.009	-2888.511	324.5012	1.455995	0.5362826	2.138223
13554	-2575.586	-2900.552	324.9668	1.491013	0.5412506	1.797107
13560	-2570.392	-2895.624	325.2315	1.488848	0.4210807	1.756838
13566	-2575.639	-2900.939	325.2997	1.700276	0.4283466	1.546543
13572	-2565.524	-2890.358	324.8333	1.455633	0.5909319	1.861545
13578	-2564.652	-2889.431	324.779	1.497832	0.6054832	1.855294
13584	-2555.22	-2880.702	325.4818	1.603833	0.3898033	1.537376
13590	-2572.176	-2897.349	325.172	1.478796	0.5480709	1.653719
13596	-2552.55	-2877.397	324.8472	1.576398	0.5480709	1.813453
13602	-2548.269	-2873.287	325.0182	1.520596	0.6595983	1.617968
13608	-2554.437	-2879.757	325.3202	1.562467	0.5707086	1.457267
13614	-2546.514	-2871.639	325.1249	1.690772	0.6164197	1.457267
13620	-2560.441	-2885.762	325.3219	1.712085	0.3600419	1.619002
13626	-2566.863	-2891.979	325.1159	1.6661	0.5224051	1.588117
13632	-2563.115	-2888.555	325.44	1.651804	0.4927226	1.391389
13638	-2576.156	-2901.588	325.432	1.695024	0.6210059	1.202059
13644	-2572.307	-2897.812	325.5053	1.620412	0.5731706	1.261979
13650	-2560.564	-2886.081	325.5173	1.81852	0.6164211	1.017658
13656	-2591.032	-2916.421	325.3893	1.944413	0.5233781	1.150207
13662	-2566.416	-2892.023	325.6074	1.864923	0.5303919	1.010567
13668	-2568.049	-2893.703	325.6535	2.040112	0.5483911	0.7077396
13674	-2577.344	-2902.684	325.3406	2.118033	0.7504993	0.6178112
13680	-2552.642	-2877.972	325.3305	2.188832	0.7004686	0.6249422
13686	-2569.65	-2895.406	325.7563	2.196682	0.4143359	0.6486261
13692	-2561.735	-2887.245	325.51	2.453528	0.4277842	0.4739076
13698	-2568.706	-2893.927	325.2212	2.340371	0.6844452	0.4488909
13704	-2573.308	-2899.033	325.7252	2.307219	0.3795777	0.6200876
13710	-2585.499	-2910.912	325.4138	1.712794	0.4820458	1.378248
13716	-2590.99	-2916.415	325.4246	1.681692	0.5243234	1.339197
13722	-2590.309	-2915.627	325.3187	1.678021	0.4635657	1.5021
13728	-2579.242	-2904.347	325.1045	1.578341	0.6353322	1.537023
13734	-2570.601	-2895.759	325.1582	1.624591	0.5054425	1.607588
13740	-2581.158	-2906.439	325.2808	1.775573	0.6100808	1.274427
13746	-2569.332	-2894.783	325.4502	1.760599	0.532506	1.243338
13752	-2567.597	-2893.107	325.5101	1.762281	0.4945576	1.243338
13758	-2580.589	-2906.192	325.6033	1.963002	0.3970235	1.1408
13764	-2577.476	-2903.085	325.609	1.963002	0.5221151	0.9209017
13770	-2559.844	-2885.449	325.605	1.902637	0.4625687	1.084755
13776	-2553.003	-2878.653	325.651	1.897492	0.4475928	1.071305
13782	-2553.34	-2879.046	325.7055	1.926734	0.4237203	1.032857
13788	-2551.648	-2876.941	325.2935	1.719077	0.4721187	1.479037
13794	-2557.64	-2882.936	325.2954	1.78404	0.5848171	1.285741
13800	-2571.306	-2896.957	325.6507	1.840033	0.4263658	1.158623
13806	-2568.13	-2893.662	325.5312	1.837963	0.5598307	1.065906
13812	-2576.864	-2902.306	325.4418	2.008391	0.6235064	0.8863873
13818	-2567.244	-2892.873	325.6293	2.00478	0.5479067	0.7976535
13824	-2567.147	-2892.935	325.7877	2.024804	0.4039485	0.882911
13830	-2574.701	-2900.486	325.7852	2.014864	0.381745	0.9444916
13836	-2570.339	-2896.04	325.7008	1.959683	0.4517906	0.9531142
13842	-2568.692	-2894.302	325.6106	1.981452	0.4880021	0.9592861
13848	-2573.033	-2898.581	325.548	1.905939	0.5268334	1.034174
13854	-2571.899	-2896.205	324.3058	1.400017	0.5472543	2.289512
13860	-2563.811	-2889.488	325.6775	2.043274	0.441259	0.9083353
13866	-2561.652	-2887.242	325.5904	1.997792	0.5428194	0.8651958
13872	-2557.838	-2883.414	325.5765	2.020577	0.5428194	0.8546513
13878	-2574.854	-2900.5	325.6467	2.020577	0.4562349	0.9375349
13884	-2568.163	-2893.731	325.5682	1.910798	0.4338531	1.156827
13890	-2571.676	-2897.263	325.5871	1.835249	0.547032	1.033982
13896	-2586.645	-2911.915	325.2698	1.725736	0.4775465	1.48481
13902	-2562.022	-2886.876	324.8537	1.487889	0.4802162	1.944342
13908	-2557.596	-2882.823	325.2271	1.70856	0.5431285	1.449101
13914	-2554.433	-2879.891	325.4586	1.73568	0.4694396	1.341775
13920	-2548.46	-2873.911	325.4509	1.726435	0.4127435	1.434948
13926	-2547.175	-2872.459	325.2834	1.614395	0.5294452	1.4941
13932	-2554.107	-2879.181	325.0747	1.581439	0.6086242	1.584512
13938	-2566.193	-2891.601	325.408	1.697346	0.3486208	1.584512
13944	-2553.711	-2878.898	325.187	1.61552	0.4214569	1.698537
13950	-2557.699	-2882.847	325.148	1.710584	0.4214569	1.658618
13956	-2560.091	-2885.273	325.1827	1.647386	0.4369829	1.658618
13962	-2565.643	-2891.051	325.408	1.598722	0.3238368	1.694073
13968	-2552.552	-2877.763	325.2109	1.655791	0.4426162	1.62495
13974	-2550.543	-2875.57	325.0267	1.596159	0.5312783	1.692416
13980	-2556.939	-2881.942	325.0034	1.477739	0.5006455	1.826106
13986	-2561.504	-2886.018	324.5143	1.471463	0.5108307	2.146144
13992	-2568.884	-2893.681	324.7972	1.435788	0.4467096	2.055683
13998	-2565.897	-2890.417	324.5199	1.508559	0.5270896	2.101109
14004	-2579.235	-2903.832	324.5968	1.452574	0.601338	2.01272
14010	-2567.383	-2891.566	324.1824	1.342399	0.5506874	2.401215
14016	-2567.735	-2891.342	323.6073	1.30085	0.4793811	2.853605
14022	-2559.311	-2884.502	325.1914	1.593938	0.447538	1.676956
14028	-2562.809	-2887.685	324.8769	1.577834	0.4706333	1.878881
14034	-2565.526	-2889.754	324.2279	1.446361	0.6400699	2.222341
14040	-2554.182	-2879.335	325.1532	1.512037	0.3750978	1.856479
14046	-2566.374	-2890.624	324.25	1.443903	0.5230634	2.321471
14052	-2570.688	-2895.498	324.8099	1.487992	0.5890645	1.857281
14058	-2568.711	-2892.975	324.2636	1.364095	0.5890645	2.299089
14064	-2575.223	-2899.049	323.8256	1.326326	0.6087778	2.580287
14070	-2578.233	-2901.582	323.3485	1.245813	0.4787541	3.043236
14076	-2575.357	-2898.661	323.3044	1.265935	0.5662604	2.973343
14082	-2566.367	-2890.806	324.4385	1.33123	0.347529	2.47682
14088	-2556.528	-2881.308	324.7798	1.502827	0.3623128	2.129384
14094	-2551.882	-2876.465	324.5836	1.508782	0.6750164	1.915106
14100	-2564.343	-2889.435	325.0926	1.534565	0.5551697	1.66282
14106	-2577.34	-2902.933	325.593	1.843716	0.5472851	1.019556
14112	-2582.578	-2908.393	325.8153	1.806557	0.3910112	1.101207
14118	-2590.954	-2916.404	325.4495	1.798768	0.4972371	1.259705
14124	-2580.701	-2906.245	325.5438	1.790187	0.4474364	1.259705
14130	-2576.113	-2901.668	325.5551	1.834668	0.5049912	1.126769
14136	-2566.511	-2891.613	325.102	1.823769	0.6301077	1.356879
14142	-2565.266	-2890.556	325.2905	1.647702	0.435953	1.581781
14148	-2565.664	-2890.813	325.1487	1.650562	0.5058776	1.595109
14154	-2563.299	-2888.631	325.3319	1.737231	0.4164131	1.511672
14160	-2578.297	-2903.553	325.2554	1.765778	0.37929	1.599941
14166	-2565.669	-2890.946	325.2771	1.621706	0.37929	1.68787
14172	-2569.94	-2894.985	325.0457	1.617069	0.5272622	1.668562
14178	-2577.318	-2902.347	325.0283	1.586604	0.5822747	1.642286
14184	-2577.606	-2902.065	324.4589	1.391329	0.4785807	2.268529
14190	-2577.486	-2902.371	324.8846	1.617073	0.6493774	1.654738
14196	-2574.857	-2900.08	325.2228	1.622307	0.490518	1.580192
14202	-2577.316	-2902.31	324.9936	1.599749	0.4919552	1.758247
14208	-2571.131	-2896.384	325.2525	1.629359	0.4647049	1.585599
14214	-2569.449	-2894.48	325.0303	1.519597	0.4678237	1.816975
14220	-2570.461	-2895.605	325.1437	1.629798	0.4453922	1.68812
14226	-2576.296	-2901.299	325.0032	1.509524	0.4545915	1.858401
14232	-2564.906	-2889.815	324.9086	1.566058	0.4896058	1.843158
14238	-2574.022	-2898.977	324.9556	1.566058	0.736396	1.557374
14244	-2595.915	-2920.981	325.0662	1.716417	0.7170458	1.377942
14250	-2581.419	-2906.674	325.2552	1.627972	0.5552467	1.47474
14256	-2578.393	-2903.73	325.3373	1.7356	0.4056905	1.523956
14262	-2568.949	-2894.157	325.2086	1.5953	0.3763882	1.758841
14268	-2567.943	-2893.291	325.3484	1.719423	0.5597995	1.32568
14274	-2565.005	-2890.585	325.5802	1.686252	0.4151098	1.362117
14280	-2583.497	-2908.93	325.433	1.712411	0.4584833	1.395354
14286	-2571.098	-2896.495	325.3967	1.753494	0.4414668	1.415082
14292	-2565.022	-2890.589	325.5665	1.664711	0.4414668	1.351619
14298	-2559.327	-2884.404	325.0766	1.654201	0.5301035	1.616402
14304	-2557.163	-2882.221	325.0578	1.556462	0.4042659	1.852212
14310	-2559.11	-2884.118	325.0087	1.61986	0.4125777	1.831545
14316	-2561.197	-2886.642	325.4451	1.638762	0.4092966	1.510688
14322	-2566.461	-2891.866	325.4052	1.610378	0.5166083	1.420129
14328	-2572.466	-2897.906	325.44	1.673097	0.4746387	1.398647
14334	-2561.219	-2886.664	325.4454	1.635489	0.4180184	1.500586
14340	-2569.825	-2895.154	325.3287	1.654157	0.432745	1.553249
14346	-2558.084	-2883.636	325.5518	1.745821	0.3946035	1.368463
14352	-2546.577	-2872.074	325.4968	1.681056	0.3925739	1.464158
14358	-2564.335	-2889.79	325.455	1.896562	0.4899899	1.182459
14364	-2564.56	-2890.107	325.5472	1.877149	0.4712864	1.146506
14370	-2561.244	-2886.941	325.6969	1.844285	0.4067463	1.146506
14376	-2573.772	-2899.386	325.6141	1.910382	0.4156034	1.146506
14382	-2567.533	-2893.068	325.535	1.926009	0.4906999	1.083418
14388	-2570.91	-2896.533	325.6227	1.929311	0.4525731	1.059639
14394	-2575.437	-2900.848	325.4103	2.012261	0.6768284	0.8319539
14400	-2579.986	-2905.47	325.4841	1.932441	0.6813554	0.8319539
14406	-2566.016	-2891.686	325.6701	1.911127	0.5166435	0.9203949
14412	-2556.749	-2882.41	325.661	1.887859	0.4584028	1.05281
14418	-2568.501	-2893.864	325.363	1.825787	0.5860686	1.192491
14424	-2572.801	-2898.302	325.5013	1.828859	0.5860686	1.065546
14430	-2560.363	-2886.101	325.7382	1.929576	0.4336889	0.9792669
14436	-2559.756	-2885.401	325.6443	1.929576	0.486802	0.9801581
14442	-2569.324	-2894.8	325.4754	1.91882	0.5882788	1.000263
14448	-2580.064	-2905.633	325.569	1.80967	0.6338116	0.949132
14454	-2569.969	-2895.471	325.5023	1.858201	0.6338116	0.9680478
14460	-2562.59	-2888.304	325.7131	1.896196	0.4866517	0.9435347
14466	-2575.724	-2901.275	325.5512	1.916808	0.575698	0.9435347
14472	-2569.03	-2894.516	325.4859	1.877546	0.6031511	1.009267
14478	-2555.198	-2880.645	325.447	1.867058	0.6671601	0.9688258
14484	-2556.488	-2882.238	325.7496	1.777834	0.4074151	1.157527
14490	-2556.161	-2881.584	325.4224	1.751458	0.4784296	1.345734
14496	-2564.25	-2890.012	325.7627	1.947022	0.4784296	0.8453023
14502	-2551.986	-2877.505	325.5188	2.040137	0.6204609	0.7519273
14508	-2559.436	-2885.038	325.6018	2.048638	0.5295768	0.8140253
14514	-2570.037	-2895.387	325.3496	2.086529	0.7303331	0.7139582
14520	-2561.79	-2887.317	325.5271	2.15326	0.5696027	0.6728229
14526	-2559.867	-2885.4	325.533	2.048352	0.6157892	0.7275542
14532	-2556.539	-2882.198	325.6591	2.009762	0.4933355	0.8642342
14538	-2549.203	-2874.727	325.5231	1.866116	0.5277225	1.093815
14544	-2556.878	-2882.564	325.6866	1.859412	0.5153716	0.960266
14550	-2561.766	-2887.471	325.7054	2.014401	0.4649963	0.8610567
14556	-2566.541	-2892.14	325.5993	1.986444	0.4649963	1.005741
14562	-2570.244	-2895.757	325.5137	1.993022	0.5949594	0.8684078
14568	-2579.091	-2904.688	325.5973	1.981807	0.495178	0.9602444
14574	-2579.4	-2905.001	325.6005	1.907082	0.5216993	0.9892461
14580	-2553.407	-2878.92	325.5131	1.949375	0.5216993	1.033837
14586	-2567.913	-2893.58	325.6667	1.968005	0.470017	0.9467135
14592	-2561.19	-2886.893	325.7023	2.036084	0.4125104	0.9467135
14598	-2572.137	-2897.927	325.7903	1.993002	0.3858578	0.9535745
14604	-2577.958	-2903.46	325.5023	2.099492	0.5358176	0.8621558
14610	-2582.44	-2908.066	325.6264	2.132995	0.5279102	0.6427314
14616	-2586.368	-2911.811	325.4424	2.269424	0.5279102	0.7306838
14622	-2572.345	-2897.977	325.6319	2.081427	0.5279102	0.7282833
14628	-2585.978	-2911.432	325.4536	2.217424	0.5549481	0.7282833
14634	-2581.617	-2907.427	325.8101	1.986144	0.4586038	0.7771573
14640	-2574.065	-2899.227	325.1622	1.721901	0.5007692	1.538978
14646	-2568.798	-2894.281	325.4832	1.777537	0.5007692	1.244448
14652	-2565.441	-2890.997	325.5562	1.905566	0.5968218	0.9165078
14658	-2565.358	-2890.903	325.5455	1.945254	0.5973787	0.8829779
14664	-2569.725	-2895.265	325.54	2.069337	0.574463	0.7761384
14670	-2580.157	-2905.771	325.6144	2.071479	0.4979166	0.834308
14676	-2576.183	-2901.91	325.7273	2.043899	0.4516583	0.8267647
14682	-2571.523	-2896.928	325.4043	1.983171	0.6529953	0.9108481
14688	-2572.32	-2897.99	325.6705	2.172169	0.4397546	0.7588101
14694	-2550.674	-2876.257	325.5833	2.036174	0.5913024	0.7233457
14700	-2553.206	-2878.72	325.5143	1.941214	0.6328382	0.8648992
14706	-2558.43	-2884.096	325.6662	1.995433	0.4882244	0.8827833
14712	-2548.173	-2873.835	325.6621	2.003923	0.4934952	0.8672959
14718	-2561.207	-2886.556	325.3491	2.003923	0.6888735	0.8956083
14724	-2560.258	-2885.702	325.4445	1.996795	0.627353	0.8903782
14730	-2573.723	-2899.383	325.6601	1.921668	0.5697208	0.8224926
14736	-2576.876	-2902.639	325.7636	1.999609	0.4580646	0.8224926
14742	-2563.755	-2889.291	325.536	2.043227	0.5320355	0.8952734
14748	-2551.647	-2877.298	325.6508	2.005359	0.4814628	0.9019493
14754	-2559.928	-2885.48	325.5514	2.020974	0.5737461	0.826673
14760	-2560.501	-2885.888	325.3867	1.983937	0.7198038	0.826673
14766	-2556.328	-2881.759	325.4309	2.00931	0.5596522	0.9972517
14772	-2572.416	-2898.033	325.6171	2.00931	0.5032854	0.8944059
14778	-2566.096	-2891.824	325.728	2.028296	0.4628765	0.8206284
14784	-2575.818	-2901.599	325.7804	2.051619	0.419644	0.8234488
14790	-2562.786	-2888.376	325.5899	2.06431	0.5502857	0.7646398
14796	-2570.684	-2896.194	325.51	2.132836	0.5832227	0.704302
14802	-2575.054	-2900.848	325.7939	2.043142	0.4468798	0.7481171
14808	-2576.353	-2902.076	325.7231	2.050785	0.4983293	0.7076142
14814	-2567.854	-2892.938	325.0836	2.444898	0.7086833	0.4432213
14820	-2558.88	-2884.262	325.382	2.412593	0.5242299	0.4514546
14826	-2549.06	-2874.482	325.4228	2.36091	0.534268	0.4970688
14832	-2558.853	-2884.142	325.2886	2.36091	0.6242041	0.4995493
14838	-2548.687	-2874.228	325.5412	2.293018	0.4946173	0.5875519
14844	-2557.807	-2883.287	325.4809	2.185803	0.5846901	0.6548626
14850	-2545.966	-2871.39	325.4238	2.146741	0.6042275	0.7690187
14856	-2566.73	-2892.199	325.4692	2.063701	0.6150778	0.7994181
14862	-2580.188	-2905.924	325.7366	2.044113	0.3829289	0.9624474
14868	-2584.671	-2910.454	325.783	1.953255	0.3554748	1.061652
14874	-2558.753	-2884.346	325.5928	1.654806	0.3985632	1.401641
14880	-2564.207	-2889.59	325.3825	1.756006	0.4009851	1.481547
14886	-2562.316	-2887.894	325.5782	1.756006	0.3718402	1.375261
14892	-2569.086	-2894.246	325.1597	1.595324	0.4580835	1.685295
14898	-2565.132	-2890.051	324.919	1.566024	0.6208426	1.695033
14904	-2569.846	-2895.169	325.323	1.714644	0.4223471	1.526896
14910	-2563.943	-2888.967	325.0239	1.483851	0.5760214	1.725141
14916	-2564.926	-2890.047	325.1209	1.476054	0.4361495	1.823215
14922	-2566.182	-2891.847	325.665	1.647528	0.3613496	1.408856
14928	-2571.802	-2896.741	324.9383	1.593922	0.5822477	1.701303
14934	-2552.991	-2878.014	325.0231	1.648206	0.4254302	1.785392
14940	-2547.38	-2872.529	325.1492	1.535118	0.5427295	1.635652
14946	-2546.658	-2871.739	325.0807	1.571739	0.563441	1.635652
14952	-2563.813	-2889.214	325.4012	1.528422	0.4590223	1.557789
14958	-2573.591	-2898.745	325.1536	1.553642	0.4590223	1.717902
14964	-2594.371	-2919.951	325.5803	1.792401	0.3919333	1.31278
14970	-2576.159	-2901.626	325.4673	1.805888	0.5185238	1.209523
14976	-2572.703	-2898.069	325.3663	1.804193	0.5185238	1.29501
14982	-2572.871	-2898.425	325.5539	1.826014	0.5409317	1.083159
14988	-2577.494	-2903.111	325.6173	1.858979	0.5073368	1.042941
14994	-2586.84	-2911.986	325.1458	1.864528	0.6759363	1.236987
15000	-2570.954	-2896.577	325.6225	1.807245	0.451899	1.171579
15006	-2561.109	-2886.744	325.6346	1.863074	0.4712558	1.079949
15012	-2573.248	-2898.747	325.4992	1.782829	0.4815702	1.253472
15018	-2578.128	-2903.551	325.423	1.731628	0.4815702	1.356801
15024	-2566.697	-2892.018	325.3216	1.69733	0.5477933	1.379122
15030	-2560.893	-2886.532	325.6387	1.809552	0.4284802	1.192219
15036	-2569.418	-2894.943	325.525	1.81354	0.4712001	1.220949
15042	-2564.937	-2890.529	325.5925	1.750453	0.3982421	1.326834
15048	-2564.381	-2889.519	325.1377	1.609795	0.7204827	1.401909
15054	-2572.986	-2898.642	325.6559	1.752625	0.4884784	1.134592
15060	-2579.439	-2904.769	325.3293	1.890437	0.5045313	1.273306
15066	-2568.939	-2894.747	325.8082	1.746298	0.3755827	1.188212
15072	-2575.08	-2900.691	325.6111	1.790735	0.4562331	1.189106
15078	-2564.575	-2890.06	325.4851	1.8404	0.5010283	1.189106
15084	-2558.27	-2883.972	325.702	1.91276	0.4450867	1.011831
15090	-2571.309	-2896.845	325.5362	1.91276	0.57933	0.9578597
15096	-2564.834	-2890.321	325.4869	1.893882	0.4295522	1.247714
15102	-2560.113	-2885.669	325.5567	1.8087	0.3992826	1.307168
15108	-2559.032	-2884.182	325.1504	1.736295	0.7051638	1.307168
15114	-2570.344	-2895.706	325.3622	1.738214	0.5108486	1.361163
15120	-2572.139	-2897.637	325.4981	1.894724	0.5108486	1.115389
15126	-2577.629	-2902.533	324.9036	1.525062	0.7010074	1.657635
15132	-2557.583	-2882.787	325.2041	1.591818	0.4808599	1.627811
15138	-2564.311	-2889.141	324.8296	1.467302	0.5341597	1.914921
15144	-2558.442	-2883.138	324.6964	1.548036	0.5222425	1.963025
15150	-2559.023	-2884.247	325.2239	1.577657	0.363227	1.779055
15156	-2559.941	-2885.224	325.2821	1.53815	0.4047556	1.708272
15162	-2567.116	-2891.345	324.2294	1.432509	0.5912626	2.275128
15168	-2572.056	-2896.441	324.3852	1.424436	0.5092102	2.261786
15174	-2569.104	-2893.732	324.6282	1.337975	0.3542759	2.343925
15180	-2558.484	-2882.856	324.3719	1.340055	0.4905179	2.343925
15186	-2578.467	-2901.9	323.4333	1.320354	0.5046463	2.921518
15192	-2571.59	-2894.661	323.0708	1.25308	0.6518264	3.047292
15198	-2584.846	-2909.773	324.9276	1.316131	0.4081019	2.095504
15204	-2573.6	-2898.172	324.572	1.493396	0.4965101	2.109531
15210	-2551.94	-2876.861	324.9211	1.601072	0.5493659	1.743461
15216	-2549.681	-2874.885	325.2033	1.626124	0.4325463	1.664861
15222	-2551.082	-2876.232	325.1494	1.589198	0.4771109	1.6735
15228	-2561.946	-2887.064	325.1176	1.546984	0.3870517	1.840608
15234	-2556.899	-2881.763	324.8641	1.609158	0.5251141	1.804069
15240	-2554.654	-2879.731	325.077	1.491926	0.3369796	1.97537
15246	-2549.417	-2874.683	325.2653	1.564571	0.4729699	1.613009
15252	-2558.631	-2884.003	325.3714	1.755625	0.4729699	1.390047
15258	-2555.745	-2881.143	325.3978	1.751385	0.4111959	1.45869
15264	-2563.428	-2888.06	324.6321	1.493734	0.5051308	2.060422
15270	-2560.933	-2885.465	324.5314	1.47285	0.5830449	2.060422
15276	-2558.028	-2882.756	324.7278	1.506435	0.5222541	1.969829
15282	-2553.396	-2878.278	324.882	1.425558	0.5389028	1.90258
15288	-2566.884	-2891.13	324.2461	1.318689	0.50697	2.419841
15294	-2566.692	-2891.206	324.5142	1.34802	0.4638581	2.277079
15300	-2555.521	-2880.695	325.1748	1.647733	0.5435644	1.533687
15306	-2553.821	-2879.004	325.1824	1.518503	0.4672513	1.712289
15312	-2546.088	-2871.305	325.2171	1.580043	0.4206955	1.703362
15318	-2556.125	-2881.435	325.3094	1.539625	0.5893202	1.461777
15324	-2548.161	-2873.205	325.0447	1.599263	0.6488366	1.551938
15330	-2551.92	-2876.981	325.0601	1.51899	0.4788243	1.783658
15336	-2550.47	-2875.358	324.8879	1.457587	0.5506932	1.864306
15342	-2562.939	-2888.105	325.166	1.491915	0.461242	1.749829
15348	-2576.126	-2901.24	325.1141	1.582118	0.4189918	1.7764
15354	-2576.895	-2901.947	325.0518	1.616973	0.5694696	1.617228
15360	-2565.589	-2890.874	325.2851	1.640179	0.4978306	1.511941
15366	-2565.027	-2890.527	325.4998	1.73352	0.438625	1.354084
15372	-2562.12	-2887.84	325.7201	1.842138	0.4767193	1.009089
15378	-2554.103	-2879.683	325.5792	1.800512	0.4960686	1.148929
15384	-2558.239	-2883.836	325.5978	1.809985	0.4642487	1.171832
15390	-2583.844	-2909.203	325.3596	1.970699	0.6959208	0.9106828
15396	-2566.016	-2891.352	325.3351	2.117293	0.6850205	0.7781491
15402	-2565.835	-2891.357	325.5218	1.978498	0.6105471	0.8491147
15408	-2571.549	-2897.194	325.6449	1.957618	0.4988693	0.9288746
15414	-2566.089	-2891.565	325.4766	1.683395	0.3737252	1.505763
15420	-2573.246	-2898.24	324.9946	1.614174	0.5972346	1.63081
15426	-2564.368	-2889.527	325.1594	1.66718	0.350275	1.780411
15432	-2572.806	-2897.623	324.8178	1.526604	0.5405957	1.875777
15438	-2577.29	-2901.813	324.5228	1.58027	0.6922348	1.892378
15444	-2572.559	-2897.927	325.3679	1.751267	0.5248038	1.328281
15450	-2578.277	-2903.631	325.3541	1.712559	0.5584196	1.328281
15456	-2567.813	-2893.246	325.4334	1.741344	0.4603008	1.369826
15462	-2565.477	-2890.975	325.4973	1.700838	0.4471042	1.369826
15468	-2565.807	-2891.365	325.5583	1.740824	0.4567986	1.274728
15474	-2562.167	-2887.698	325.5305	1.72671	0.4531471	1.314163
15480	-2554.081	-2879.657	325.576	1.630225	0.4602965	1.344955
15486	-2564.691	-2890.269	325.5773	1.730972	0.4594163	1.263388
15492	-2568.698	-2894.244	325.5459	1.828094	0.4380526	1.24039
15498	-2569.553	-2895.033	325.4798	1.828094	0.4497408	1.277822
15504	-2584.679	-2909.068	324.3892	1.433086	0.6350273	2.130824
15510	-2588.589	-2914.233	325.6438	1.797077	0.5333151	1.036826
15516	-2576.113	-2901.654	325.5408	1.862758	0.513284	1.102036
15522	-2570.844	-2896.406	325.5625	1.867369	0.4972482	1.102036
15528	-2580.176	-2905.803	325.6263	1.75362	0.4899656	1.157725
15534	-2566.63	-2892.089	325.4588	1.73645	0.5171185	1.276604
15540	-2561.256	-2886.91	325.6542	1.821571	0.5171185	1.028048
15546	-2579.233	-2904.62	325.3875	1.817589	0.5356856	1.243908
15552	-2571.035	-2896.665	325.6298	1.855044	0.5356856	0.98967
15558	-2575.323	-2901.191	325.8683	1.855044	0.3796782	1.026614
15564	-2578.552	-2904.356	325.8041	1.690341	0.3853163	1.223013
15570	-2565.737	-2891.448	325.7107	1.848308	0.4527026	1.052805
15576	-2556.938	-2882.631	325.6935	1.826331	0.511888	0.9928213
15582	-2565.781	-2891.495	325.7142	1.930404	0.4456134	0.9809238
15588	-2559.918	-2885.521	325.6027	1.947626	0.492465	0.9943813
15594	-2576.609	-2902.439	325.8305	1.905767	0.4401176	0.893173
15600	-2568.789	-2894.315	325.5263	1.955345	0.5924642	0.901511
15606	-2573.172	-2898.84	325.6675	2.095503	0.4963655	0.7308538
15612	-2572.086	-2897.867	325.7811	2.008013	0.4372269	0.8368109
15618	-2582.455	-2907.912	325.4573	2.114499	0.6022908	0.7711853
15624	-2567.366	-2893.058	325.6913	2.002874	0.4870093	0.8466043
15630	-2567.174	-2892.561	325.3867	2.026529	0.6965793	0.8105281
15636	-2569.418	-2895.125	325.7076	2.05594	0.4632013	0.8105281
15642	-2556.992	-2882.62	325.6276	1.967632	0.5176321	0.9030919
15648	-2572.143	-2897.85	325.707	2.031687	0.4339806	0.9030919
15654	-2568.647	-2894.196	325.5488	1.938086	0.609666	0.8666527
15660	-2572.582	-2898.167	325.5846	1.974506	0.5796523	0.8322556
15666	-2574.464	-2900.24	325.7758	1.856597	0.4291478	1.022922
15672	-2582.038	-2907.742	325.7042	1.927205	0.4291478	1.023883
15678	-2579.262	-2904.914	325.6519	1.868719	0.527432	0.9664942
15684	-2567.982	-2893.549	325.5675	1.922526	0.4957992	1.048004
15690	-2590.7	-2916.29	325.5899	2.060654	0.4291158	1.005067
15696	-2572.043	-2897.748	325.7052	2.102688	0.4291158	0.8318757
15702	-2550.868	-2876.435	325.5671	2.051404	0.5503188	0.813374
15708	-2556.589	-2882.203	325.6136	2.01381	0.5740937	0.7507504
15714	-2545.745	-2871.214	325.4685	2.058566	0.5621498	0.9014006
15720	-2547.02	-2872.853	325.8332	1.881343	0.3621919	1.068991
15726	-2560.99	-2886.752	325.7623	1.952176	0.3621919	1.068991
15732	-2576.881	-2902.39	325.5084	1.783283	0.5256915	1.183748
15738	-2572.59	-2898.217	325.6271	1.742305	0.477276	1.185588
15744	-2565.593	-2891.033	325.4405	1.894218	0.6330717	0.9954678
15750	-2557.968	-2883.758	325.7902	1.939773	0.4149534	0.9507715
15756	-2557.257	-2882.835	325.5784	1.939002	0.442571	1.108344
15762	-2570.427	-2896.015	325.5886	1.861996	0.4912732	1.092136
15768	-2571.837	-2897.122	325.2842	1.65591	0.5671551	1.41738
15774	-2554.656	-2879.866	325.2092	1.657642	0.5180556	1.530814
15780	-2560.96	-2886.059	325.0986	1.539286	0.5448156	1.666596
15786	-2565.932	-2891.034	325.1027	1.575458	0.519369	1.666596
15792	-2576.946	-2901.951	325.0053	1.585249	0.4832619	1.770455
15798	-2566.306	-2891.139	324.8325	1.492782	0.4832619	1.951853
15804	-2574.967	-2899.711	324.7437	1.537574	0.3780115	2.109357
15810	-2568.503	-2893.343	324.8401	1.435729	0.5124865	1.952506
15816	-2568.7	-2893.695	324.9954	1.459712	0.4853861	1.861415
15822	-2583.533	-2908.315	324.7821	1.626393	0.6182823	1.751519
15828	-2566.574	-2891.366	324.7926	1.506317	0.5556777	1.8908
15834	-2565.477	-2890.315	324.8376	1.461296	0.5556777	1.8908
15840	-2556.636	-2881.621	324.9849	1.574778	0.4884747	1.785823
15846	-2563.922	-2888.827	324.9055	1.531629	0.4206015	1.951435
15852	-2561.232	-2886.218	324.9865	1.518966	0.5397356	1.765668
15858	-2568.665	-2893.292	324.6266	1.424622	0.5397356	2.073036
15864	-2562.736	-2887.514	324.7783	1.395417	0.4654342	2.073036
15870	-2563.05	-2887.879	324.8297	1.520153	0.5716615	1.83939
15876	-2565.98	-2890.692	324.7124	1.360564	0.4178825	2.194841
15882	-2570.403	-2894.319	323.9158	1.438838	0.6414304	2.424822
15888	-2573.335	-2897.732	324.3971	1.412793	0.4557317	2.319616
15894	-2591.915	-2916.426	324.5111	1.360573	0.4557317	2.280197
15900	-2567.588	-2892.695	325.1066	1.477622	0.4557317	1.807814
15906	-2570.504	-2895.021	324.5173	1.40937	0.6090691	2.086491
15912	-2575.966	-2899.149	323.1835	1.328497	0.5659679	3.00864
15918	-2580.118	-2903.184	323.0657	1.248699	0.9051168	2.868485
15924	-2581.864	-2905.488	323.6243	1.2962	0.5456946	2.780564
15930	-2556.835	-2881.457	324.6225	1.441322	0.3961394	2.227493
15936	-2561.824	-2886.671	324.8462	1.523316	0.5033319	1.899325
15942	-2556.131	-2881.347	325.2157	1.569885	0.5452231	1.559069
15948	-2560.392	-2885.864	325.4719	1.58569	0.4065712	1.534097
15954	-2547.18	-2872.571	325.391	1.660269	0.4467735	1.483369
15960	-2571.668	-2896.574	324.9052	1.591682	0.4467735	1.878705
15966	-2558.129	-2883.43	325.3017	1.615547	0.4467735	1.582826
15972	-2558.894	-2884.18	325.2859	1.535231	0.4467735	1.65239
15978	-2562.239	-2887.279	325.0402	1.592162	0.5114225	1.708289
15984	-2568.153	-2893.614	325.4604	1.764048	0.3938806	1.426582
15990	-2561.058	-2886.383	325.325	1.707856	0.4799984	1.453402
15996	-2550.346	-2876.015	325.6694	1.847124	0.3987997	1.181538
16002	-2568.278	-2893.875	325.5962	1.949061	0.423273	1.115001
16008	-2561.679	-2887.334	325.6547	1.88567	0.4668414	1.046869
16014	-2576.334	-2901.709	325.3751	1.712698	0.5345143	1.341083
16020	-2561.179	-2886.544	325.3648	1.646949	0.5842259	1.341083
16026	-2569.054	-2894.514	325.4605	1.744236	0.4427641	1.370715
16032	-2558.75	-2884.275	325.5249	1.747585	0.5080788	1.224438
16038	-2552.199	-2877.554	325.3545	1.67599	0.5036051	1.424914
16044	-2567.338	-2892.335	324.9969	1.629247	0.7269095	1.488448
16050	-2564.599	-2889.479	324.8804	1.499329	0.5443328	1.84763
16056	-2564.33	-2889.197	324.8674	1.570826	0.4362552	1.93131
16062	-2563.301	-2888.454	325.1535	1.570405	0.4914631	1.666688
16068	-2563.597	-2889.051	325.4537	1.509501	0.4007804	1.611454
16074	-2559.466	-2884.774	325.308	1.689871	0.4410275	1.531042
16080	-2560.953	-2886.028	325.0749	1.545952	0.5391194	1.685074
16086	-2565.371	-2890.378	325.0075	1.523016	0.430328	1.876018
16092	-2568.649	-2893.531	324.8819	1.462751	0.394993	2.045611
16098	-2567.439	-2892.093	324.6542	1.475226	0.516645	2.045611
16104	-2566.367	-2890.955	324.5882	1.407155	0.5239164	2.126139
16110	-2562.337	-2887.319	324.9822	1.658352	0.7696947	1.43723
16116	-2561.69	-2887.002	325.3123	1.620908	0.5547597	1.43723
16122	-2560.983	-2886.177	325.1936	1.627481	0.5536362	1.523184
16128	-2561.159	-2886.533	325.3746	1.873066	0.4629102	1.308001
16134	-2577.826	-2903.118	325.2921	1.782093	0.6773947	1.180875
16140	-2567.251	-2892.655	325.4038	1.805105	0.6046475	1.151304
16146	-2555.043	-2880.716	325.6736	1.904028	0.4627694	1.017665
16152	-2561.166	-2886.952	325.7854	1.837834	0.4370984	1.017665
16158	-2550.376	-2876.089	325.7133	1.869814	0.4596126	1.017665
16164	-2552.523	-2878.237	325.7139	1.930226	0.524609	0.8321871
16170	-2564.687	-2890.256	325.5692	1.903375	0.5793878	0.9327461
16176	-2569.718	-2895.389	325.671	1.79023	0.415327	1.202001
16182	-2570.146	-2895.754	325.6086	1.903187	0.4816926	1.049891
16188	-2555.836	-2881.265	325.4287	1.841675	0.6082484	1.091078
16194	-2559.214	-2884.934	325.7196	1.807269	0.44978	1.08783
16200	-2565.571	-2891.075	325.5035	1.786912	0.4344232	1.314531
16206	-2581.722	-2907.094	325.3717	1.778852	0.5159227	1.314531
16212	-2555.03	-2880.214	325.1833	1.646144	0.5936886	1.471753
16218	-2563.779	-2889.212	325.4328	1.664534	0.3941194	1.522367
16224	-2556.387	-2881.478	325.0906	1.562194	0.5281104	1.674768
16230	-2559.329	-2884.239	324.9097	1.525434	0.5730052	1.779094
16236	-2562.827	-2887.505	324.6779	1.394128	0.4779046	2.125689
16242	-2554.483	-2879.466	324.9836	1.450966	0.4779046	1.884075
16248	-2558.806	-2883.079	324.2733	1.320833	0.5851994	2.324133
16254	-2550.994	-2875.24	324.2463	1.247493	0.4730127	2.500089
16260	-2558.265	-2883.278	325.0125	1.437908	0.4546504	1.900738
16266	-2564.474	-2888.925	324.4507	1.389363	0.5527882	2.197666
16272	-2570.769	-2895.628	324.859	1.440154	0.4510243	2.006707
16278	-2549.273	-2874.112	324.8394	1.4112	0.4758386	2.010231
16284	-2562.351	-2887.236	324.8856	1.452149	0.5119983	1.911281
16290	-2562.085	-2887.413	325.3279	1.493707	0.5089908	1.575062
16296	-2560.188	-2885.692	325.5035	1.642021	0.5525704	1.271478
16302	-2578.6	-2903.804	325.2044	1.580253	0.5692507	1.532569
16308	-2586.402	-2911.442	325.0397	1.623179	0.4640503	1.742953
16314	-2569.853	-2894.505	324.6515	1.415339	0.4708645	2.136986
16320	-2565.714	-2890.432	324.7183	1.470114	0.4708645	2.057167
16326	-2567.459	-2892.368	324.9086	1.409679	0.3939108	2.064431
16332	-2554.704	-2879.541	324.8363	1.469582	0.4906814	1.956498
16338	-2551.224	-2876.063	324.8388	1.510632	0.4651271	1.956498
16344	-2548.507	-2873.434	324.9274	1.515491	0.5975854	1.748317
16350	-2548.35	-2873.034	324.6837	1.488688	0.6791547	1.856913
16356	-2564.166	-2889.094	324.9278	1.603151	0.453436	1.847321
16362	-2554.128	-2879.468	325.3395	1.725311	0.482005	1.426331
16368	-2558.952	-2884.417	325.4656	1.657816	0.4923139	1.367117
16374	-2551.91	-2877.281	325.371	1.737816	0.5865678	1.259397
16380	-2562.912	-2888.241	325.329	1.619497	0.5865678	1.388322
16386	-2552.951	-2878.176	325.2248	1.649903	0.5136285	1.530354
16392	-2552.452	-2877.915	325.4633	1.664137	0.510843	1.339718
16398	-2558.495	-2883.77	325.2751	1.664137	0.4742153	1.531216
16404	-2556.455	-2881.791	325.3353	1.609456	0.4742153	1.52712
16410	-2536.841	-2862.195	325.3542	1.676252	0.4821366	1.452493
16416	-2546.683	-2872.107	325.424	1.610176	0.4798987	1.452493
16422	-2552.308	-2877.272	324.9649	1.505885	0.4798987	1.857068
16428	-2560.029	-2885.083	325.0545	1.505885	0.5762475	1.687649
16434	-2554.24	-2879.126	324.886	1.601077	0.5517364	1.765459
16440	-2552.097	-2876.851	324.754	1.475109	0.4289492	2.079499
16446	-2546.631	-2871.687	325.0561	1.495237	0.4595485	1.825916
16452	-2551.157	-2875.882	324.7248	1.480581	0.4595485	2.058941
16458	-2562.031	-2886.625	324.5942	1.436065	0.5970529	2.029583
16464	-2559.889	-2884.47	324.5812	1.424578	0.6140418	2.029583
16470	-2562.504	-2886.922	324.4182	1.385162	0.5513626	2.222793
16476	-2559.898	-2884.022	324.1242	1.223677	0.4349233	2.632576
16482	-2565.021	-2888.97	323.9492	1.335491	0.4426972	2.662823
16488	-2562.493	-2887.125	324.6314	1.470747	0.3732287	2.232017
16494	-2548.79	-2873.49	324.6996	1.586945	0.6563317	1.799496
16500	-2560.407	-2885.465	325.058	1.586945	0.4842239	1.731223
16506	-2555.566	-2880.452	324.8861	1.52855	0.4314231	1.953089
16512	-2553.203	-2878.111	324.908	1.557616	0.5073612	1.829158
16518	-2564.673	-2889.468	324.795	1.526744	0.5311756	1.90127
16524	-2567.424	-2892.02	324.5958	1.498199	0.4872326	2.100947
16530	-2565.358	-2889.989	324.6315	1.587244	0.5385512	1.962921
16536	-2581.065	-2906.141	325.0765	1.663124	0.7449077	1.384122
16542	-2571.245	-2896.567	325.3214	1.61639	0.4205919	1.602625
16548	-2581.276	-2906.88	325.6038	1.698593	0.3358659	1.458035
16554	-2557.222	-2882.915	325.6931	1.7415	0.3358659	1.355432
16560	-2569.606	-2895.067	325.4616	1.78489	0.3978933	1.403533
16566	-2561.494	-2886.678	325.1837	1.770111	0.6156493	1.35082
16572	-2567.103	-2892.6	325.497	1.714737	0.551603	1.21741
16578	-2556.717	-2882.244	325.5275	1.814669	0.5631632	1.086358
16584	-2555.904	-2881.71	325.8062	1.830169	0.4354354	1.007755
16590	-2558.828	-2883.928	325.1	1.675123	0.531633	1.582404
16596	-2575.934	-2901.272	325.3385	1.655186	0.4022562	1.587193
16602	-2565.67	-2890.749	325.0791	1.694205	0.496628	1.625027
16608	-2581.955	-2907.535	325.5799	1.836733	0.3596825	1.32962
16614	-2576.496	-2902.102	325.6064	1.884635	0.4648189	1.096459
16620	-2572.769	-2898.288	325.5185	1.882153	0.4459232	1.205904
16626	-2557.701	-2883.229	325.5284	1.882164	0.4459232	1.197398
16632	-2570.646	-2896.253	325.6074	1.892893	0.3976745	1.197398
16638	-2567.998	-2893.39	325.3919	1.780914	0.5195339	1.29174
16644	-2581.397	-2906.938	325.5414	1.864697	0.4705189	1.163741
16650	-2559.469	-2885.061	325.592	1.863188	0.4445826	1.160735
16656	-2556.396	-2881.974	325.5783	1.863188	0.4921932	1.099119
16662	-2565.921	-2891.551	325.6298	1.877538	0.4945196	1.033401
16668	-2576.313	-2901.877	325.5642	1.877538	0.5349996	1.033401
16674	-2563.632	-2889.246	325.6133	1.80025	0.4394251	1.204873
16680	-2560.834	-2886.333	325.4992	1.825768	0.4032245	1.333589
16686	-2553.234	-2879.043	325.8091	1.811834	0.3236003	1.22518
16692	-2574.14	-2899.838	325.6985	1.869755	0.3682331	1.189236
16698	-2572.09	-2897.525	325.4355	1.81207	0.5694369	1.163023
16704	-2559.693	-2885.493	325.7997	1.945171	0.3777851	1.009153
16710	-2557.934	-2883.655	325.7209	2.02123	0.4526692	0.8602918
16716	-2557.225	-2882.904	325.6791	2.019156	0.4508803	0.9141861
16722	-2559.873	-2885.362	325.4884	1.849946	0.6091962	1.025309
16728	-2561.174	-2886.624	325.4504	1.727149	0.5629735	1.231546
16734	-2554.067	-2879.065	324.9976	1.72006	0.5903925	1.558803
16740	-2566.848	-2892.245	325.3969	1.707737	0.5748353	1.277301
16746	-2568.937	-2894.444	325.5076	1.645136	0.5016334	1.331576
16752	-2574.361	-2899.629	325.2686	1.76416	0.5352554	1.383622
16758	-2564.129	-2889.333	325.204	1.618689	0.4946431	1.591583
16764	-2561.833	-2887.381	325.5479	1.877854	0.526317	1.061872
16770	-2557.65	-2883.098	325.4473	1.835416	0.5764336	1.122428
16776	-2554.622	-2880.277	325.6549	1.900329	0.4531685	1.055585
16782	-2561.403	-2886.544	325.1409	1.584551	0.4649207	1.697764
16788	-2569.809	-2895.188	325.3784	1.625897	0.4858742	1.467525
16794	-2582.867	-2908.21	325.3433	1.788451	0.502593	1.347051
16800	-2554.39	-2879.89	325.5006	1.755498	0.5504505	1.180879
16806	-2551.426	-2876.865	325.4395	1.840436	0.5247121	1.195179
16812	-2553.638	-2879.058	325.42	1.829118	0.535969	1.206345
16818	-2556.952	-2882.312	325.3597	1.79824	0.5960669	1.206345
16824	-2556.05	-2881.663	325.6132	1.79824	0.450551	1.189526
16830	-2557.049	-2882.724	325.6752	1.79824	0.450551	1.135113
16836	-2564.969	-2890.352	325.3824	1.87416	0.6150446	1.094818
16842	-2569.794	-2895.26	325.466	1.773403	0.5253018	1.228927
16848	-2556.979	-2882.41	325.4317	1.859965	0.5901919	1.095731
16854	-2568.554	-2893.949	325.3954	1.842526	0.5555407	1.189758
16860	-2575.479	-2901.047	325.5684	2.232373	0.5184845	0.5662985
16866	-2561.667	-2887.233	325.5661	2.203487	0.5035969	0.70005
16872	-2567.545	-2893.076	325.5313	2.282247	0.5035969	0.605517
16878	-2571.665	-2897.092	325.4271	2.305476	0.56168	0.5683411
16884	-2575.426	-2901.059	325.6326	2.302256	0.4405096	0.5610599
16890	-2574.534	-2900.04	325.5063	1.729297	0.4198923	1.379384
16896	-2553.166	-2878.543	325.3774	1.729297	0.5577684	1.296722
16902	-2568.442	-2893.809	325.3667	1.81703	0.4616922	1.360864
16908	-2563.565	-2888.896	325.3319	1.686675	0.5265508	1.405447
16914	-2569.165	-2894.985	325.8201	1.72805	0.3966568	1.15749
16920	-2584.504	-2909.986	325.4821	2.340057	0.5078225	0.4562168
16926	-2573.254	-2898.535	325.2804	2.323124	0.6572758	0.5075898
16932	-2558.041	-2883.545	325.5035	2.378267	0.474521	0.489593
16938	-2567.125	-2892.663	325.5375	2.378267	0.454959	0.489593
16944	-2561.361	-2886.724	325.3627	2.364284	0.5683717	0.5463134
16950	-2564.336	-2889.853	325.5168	2.292521	0.5126372	0.5701631
16956	-2560.107	-2885.617	325.5107	2.297255	0.5110778	0.5848605
16962	-2567.186	-2892.78	325.5941	2.30361	0.4579643	0.5848605
16968	-2561.91	-2887.567	325.6572	2.18168	0.4848866	0.6213727
16974	-2547.425	-2872.852	325.4272	1.837149	0.6259231	1.073249
16980	-2547.758	-2873.068	325.3098	1.883206	0.6476886	1.111124
16986	-2555.832	-2881.341	325.5087	1.955051	0.4716303	1.110649
16992	-2547.814	-2873.516	325.7018	1.853282	0.4205879	1.110649
16998	-2558.81	-2884.461	325.6507	1.863276	0.4426933	1.111284
17004	-2562.371	-2887.801	325.4299	1.901555	0.5624528	1.097261
17010	-2562.807	-2888.293	325.4858	1.797838	0.514557	1.206076
17016	-2562.476	-2887.97	325.4944	1.855738	0.5561114	1.088965
17022	-2585.338	-2910.995	325.6572	1.855226	0.5194942	0.987856
17028	-2570.61	-2896.159	325.5495	1.843372	0.4588541	1.192905
17034	-2569.91	-2895.189	325.2787	1.6495	0.5681904	1.425327
17040	-2550.465	-2875.335	324.8698	1.621024	0.5608678	1.753035
17046	-2582.672	-2907.637	324.9647	1.621024	0.3456416	1.951682
17052	-2549.221	-2874.439	325.2181	1.576522	0.4416937	1.677844
17058	-2560.833	-2886.586	325.7531	1.773527	0.3363157	1.280493
17064	-2557.375	-2883.096	325.7209	1.79866	0.3888091	1.195684
17070	-2566.954	-2892.559	325.6047	1.914899	0.3888091	1.195684
17076	-2571.906	-2897.357	325.4509	1.798381	0.5097275	1.241695
17082	-2569.476	-2894.85	325.3744	1.735087	0.417035	1.480496
17088	-2577.491	-2903.027	325.5351	1.933823	0.3683146	1.272691
17094	-2565.833	-2891.581	325.7476	1.833171	0.4013447	1.120361
17100	-2575.678	-2901.253	325.5745	1.823424	0.4370521	1.221752
17106	-2560.606	-2885.983	325.3771	1.675034	0.42818	1.508004
17112	-2565.029	-2890.311	325.282	1.7389	0.4453988	1.508004
17118	-2563.876	-2889.287	325.4109	1.70592	0.435493	1.449037
17124	-2571.449	-2896.958	325.5086	1.738321	0.3937777	1.409354
17130	-2572.128	-2897.656	325.5283	1.644142	0.4337275	1.40873
17136	-2569.31	-2894.965	325.6549	1.723363	0.5051511	1.136882
17142	-2567.475	-2892.937	325.462	1.801541	0.4395934	1.328596
17148	-2565.329	-2890.963	325.6332	1.837253	0.4347736	1.162884
17154	-2575.922	-2901.279	325.3568	1.825794	0.6366148	1.134309
17160	-2557.679	-2883.258	325.5784	1.821688	0.5114208	1.107939
17166	-2570.608	-2896.041	325.4332	1.969225	0.5795718	1.004929
17172	-2560.982	-2886.565	325.5839	1.906315	0.5795718	0.9131944
17178	-2569.398	-2895.016	325.6174	1.913849	0.5330277	0.946036
17184	-2573.714	-2899.187	325.4727	1.818955	0.5714275	1.121151
17190	-2569.061	-2894.766	325.7047	1.80218	0.4363825	1.127915
17196	-2574.429	-2899.897	325.4677	1.963917	0.6012836	0.9420643
17202	-2563.008	-2888.579	325.5712	1.906355	0.4902363	1.068641
17208	-2564.902	-2890.575	325.6737	1.906355	0.4902363	0.9678858
17214	-2573.518	-2899.202	325.6842	1.827582	0.4896139	1.037038
17220	-2567.032	-2892.441	325.4092	1.872334	0.6232478	1.060649
17226	-2570.421	-2895.807	325.3863	1.88267	0.5564559	1.161576
17232	-2579.673	-2905.127	325.4534	1.991767	0.5862332	0.9511152
17238	-2567.733	-2893.491	325.7583	1.955864	0.4112114	0.9745392
17244	-2586.71	-2912.454	325.7438	1.937434	0.4112114	1.007814
17250	-2581.544	-2906.95	325.4057	1.632791	0.4970174	1.427201
17256	-2577.801	-2903.157	325.3565	1.661906	0.4007726	1.571178
17262	-2573.472	-2898.446	324.9737	1.476956	0.4210265	1.941778
17268	-2564.499	-2889.529	325.0304	1.642752	0.454393	1.747609
17274	-2563.555	-2888.763	325.208	1.524026	0.4901588	1.662407
17280	-2550.913	-2876.118	325.205	1.535646	0.4850692	1.662407
17286	-2564.024	-2889.194	325.1703	1.625564	0.4640002	1.64869
17292	-2551.414	-2876.638	325.2238	1.673116	0.5854747	1.429486
17298	-2566.564	-2892.031	325.4674	1.785266	0.5555776	1.177004
17304	-2569.679	-2895.45	325.7702	1.863772	0.440267	1.001388
17310	-2563.156	-2888.443	325.2869	1.908904	0.6821997	1.06541
17316	-2559.284	-2885.023	325.7393	1.832138	0.4422156	1.058696
17322	-2561.016	-2886.522	325.5058	1.803578	0.4042013	1.344549
17328	-2545.862	-2871.193	325.3311	1.699181	0.5689488	1.344549
17334	-2551.665	-2877.01	325.3444	1.749883	0.5350504	1.335193
17340	-2554.926	-2880.49	325.5641	1.83107	0.4464866	1.209677
17346	-2543.041	-2868.765	325.7233	1.964477	0.393054	1.035547
17352	-2557.946	-2883.668	325.7215	1.912651	0.3827654	1.104836
17358	-2561.885	-2887.426	325.5409	1.936521	0.4987948	1.055322
17364	-2561.236	-2886.667	325.4303	1.956927	0.6288023	0.9474374
17370	-2565.792	-2891.345	325.5526	1.95557	0.571803	0.9061829
17376	-2561.186	-2886.759	325.573	1.95557	0.5394619	0.9381273
17382	-2568.945	-2894.375	325.4303	1.931927	0.5786257	1.045511
17388	-2573.216	-2898.952	325.736	1.945411	0.3910015	1.045511
17394	-2576.533	-2902.3	325.7665	1.853717	0.3087461	1.253823
17400	-2577.387	-2902.703	325.3167	1.71362	0.4944269	1.436779
17406	-2587.459	-2913.047	325.5883	1.726112	0.4334026	1.296579
17412	-2582.197	-2908.2	326.0032	1.881425	0.3267418	0.9763807
17418	-2577.667	-2903.203	325.5362	1.684722	0.3457346	1.50357
17424	-2572.931	-2898.409	325.4786	1.897279	0.463489	1.200536
17430	-2567.468	-2893.083	325.615	1.831983	0.4238771	1.200536
17436	-2581.532	-2906.866	325.3342	1.823379	0.6511444	1.138734
17442	-2562.821	-2888.457	325.6359	1.644614	0.4289939	1.330426
17448	-2560.542	-2885.248	324.7063	1.47502	0.4779911	2.053775
17454	-2558.143	-2883.118	324.9747	1.540765	0.4577069	1.852749
17460	-2569.215	-2894.361	325.145	1.571365	0.5081356	1.652302
17466	-2570.602	-2895.557	324.955	1.484011	0.4526662	1.910847
17472	-2580.85	-2905.431	324.5807	1.411629	0.5091781	2.143675
17478	-2562.92	-2888.037	325.1168	1.636817	0.4645791	1.678147
17484	-2563.279	-2888.684	325.4046	1.612514	0.4870747	1.456262
17490	-2566.4	-2891.661	325.2607	1.696179	0.5386635	1.43824
17496	-2575.069	-2900.216	325.1475	1.669522	0.3952965	1.723409
17502	-2573.622	-2898.757	325.1359	1.69325	0.4378511	1.658107
17508	-2574.259	-2899.357	325.0973	1.668177	0.4417463	1.698445
17514	-2595.659	-2921.122	325.463	1.729658	0.3772537	1.47586
17520	-2578.382	-2903.528	325.146	1.631172	0.5233818	1.590555
17526	-2569.838	-2895.312	325.4737	1.71018	0.528016	1.271543
17532	-2568.646	-2894.074	325.428	1.71018	0.4537179	1.40747
17538	-2574.393	-2899.938	325.5444	1.759125	0.5938606	1.079684
17544	-2573.775	-2899.638	325.8626	1.89697	0.4242562	0.8996259
17550	-2563.354	-2889.035	325.6807	1.767873	0.546485	1.009125
17556	-2555.448	-2880.756	325.3084	1.850493	0.5294838	1.290109
17562	-2560.427	-2885.865	325.4374	1.656816	0.4445408	1.453802
17568	-2569.44	-2894.795	325.3553	1.747226	0.444761	1.4472
17574	-2584.377	-2909.718	325.3404	1.707664	0.3586975	1.610844
17580	-2568.342	-2893.154	324.8116	1.567193	0.5548311	1.837139
17586	-2559.534	-2884.836	325.3019	1.696284	0.4355881	1.538119
17592	-2559.841	-2885.032	325.1907	1.678514	0.4183313	1.655165
17598	-2570.182	-2895.522	325.3399	1.564069	0.3520051	1.723732
17604	-2561.133	-2885.468	324.335	1.502291	0.5189569	2.233846
17610	-2574.3	-2898.857	324.5576	1.469361	0.5435596	2.085082
17616	-2579.532	-2904.907	325.3744	1.724656	0.5681323	1.290119
17622	-2591.977	-2917.569	325.5919	1.72736	0.5222505	1.164459
17628	-2567.384	-2892.443	325.0591	1.597243	0.5222505	1.678859
17634	-2562.471	-2887.601	325.1299	1.625422	0.5222505	1.607713
17640	-2569.127	-2894.473	325.3457	1.693574	0.5344861	1.379449
17646	-2555.872	-2881.391	325.5194	1.71438	0.5244737	1.23477
17652	-2560.719	-2886.157	325.4376	1.731102	0.4807234	1.346779
17658	-2558.562	-2883.878	325.3161	1.731102	0.5588499	1.343288
17664	-2548.601	-2873.908	325.3066	1.698341	0.5423758	1.396636
17670	-2549.831	-2875.246	325.4152	1.696321	0.5828918	1.261652
17676	-2554.985	-2880.767	325.7815	1.803499	0.3522391	1.203217
17682	-2553.494	-2879.19	325.6961	1.883419	0.4442373	1.047575
17688	-2576.446	-2902.074	325.6281	1.826405	0.5177518	1.047575
17694	-2554.308	-2879.74	325.4315	1.947084	0.5863934	1.018544
17700	-2561.124	-2886.695	325.5707	1.885156	0.564853	0.9732944
17706	-2557.199	-2882.678	325.4797	1.890298	0.5567893	1.069517
17712	-2560.981	-2886.503	325.5214	1.872287	0.639224	0.9249276
17718	-2551.311	-2876.859	325.5478	1.936739	0.5660648	0.9413918
17724	-2550.568	-2876.194	325.6262	1.974048	0.5392656	0.8574467
17730	-2573.032	-2898.633	325.6005	1.914682	0.4661855	1.071862
17736	-2566.719	-2892.25	325.5305	1.822948	0.650471	0.9514226
17742	-2570.203	-2895.761	325.5578	1.855897	0.5609207	1.021529
17748	-2568.247	-2893.536	325.2883	1.811009	0.7697586	1.051597
17754	-2572.823	-2898.379	325.5556	1.94455	0.6064207	0.8564825
17760	-2556.823	-2882.475	325.6525	1.91306	0.5616602	0.8576333
17766	-2563.305	-2888.758	325.4532	2.047656	0.6342454	0.8059172
17772	-2566.578	-2892.019	325.4415	2.047656	0.7032522	0.6815597
17778	-2572.8	-2898.178	325.3781	1.949584	0.6324776	1.003302
17784	-2565.986	-2891.477	325.4901	1.984359	0.6133806	0.875016
17790	-2546.92	-2872.257	325.3369	1.804115	0.5407384	1.290254
17796	-2547.749	-2873.201	325.452	1.918955	0.5386429	1.094763
17802	-2542.606	-2868.157	325.5509	1.959599	0.5193189	0.9901048
17808	-2539.78	-2865.597	325.8172	1.927845	0.3908252	0.9831315
17814	-2551.754	-2877.604	325.8503	1.866125	0.4056216	0.9831315
17820	-2557.904	-2883.172	325.2679	1.866125	0.6648089	1.143149
17826	-2566.395	-2891.812	325.4166	1.792381	0.4804507	1.314848
17832	-2553.585	-2879.232	325.6465	1.809683	0.4897521	1.089347
17838	-2558.981	-2884.706	325.7253	1.842146	0.3936033	1.145722
17844	-2569.7	-2895.415	325.7144	1.870871	0.4098206	1.101597
17850	-2574.859	-2900.327	325.4679	1.870871	0.5637844	1.088618
17856	-2561.122	-2886.619	325.4975	1.998956	0.5637844	0.93231
17862	-2579.741	-2905.281	325.5398	1.864059	0.424281	1.236508
17868	-2574.084	-2899.699	325.6156	1.83733	0.4878187	1.095335
17874	-2561.176	-2886.753	325.5767	1.792363	0.4536909	1.220939
17880	-2570.694	-2896.119	325.4245	2.337492	0.545353	0.5477764
17886	-2578.958	-2904.433	325.4746	2.287933	0.545353	0.5449182
17892	-2563.746	-2889.37	325.6246	1.920778	0.5203587	0.9524087
17898	-2568.095	-2893.661	325.5657	1.846863	0.4669219	1.16353
17904	-2567.383	-2892.873	325.4898	1.853756	0.4421622	1.259545
17910	-2550.153	-2875.764	325.6107	1.903767	0.4530195	1.093938
17916	-2557.366	-2883.204	325.8378	1.826228	0.4110577	1.025007
17922	-2559.926	-2885.557	325.6318	1.848025	0.4297498	1.162705
17928	-2566.104	-2891.735	325.6313	1.879931	0.4014639	1.181641
17934	-2562.044	-2887.695	325.6504	1.836916	0.4014639	1.20222
17940	-2554.177	-2879.897	325.7199	1.999582	0.4044694	0.9822289
17946	-2552.639	-2878.273	325.6339	1.854566	0.3996676	1.204257
17952	-2555.108	-2880.455	325.3467	1.779531	0.6067919	1.220123
17958	-2553.57	-2879.199	325.6295	1.865246	0.3841461	1.224643
17964	-2559.412	-2884.951	325.5383	1.79139	0.4682787	1.232679
17970	-2564.158	-2890.009	325.8507	1.817934	0.4079443	1.026271
17976	-2588.352	-2913.998	325.6461	1.865515	0.5218464	0.9848851
17982	-2568.88	-2894.4	325.52	1.948361	0.5625661	0.9639981
17988	-2566.534	-2892.109	325.5747	1.947857	0.5542063	0.9198407
17994	-2574.317	-2899.872	325.5542	1.864042	0.5646867	1.01148
18000	-2580.48	-2906.182	325.7019	1.934504	0.4333153	1.01148
18006	-2566.404	-2891.899	325.4953	1.779358	0.4230618	1.343884
18012	-2561.621	-2886.841	325.22	1.59534	0.5340223	1.550116
18018	-2564.153	-2889.609	325.4561	1.568662	0.3748225	1.603816
18024	-2568.583	-2893.155	324.5722	1.571336	0.4934517	2.061501
18030	-2579.904	-2904.738	324.8348	1.508416	0.5954356	1.819694
18036	-2567.578	-2892.54	324.9626	1.530152	0.4644367	1.860252
18042	-2561.661	-2887.015	325.3547	1.704201	0.484253	1.427931
18048	-2564.084	-2889.375	325.2918	1.717643	0.484253	1.465726
18054	-2572.978	-2898.365	325.3862	1.74478	0.4986501	1.352792
18060	-2572.416	-2897.735	325.319	1.689954	0.5271903	1.412086
18066	-2576.588	-2901.964	325.3755	1.814508	0.4787316	1.332463
18072	-2564.418	-2890.052	325.6336	1.791406	0.3386779	1.358255
18078	-2565.87	-2891.346	325.4767	1.802959	0.4728123	1.26785
18084	-2544.068	-2869.59	325.5221	1.793459	0.4532263	1.266445
18090	-2580.414	-2905.944	325.5304	1.641184	0.309607	1.598663
18096	-2561.066	-2886.356	325.2898	1.649039	0.5661273	1.419522
18102	-2558.263	-2883.826	325.563	1.785846	0.448417	1.245812
18108	-2561.605	-2887.393	325.7871	1.855719	0.4068864	1.053049
18114	-2563.735	-2889.292	325.5565	1.923004	0.4989571	1.053049
18120	-2574.049	-2899.405	325.3557	1.745759	0.5820207	1.271028
18126	-2563.204	-2888.776	325.5723	1.67425	0.4326131	1.352261
18132	-2563.68	-2888.982	325.3021	1.743785	0.5523716	1.352261
18138	-2560.347	-2885.847	325.5002	1.733361	0.4848141	1.288924
18144	-2582.57	-2907.957	325.3871	1.714574	0.5401408	1.322884
18150	-2556.344	-2881.942	325.5978	1.781493	0.4364491	1.238355
18156	-2558.65	-2883.918	325.2683	1.69325	0.5010207	1.480772
18162	-2558.24	-2883.793	325.5534	1.75644	0.4907725	1.217063
18168	-2553.049	-2878.403	325.3538	1.729174	0.5960953	1.269246
18174	-2565.959	-2891.528	325.5686	1.748451	0.4235949	1.309092
18180	-2563.552	-2888.882	325.3297	1.593466	0.4523183	1.571281
18186	-2569.265	-2894.53	325.2658	1.552278	0.45466	1.64452
18192	-2562.598	-2887.966	325.3686	1.60722	0.4239091	1.570423
18198	-2547.487	-2872.786	325.2994	1.61614	0.413239	1.628769
18204	-2563.266	-2888.583	325.317	1.61418	0.3897227	1.650019
18210	-2556.035	-2881.178	325.1428	1.673804	0.5065671	1.581596
18216	-2567.397	-2892.834	325.4375	1.681178	0.388279	1.515028
18222	-2575.878	-2901.265	325.3868	1.672203	0.379371	1.57217
18228	-2561.375	-2886.76	325.3851	1.634906	0.4936844	1.445588
18234	-2549.978	-2875.514	325.5365	1.687423	0.4011356	1.41613
18240	-2555.08	-2880.315	325.2348	1.647639	0.5617925	1.467699
18246	-2548.416	-2873.995	325.5791	1.778032	0.4614771	1.219514
18252	-2547.196	-2872.651	325.4556	1.822665	0.5176728	1.206347
18258	-2569.922	-2895.262	325.3399	1.770614	0.6099444	1.229548
18264	-2557.691	-2882.938	325.2468	1.738702	0.707221	1.223294
18270	-2557.938	-2883.035	325.0965	1.693289	0.4188975	1.710892
18276	-2558.805	-2884.131	325.326	1.78959	0.5510158	1.29793
18282	-2555.764	-2881.354	325.5894	1.721884	0.5510158	1.131438
18288	-2555.412	-2880.896	325.4835	1.788377	0.5510158	1.166368
18294	-2551.847	-2877.289	325.442	1.74692	0.5510158	1.23741
18300	-2548.286	-2873.823	325.5365	1.752976	0.4785598	1.251523
18306	-2546.243	-2871.623	325.3798	1.762121	0.499789	1.342626
18312	-2553.323	-2878.776	325.4522	1.798416	0.5618666	1.170402
18318	-2563.19	-2888.911	325.7216	1.798416	0.4356589	1.117348
18324	-2564.965	-2890.713	325.7474	1.907515	0.4356589	0.9887585
18330	-2557.385	-2882.436	325.0512	1.544818	0.5892062	1.64844
18336	-2555.619	-2881.006	325.3873	1.670436	0.4802072	1.434052
18342	-2567.717	-2893.13	325.4129	1.679855	0.4599434	1.434052
18348	-2569.892	-2895.261	325.3692	1.751654	0.4999164	1.359188
18354	-2581.547	-2907.025	325.4782	1.774999	0.4575517	1.311124
18360	-2566.367	-2891.467	325.0994	1.661434	0.4684541	1.668255
18366	-2568.82	-2894.3	325.4804	1.906892	0.5710868	1.032303
18372	-2576.033	-2901.632	325.5985	1.809272	0.4951326	1.125236
18378	-2561.781	-2886.946	325.1649	1.742091	0.5186357	1.500182
18384	-2543.093	-2868.552	325.4588	1.656219	0.4234736	1.467201
18390	-2546.887	-2872.033	325.1462	1.616524	0.4028758	1.751241
18396	-2554.488	-2879.516	325.0283	1.571068	0.5167917	1.725406
18402	-2560.689	-2885.832	325.1432	1.632826	0.5167917	1.599107
18408	-2565.46	-2890.77	325.3099	1.864387	0.5535248	1.246406
18414	-2568.858	-2894.246	325.3882	1.796088	0.5215052	1.279787
18420	-2558.508	-2884.151	325.6425	1.777742	0.3967633	1.266256
18426	-2567.006	-2892.437	325.4312	1.65216	0.4792501	1.41562
18432	-2556.511	-2881.754	325.2421	1.571163	0.3529618	1.785778
18438	-2562.309	-2887.745	325.4357	1.546627	0.4326694	1.553721
18444	-2558.358	-2883.401	325.0428	1.529514	0.4326694	1.844566
18450	-2563.079	-2888.004	324.9245	1.546344	0.4924514	1.842514
18456	-2548.557	-2873.789	325.2323	1.562133	0.483829	1.625259
18462	-2558.114	-2883.326	325.2121	1.644549	0.483829	1.579995
18468	-2564.138	-2889.368	325.2299	1.79796	0.4656333	1.475944
18474	-2561.114	-2886.585	325.471	1.799	0.527053	1.200481
18480	-2560.733	-2886.011	325.2776	1.799726	0.7750812	1.066374
18486	-2550.652	-2876.189	325.5362	1.857042	0.5604738	1.042045
18492	-2551.098	-2876.658	325.56	1.877782	0.5604738	0.9984263
18498	-2543.999	-2869.398	325.3987	1.839035	0.6621569	1.051088
18504	-2548.138	-2873.697	325.5589	1.750063	0.5333899	1.157961
18510	-2581.862	-2907.431	325.5697	1.981759	0.5844379	0.8329225
18516	-2577.45	-2903.322	325.8724	1.960687	0.3835235	0.9046873
18522	-2574.411	-2899.882	325.4713	1.780021	0.483137	1.276641
18528	-2569.836	-2895.18	325.3446	1.831632	0.5378314	1.265031
18534	-2574.926	-2900.484	325.558	1.731926	0.4263598	1.326808
18540	-2569.868	-2895.481	325.613	1.878157	0.5290128	0.9940184
18546	-2570.843	-2896.407	325.5642	1.779636	0.5139598	1.154667
18552	-2574.004	-2899.455	325.4501	1.80259	0.6045421	1.112221
18558	-2572.826	-2898.038	325.212	1.823519	0.6262949	1.272584
18564	-2583.527	-2908.858	325.3304	1.820856	0.7161685	1.065718
18570	-2579.063	-2904.633	325.5699	1.944762	0.5444092	0.9446926
18576	-2580.901	-2906.552	325.6511	1.944762	0.4123321	1.087451
18582	-2587.47	-2912.912	325.4411	1.944762	0.5859228	1.01201
18588	-2573.172	-2898.769	325.5972	1.822656	0.4237775	1.223792
18594	-2575.768	-2901.336	325.5675	1.698965	0.5337642	1.194404
18600	-2555.956	-2881.435	325.4793	1.816482	0.5154274	1.194404
18606	-2560.64	-2886.366	325.726	1.819642	0.3764219	1.194404
18612	-2559.138	-2884.536	325.3975	1.788394	0.5736604	1.210787
18618	-2555.24	-2880.569	325.3288	1.682684	0.5348169	1.400773
18624	-2567.756	-2892.961	325.2049	1.646388	0.5004193	1.563575
18630	-2581.753	-2906.718	324.9644	1.493747	0.3577896	2.019875
18636	-2569.672	-2894.694	325.0215	1.491308	0.469807	1.840129
18642	-2562.136	-2887.261	325.1258	1.531625	0.469807	1.739741
18648	-2554.546	-2879.65	325.1045	1.552929	0.469807	1.739741
18654	-2553.557	-2878.73	325.1726	1.633828	0.5614382	1.525199
18660	-2549.374	-2874.888	325.5146	1.725354	0.439621	1.347376
18666	-2565.804	-2891.233	325.4296	1.777878	0.5850114	1.17766
18672	-2585.618	-2911.09	325.4727	1.608515	0.6150835	1.247914
18678	-2573.364	-2899.066	325.7027	1.726405	0.4645935	1.152581
18684	-2556.419	-2882.058	325.6388	1.91584	0.4840965	1.004129
18690	-2563.004	-2888.446	325.442	1.879706	0.6335419	1.007744
18696	-2561.68	-2887.228	325.5487	1.767099	0.4586039	1.258391
18702	-2559.096	-2884.418	325.3226	1.777763	0.3840885	1.534785
18708	-2571.361	-2896.565	325.2048	1.708246	0.6087707	1.390681
18714	-2559.181	-2884.49	325.3096	1.709348	0.5383043	1.390681
18720	-2561.261	-2886.505	325.2439	1.683168	0.4279768	1.600519
18726	-2565.966	-2891.25	325.2844	1.709994	0.4598449	1.508698
18732	-2567.617	-2892.9	325.2835	1.802722	0.4598449	1.439211
18738	-2555.331	-2880.98	325.6494	1.838456	0.4157667	1.178324
18744	-2574.1	-2899.467	325.3668	1.80255	0.5752226	1.222898
18750	-2555.403	-2880.879	325.4765	1.875695	0.45582	1.232013
18756	-2553.747	-2879.339	325.5922	1.889914	0.4958992	1.055375
18762	-2561.656	-2887.19	325.5348	1.948528	0.5696402	0.9368321
18768	-2566.316	-2891.744	325.428	2.020433	0.6616068	0.8250985
18774	-2574.276	-2900.007	325.7307	2.02684	0.4055801	0.940325
18780	-2568.764	-2894.29	325.5256	1.889347	0.6139992	0.940325
18786	-2571.907	-2897.445	325.5379	1.958915	0.6139992	0.8473587
18792	-2576.228	-2901.815	325.5868	1.855896	0.4591401	1.148928
18798	-2569.309	-2894.75	325.4406	1.771571	0.6073656	1.144884
18804	-2577.002	-2902.557	325.5559	1.878	0.5427382	1.029269
18810	-2575.544	-2900.974	325.4299	1.800139	0.5202874	1.243486
18816	-2572.007	-2897.788	325.7818	1.84754	0.4151008	1.051121
18822	-2568.652	-2893.989	325.3372	1.785342	0.4300215	1.452298
18828	-2567.602	-2893.019	325.4164	1.665405	0.4526129	1.452298
18834	-2575.244	-2900.738	325.4936	1.811218	0.4526129	1.276192
18840	-2561.771	-2887.108	325.3371	1.608791	0.6018573	1.372781
18846	-2563.857	-2889.142	325.2849	1.728431	0.4348359	1.527847
18852	-2559.2	-2884.591	325.3909	1.637942	0.3531657	1.633047
18858	-2561.16	-2886.008	324.8479	1.543064	0.3950007	2.014853
18864	-2571.674	-2896.575	324.9013	1.560344	0.4179542	1.93826
18870	-2561.488	-2885.746	324.2579	1.490439	0.567314	2.242497
18876	-2569.231	-2893.679	324.4481	1.328468	0.5228411	2.268878
18882	-2558.591	-2882.987	324.3958	1.381375	0.5048135	2.287229
18888	-2561.18	-2885.631	324.4514	1.363215	0.6473154	2.124703
18894	-2538.946	-2862.942	323.996	1.297524	0.5823925	2.516179
18900	-2549.032	-2873.488	324.456	1.373422	0.3616637	2.420748
18906	-2554.788	-2878.949	324.1613	1.483712	0.3846498	2.507337
18912	-2544.833	-2869.334	324.5016	1.442566	0.7037231	1.989323
18918	-2544.871	-2870.025	325.1548	1.584557	0.5485762	1.589148
18924	-2560.342	-2885.746	325.4041	1.617976	0.5369894	1.389863
18930	-2565.993	-2891.403	325.4104	1.589122	0.5514151	1.389863
18936	-2560.243	-2885.538	325.2952	1.584598	0.473085	1.57649
18942	-2579.547	-2904.365	324.8176	1.603665	0.6276831	1.733229
18948	-2577.582	-2902.827	325.2454	1.75639	0.5945878	1.336848
18954	-2575.305	-2900.82	325.515	1.740808	0.5300931	1.208534
18960	-2577.284	-2902.773	325.4891	1.833665	0.6018162	1.050689
18966	-2563.952	-2889.517	325.565	1.778186	0.6018162	1.031023
18972	-2564.32	-2889.65	325.3295	1.825394	0.6432759	1.150741
18978	-2569.265	-2894.73	325.4648	1.808468	0.4954593	1.241339
18984	-2580.371	-2905.923	325.5524	1.847115	0.4526062	1.196668
18990	-2566.719	-2892.379	325.6597	1.832711	0.4257992	1.158009
18996	-2560.362	-2885.707	325.3453	1.721377	0.5131843	1.384686
19002	-2563.508	-2888.762	325.2536	1.676267	0.5306244	1.468515
19008	-2565.987	-2891.332	325.3459	1.60792	0.5156241	1.468515
19014	-2567.867	-2893.384	325.5173	1.767979	0.4166436	1.344915
19020	-2582.413	-2907.166	324.753	1.568855	0.624359	1.805771
19026	-2572.527	-2897.33	324.803	1.456852	0.4978271	1.979331
19032	-2569.304	-2894.619	325.3151	1.767667	0.6180036	1.243136
19038	-2565.533	-2890.901	325.3672	1.788424	0.4806342	1.357254
19044	-2570.596	-2895.862	325.2661	1.788424	0.5050348	1.404583
19050	-2569.843	-2895.149	325.3063	1.741771	0.4496557	1.481909
19056	-2562.56	-2888.106	325.5461	1.784439	0.4533806	1.25373
19062	-2575.675	-2901.112	325.4372	1.586186	0.4976288	1.437967
19068	-2566.09	-2891.272	325.1823	1.728569	0.5509731	1.458719
19074	-2552.208	-2877.835	325.6264	1.90672	0.4684126	1.051226
19080	-2549.73	-2875.111	325.3816	1.772152	0.6202889	1.179911
19086	-2558.613	-2883.896	325.2835	1.772152	0.5309125	1.371059
19092	-2559.273	-2884.749	325.4764	1.781053	0.5382237	1.196109
19098	-2558.306	-2883.872	325.5668	1.803214	0.5138262	1.131601
19104	-2569.637	-2894.895	325.2578	1.70344	0.5096304	1.470296
19110	-2576.692	-2902.187	325.4946	1.747541	0.4039647	1.397758
19116	-2562.478	-2887.627	325.149	1.50234	0.5651649	1.634533
19122	-2573.205	-2898.141	324.9352	1.578075	0.5222588	1.779487
19128	-2555.875	-2880.744	324.8693	1.513115	0.6388877	1.749457
19134	-2576.853	-2902.412	325.5593	1.744992	0.4954518	1.215204
19140	-2575.473	-2900.255	324.7821	1.420321	0.4331148	2.092007
19146	-2568.533	-2893.415	324.8811	1.488172	0.4365365	1.977284
19152	-2568.206	-2893.011	324.8042	1.496301	0.4365365	2.023101
19158	-2569.301	-2894.201	324.8994	1.531144	0.4764849	1.888456
19164	-2569.196	-2894.608	325.4119	1.685611	0.4509558	1.442549
19170	-2566.058	-2891.04	324.9828	1.695138	0.6419829	1.5338
19176	-2562.336	-2887.561	325.2254	1.684557	0.4630443	1.567071
19182	-2569.738	-2895.229	325.4914	1.725662	0.4987736	1.283296
19188	-2571.956	-2897.459	325.503	1.895945	0.4327631	1.22752
19194	-2555.269	-2880.767	325.4986	1.903823	0.586183	0.9950956
19200	-2554.832	-2880.318	325.4865	1.787559	0.586183	1.1171
19206	-2574.63	-2900.163	325.5323	1.918093	0.5934169	0.9342476
19212	-2575.522	-2901.069	325.5467	2.006781	0.4769768	1.017311
19218	-2572.319	-2897.839	325.5202	2.006781	0.5421055	0.9353722
19224	-2562.709	-2888.202	325.4937	1.980688	0.6407897	0.8283937
19230	-2559.328	-2885.048	325.72	1.983988	0.4912964	0.8254055
19236	-2571.82	-2897.471	325.6516	1.947992	0.5648267	0.8089549
19242	-2561.39	-2887.035	325.6453	1.896479	0.5204934	0.9559845
19248	-2573.648	-2899.331	325.6829	1.896479	0.499167	0.9530514
19254	-2563.074	-2888.389	325.315	1.96455	0.7632759	0.8715147
19260	-2562.868	-2888.477	325.609	1.999102	0.5138806	0.8954377
19266	-2565.792	-2891.516	325.7239	2.02206	0.3923048	0.9792211
19272	-2564.857	-2890.449	325.5916	2.02206	0.5673012	0.7850982
19278	-2566.071	-2891.652	325.5814	1.87648	0.5673012	0.9673788
19284	-2567.325	-2892.952	325.6269	1.91152	0.4310081	1.108312
19290	-2577.006	-2902.765	325.7584	1.941402	0.4310081	0.9511442
19296	-2568.005	-2893.564	325.5582	1.805722	0.5229572	1.123825
19302	-2563.385	-2888.923	325.5386	1.824397	0.4629039	1.212352
19308	-2549.635	-2875.244	325.6086	1.854642	0.5281365	1.023026
19314	-2560.209	-2885.712	325.5037	2.016631	0.5384161	0.9485863
19320	-2569.065	-2894.495	325.4299	1.895318	0.4889572	1.206627
19326	-2547.035	-2872.554	325.5192	1.82544	0.4616372	1.229836
19332	-2563.617	-2889.166	325.5489	1.85573	0.5539003	1.040786
19338	-2566.425	-2892.034	325.6086	1.883598	0.5219119	1.004328
19344	-2568.638	-2894.306	325.6672	1.90594	0.4731184	1.004328
19350	-2567.472	-2893.136	325.6644	1.989488	0.5082246	0.8527686
19356	-2569.153	-2894.656	325.5021	1.965997	0.5082246	1.049389
19362	-2543.496	-2869.145	325.6491	1.867976	0.4478937	1.099936
19368	-2561.743	-2887.347	325.6037	1.903863	0.4532316	1.099936
19374	-2551.378	-2877.072	325.6938	1.846048	0.4394109	1.09296
19380	-2561.79	-2887.358	325.5675	2.106232	0.4942888	0.8565792
19386	-2566.585	-2891.936	325.3511	2.048258	0.6450335	0.909816
19392	-2560.856	-2886.252	325.3954	1.9835	0.604393	0.9920032
19398	-2564.916	-2890.493	325.5769	1.854639	0.5747153	0.9829286
19404	-2561.651	-2887.222	325.5707	1.734941	0.48008	1.235897
19410	-2561.546	-2887.049	325.5037	1.917191	0.4464668	1.187656
19416	-2565.475	-2891.041	325.5662	1.782191	0.5453325	1.10589
19422	-2557.684	-2883.211	325.527	1.73556	0.537815	1.192265
19428	-2567.051	-2892.629	325.5778	1.801473	0.4856825	1.16462
19434	-2572.999	-2898.679	325.6807	1.868101	0.4502204	1.066613
19440	-2557.622	-2883.288	325.6659	1.87436	0.5072463	0.9798348
19446	-2564.678	-2890.331	325.6534	1.861391	0.5026029	1.013051
19452	-2566.487	-2892.086	325.599	1.861391	0.5458316	0.9982974
19458	-2568.864	-2894.405	325.5412	1.912319	0.5458316	1.005246
19464	-2569.499	-2895.019	325.5199	1.815297	0.5438964	1.119858
19470	-2568.483	-2893.773	325.2907	1.902425	0.6225099	1.142609
19476	-2573.401	-2898.414	325.0127	1.721623	0.6748508	1.45786
19482	-2562.533	-2888.129	325.5965	1.834004	0.5090074	1.083598
19488	-2584.874	-2910.615	325.7414	1.804611	0.4677119	1.040078
19494	-2589.109	-2914.781	325.6714	2.055359	0.5401596	0.6706851
19500	-2563.013	-2888.334	325.3208	1.644433	0.4586911	1.531892
19506	-2560.592	-2885.834	325.2416	1.569374	0.4545767	1.649721
19512	-2572.587	-2897.08	324.4925	1.538152	0.4726161	2.158595
19518	-2569.033	-2893.798	324.7651	1.467791	0.3602956	2.16449
19524	-2562.469	-2887.074	324.6055	1.432417	0.5287365	2.093211
19530	-2567.769	-2892.567	324.7981	1.440382	0.4127008	2.093211
19536	-2577.373	-2902.443	325.0703	1.567414	0.4695739	1.753862
19542	-2578.173	-2903.122	324.9494	1.480946	0.5377014	1.81996
19548	-2565.121	-2890.595	325.4743	1.712701	0.4474539	1.378046
19554	-2556.246	-2881.688	325.4417	1.693514	0.4846571	1.368019
19560	-2558.634	-2883.978	325.3432	1.681135	0.5042187	1.428926
19566	-2558.041	-2883.625	325.5846	1.669955	0.3868488	1.413962
19572	-2562.589	-2887.855	325.2655	1.633741	0.4556043	1.584479
19578	-2565.522	-2890.677	325.1547	1.626457	0.5260894	1.584479
19584	-2575.465	-2900.418	324.9537	1.582685	0.4840302	1.807111
19590	-2569.402	-2894.519	325.1162	1.438762	0.4824218	1.796156
19596	-2577.716	-2902.54	324.824	1.594304	0.5678541	1.796156
19602	-2579.417	-2904.673	325.2562	1.521501	0.4028231	1.740831
19608	-2569.54	-2894.699	325.1585	1.739963	0.620705	1.388753
19614	-2566.145	-2891.536	325.3905	1.53607	0.4534126	1.567308
19620	-2571.11	-2896.619	325.5094	1.838117	0.4703203	1.214607
19626	-2570.637	-2896.25	325.6125	1.716681	0.4810106	1.214607
19632	-2567.533	-2892.897	325.3638	1.633948	0.5536752	1.388527
19638	-2564.695	-2890.202	325.507	1.745682	0.4789567	1.281375
19644	-2552.653	-2878.163	325.5098	1.693279	0.4286437	1.392178
19650	-2570.036	-2895.31	325.2735	1.693279	0.6045022	1.353251
19656	-2553.902	-2879.374	325.4721	1.739209	0.4358089	1.375476
19662	-2555.045	-2880.575	325.5303	1.741968	0.4358089	1.327056
19668	-2565.44	-2890.902	325.4621	1.830931	0.55431	1.143251
19674	-2549.476	-2875.135	325.6594	2.060145	0.4961865	0.7944419
19680	-2559.573	-2885.519	325.9458	1.954867	0.3291586	0.9541827
19686	-2565.124	-2890.786	325.6624	1.922929	0.4654098	1.005505
19692	-2566.67	-2892.336	325.666	1.948044	0.4654098	0.9765436
19698	-2566.377	-2891.924	325.5467	1.934299	0.4962166	1.056009
19704	-2555.35	-2880.922	325.5716	1.94132	0.5832003	0.8814699
19710	-2589.488	-2915.07	325.5821	1.922401	0.4910063	1.041802
19716	-2583.294	-2908.804	325.5106	1.959357	0.5764274	0.9402529
19722	-2579.422	-2904.855	325.4323	2.007371	0.623067	0.8991484
19728	-2565.999	-2891.879	325.8803	1.939999	0.3627709	0.9635617
19734	-2557.868	-2883.466	325.5982	2.005728	0.5707396	0.7913537
19740	-2559.061	-2884.721	325.6597	2.012496	0.4774921	0.89141
19746	-2567.072	-2892.69	325.6188	1.931936	0.5112614	0.9622446
19752	-2561.321	-2886.657	325.3356	1.934439	0.6745483	1.003371
19758	-2550.806	-2876.539	325.732	1.904009	0.4970121	0.8952064
19764	-2536.465	-2862.093	325.6286	1.668462	0.3940661	1.369769
19770	-2555.94	-2881.061	325.1209	1.518344	0.4974513	1.719682
19776	-2568.328	-2893.449	325.1214	1.582769	0.5101001	1.65874
19782	-2540.862	-2866.4	325.5384	1.652772	0.4452057	1.377936
19788	-2539.162	-2864.843	325.6806	1.786289	0.4452057	1.149419
19794	-2533.112	-2858.604	325.4918	1.716386	0.4984372	1.29098
19800	-2549.434	-2874.78	325.3463	1.810798	0.5415085	1.276121
19806	-2548.127	-2873.417	325.2897	1.775855	0.5415085	1.350005
19812	-2557.68	-2883.08	325.4003	1.720453	0.5415085	1.305777
19818	-2557.389	-2882.62	325.2308	1.651864	0.459058	1.592198
19824	-2561.83	-2887.069	325.2383	1.69249	0.4321862	1.592198
19830	-2577.22	-2902.76	325.5399	1.733933	0.4165571	1.354186
19836	-2568.89	-2894.172	325.2819	1.756899	0.602143	1.298167
19842	-2565.793	-2891.243	325.4499	1.711844	0.5215209	1.298167
19848	-2574.321	-2899.579	325.2588	1.7439	0.5489845	1.390361
19854	-2562.785	-2888.432	325.6474	1.930194	0.4768351	0.9934837
19860	-2579.429	-2905.132	325.7026	1.937678	0.4411366	0.9934837
19866	-2577.09	-2902.579	325.4888	1.967535	0.5296737	1.027414
19872	-2586.23	-2911.838	325.6071	1.845298	0.5071146	1.065971
19878	-2570.676	-2896.193	325.517	1.944696	0.6302812	0.8618027
19884	-2585.085	-2910.659	325.5739	2.029524	0.5049954	0.9168944
19890	-2576.881	-2902.577	325.696	1.999705	0.4993237	0.8188747
19896	-2571.362	-2896.995	325.6329	1.999705	0.4993237	0.8947031
19902	-2556.605	-2882.306	325.7002	1.984698	0.4321698	0.9645728
19908	-2559.622	-2885.162	325.5401	1.924351	0.5666769	0.9615577
19914	-2553.085	-2878.721	325.6356	1.99684	0.4631414	0.9615577
19920	-2568.637	-2894.275	325.6381	1.929687	0.5422903	0.8898674
19926	-2579.12	-2904.676	325.5563	1.788835	0.5514632	1.100208
19932	-2563.917	-2889.241	325.3241	1.692263	0.5522802	1.375624
19938	-2553.871	-2878.864	324.9921	1.622637	0.5522802	1.674859
19944	-2559.229	-2884.466	325.2367	1.728989	0.605136	1.353409
19950	-2559.529	-2884.818	325.2892	1.772015	0.6167828	1.262508
19956	-2554.329	-2879.735	325.4062	1.678064	0.5309286	1.348383
19962	-2562.751	-2888.082	325.3305	1.708482	0.5309286	1.384084
19968	-2562.989	-2888.147	325.1586	1.7033	0.5483096	1.498847
19974	-2560.969	-2886.18	325.2104	1.743425	0.4911809	1.498847
19980	-2567.091	-2892.545	325.4541	1.673593	0.3884507	1.508025
19986	-2561.6	-2887.023	325.4237	1.725171	0.5059061	1.329032
19992	-2561.88	-2887.339	325.4585	1.650614	0.5059061	1.360644
19998	-2558.476	-2883.599	325.1222	1.54957	0.5796665	1.603994
20004	-2574.621	-2899.513	324.8913	1.463097	0.5761075	1.831673
20010	-2579.157	-2903.867	324.7093	1.540904	0.6487939	1.831673
20016	-2560.034	-2885.118	325.0832	1.473346	0.4016701	1.89493
20022	-2559.359	-2884.686	325.3266	1.568817	0.4634844	1.577236
20028	-2567.203	-2892.226	325.0228	1.544167	0.5665687	1.693321
20034	-2558.636	-2883.66	325.0242	1.591756	0.4688433	1.769892
20040	-2575.337	-2900.753	325.4156	1.682163	0.5474419	1.31684
20046	-2567.355	-2892.598	325.2429	1.630649	0.5494243	1.488809
20052	-2561.299	-2886.617	325.3183	1.790919	0.6817917	1.144969
20058	-2565.806	-2891.199	325.3928	1.815231	0.5968221	1.162026
20064	-2559.735	-2885.281	325.5468	1.886346	0.5176552	1.067996
20070	-2559.71	-2885.29	325.5792	1.809798	0.548393	1.063768
20076	-2565.35	-2890.946	325.596	1.724518	0.4944769	1.202736
20082	-2580.497	-2905.875	325.3776	1.829916	0.4831976	1.312267
20088	-2571.794	-2897.232	325.4385	1.968373	0.4702059	1.1636
20094	-2569.155	-2894.292	325.137	1.750844	0.3869165	1.684939
20100	-2562.104	-2887.447	325.3435	1.814777	0.504335	1.323545
20106	-2559.022	-2884.653	325.6317	1.804605	0.3816138	1.277513
20112	-2557.807	-2883.293	325.4863	1.811174	0.589297	1.091523
20118	-2553.506	-2879.018	325.5116	1.83548	0.47077	1.214342
20124	-2560.574	-2886.144	325.5693	1.867526	0.459378	1.153796
20130	-2549.786	-2875.313	325.5268	1.856629	0.459378	1.200236
20136	-2555.718	-2881.208	325.4909	1.755759	0.4580316	1.315732
20142	-2563.487	-2889.249	325.7621	1.705121	0.4324353	1.169475
20148	-2561.474	-2886.863	325.3896	1.683948	0.4641476	1.443138
20154	-2572.223	-2897.468	325.2446	1.65625	0.5709712	1.443138
20160	-2558	-2883.483	325.4828	1.717161	0.4881034	1.311657
20166	-2555.78	-2881.344	325.5641	1.651808	0.4783649	1.312108
20172	-2560.683	-2886.283	325.6004	1.651808	0.4835878	1.275346
20178	-2554.559	-2879.956	325.3969	1.720236	0.4827569	1.384692
20184	-2563.252	-2888.476	325.2243	1.547146	0.5112328	1.60897
20190	-2561.14	-2886.409	325.269	1.528989	0.5766805	1.514354
20196	-2545.736	-2870.916	325.1798	1.664807	0.6462377	1.402931
20202	-2557.533	-2882.882	325.3492	1.712742	0.6370522	1.238124
20208	-2557.171	-2882.949	325.778	1.787128	0.3421776	1.238124
20214	-2569.287	-2894.951	325.6644	1.787128	0.3980635	1.238124
20220	-2578.965	-2904.427	325.4622	1.77051	0.5154964	1.247766
20226	-2553.182	-2878.39	325.2076	1.719043	0.6078827	1.381078
20232	-2550.425	-2876.007	325.5817	1.911407	0.5556812	0.9490258
20238	-2560.485	-2885.965	325.4802	1.926724	0.5704093	1.01411
20244	-2567.592	-2893.079	325.4872	2.069088	0.5704093	0.8527818
20250	-2554.959	-2880.587	325.6285	1.77654	0.4740106	1.159403
20256	-2552.136	-2877.734	325.5984	1.803303	0.56913	1.021115
20262	-2557.142	-2882.827	325.685	1.773335	0.3571569	1.300193
20268	-2546.337	-2871.602	325.2654	1.725489	0.5195362	1.435458
20274	-2558.228	-2883.737	325.5088	1.752158	0.4460913	1.321225
20280	-2559.929	-2885.498	325.5692	1.749589	0.4097508	1.328569
20286	-2555.98	-2881.4	325.4202	1.75961	0.4876244	1.328569
20292	-2556.672	-2881.935	325.263	1.724667	0.4734818	1.495998
20298	-2561.516	-2886.906	325.3904	1.7236	0.545742	1.305905
20304	-2557.262	-2882.767	325.5052	1.745989	0.4623675	1.305905
20310	-2563.109	-2888.52	325.4107	1.647571	0.59887	1.28619
20316	-2557.984	-2883.504	325.5195	1.684226	0.426849	1.394194
20322	-2574.899	-2900.601	325.7021	1.772987	0.4041697	1.208295
20328	-2582.561	-2908.381	325.8195	1.86429	0.341089	1.137652
20334	-2564.819	-2890.614	325.7948	1.92293	0.3604613	1.069353
20340	-2558.038	-2883.94	325.9025	1.94556	0.3610695	0.9380235
20346	-2555.447	-2881.144	325.6979	1.991596	0.5016577	0.8219024
20352	-2558.988	-2884.573	325.5846	1.986801	0.537939	0.8935762
20358	-2549.828	-2875.694	325.8661	1.937922	0.4062857	0.887526
20364	-2566.737	-2892.335	325.5981	1.92264	0.5773784	0.8823764
20370	-2566.464	-2892.012	325.5481	2.00931	0.585673	0.823141
20376	-2560.081	-2885.617	325.5357	2.083428	0.5728271	0.7656288
20382	-2567.625	-2893.328	325.7037	2.122321	0.451524	0.752209
20388	-2586.215	-2911.679	325.4643	2.136151	0.5779146	0.781311
20394	-2562.546	-2888.027	325.481	2.059869	0.6061883	0.8058058
20400	-2559.883	-2885.314	325.431	2.059869	0.6415322	0.8058058
20406	-2574.232	-2899.956	325.7239	1.979373	0.4775366	0.8550463
20412	-2570.343	-2895.914	325.5713	1.906329	0.5254456	1.013124
20418	-2562.848	-2888.429	325.5802	1.84405	0.4416556	1.19219
20424	-2560.726	-2886.151	325.425	1.825198	0.531178	1.211855
20430	-2562.214	-2887.583	325.3683	1.807714	0.6006697	1.185063
20436	-2576.063	-2901.461	325.3979	1.747873	0.489142	1.353669
20442	-2569.799	-2895.357	325.5584	1.743835	0.489142	1.225879
20448	-2583.702	-2908.782	325.0795	1.588878	0.5953318	1.589599
20454	-2563.785	-2888.952	325.1667	1.71188	0.5332911	1.503916
20460	-2566.602	-2891.77	325.1683	1.592897	0.5011983	1.628303
20466	-2567.021	-2892.005	324.9843	1.463951	0.4705138	1.88339
20472	-2573.846	-2899.176	325.33	1.581547	0.4847886	1.538431
20478	-2574.252	-2899.543	325.2914	1.585769	0.4874043	1.560499
20484	-2558.128	-2883.167	325.0392	1.57954	0.6975425	1.522278
20490	-2564.838	-2890.096	325.2583	1.450214	0.4809904	1.690225
20496	-2572.717	-2897.549	324.8322	1.555156	0.4809904	1.912568
20502	-2572.773	-2898.006	325.2333	1.555566	0.4597502	1.65906
20508	-2572.72	-2897.75	325.0296	1.467417	0.4301218	1.899108
20514	-2572.298	-2897.203	324.9045	1.410061	0.4301218	2.021572
20520	-2568.436	-2893.122	324.6855	1.476167	0.6152187	1.924088
20526	-2555.005	-2880.302	325.2966	1.642778	0.5843734	1.397939
20532	-2574.162	-2899.506	325.344	1.650157	0.5636126	1.379483
20538	-2563.243	-2888.599	325.3563	1.650157	0.5555547	1.379483
20544	-2548.548	-2874.045	325.4966	1.69796	0.5668102	1.212203
20550	-2573.29	-2899.077	325.7871	1.7271	0.3893926	1.199337
20556	-2563.885	-2889.685	325.8005	1.778977	0.3684199	1.179173
20562	-2570.242	-2895.543	325.301	1.871582	0.6242138	1.158647
20568	-2564.377	-2889.696	325.3185	1.775037	0.5756813	1.285304
20574	-2571.596	-2896.978	325.3822	1.742512	0.5860756	1.246762
20580	-2575.795	-2901.358	325.5631	1.865198	0.5312794	1.051974
20586	-2572.405	-2898.164	325.7586	1.957817	0.4772569	0.8396038
20592	-2570.775	-2896.443	325.6673	1.842101	0.4077765	1.172799
20598	-2560.687	-2886.283	325.5958	1.803864	0.5504101	1.050719
20604	-2577.526	-2902.997	325.4705	1.910944	0.5600986	1.053874
20610	-2577.188	-2902.831	325.643	1.917048	0.5067997	0.9601216
20616	-2580.57	-2906.313	325.7426	1.874411	0.4562193	0.9898091
20622	-2567.582	-2893.123	325.5408	1.757329	0.5826647	1.099932
20628	-2562.205	-2887.651	325.4454	1.647046	0.4899492	1.394499
20634	-2567.23	-2892.042	324.8124	1.642485	0.6789582	1.659607
20640	-2568.25	-2893.424	325.1744	1.572074	0.4369331	1.718085
20646	-2565.858	-2890.856	324.9981	1.603063	0.4763102	1.771317
20652	-2574.789	-2898.731	323.9424	1.511845	0.7397484	2.279462
20658	-2563.674	-2888.124	324.4502	1.364014	0.5379002	2.229312
20664	-2570.216	-2894.371	324.155	1.304189	0.44261	2.554983
20670	-2565.792	-2889.873	324.0816	1.374184	0.5566549	2.438894
20676	-2581.834	-2906.048	324.2133	1.323396	0.4564927	2.491245
20682	-2555.543	-2879.944	324.4007	1.371405	0.618863	2.178321
20688	-2556.937	-2881.454	324.5176	1.397572	0.5006469	2.202843
20694	-2554.957	-2879.725	324.768	1.51525	0.4730274	1.991715
20700	-2558.725	-2883.967	325.2418	1.664644	0.4964924	1.527675
20706	-2554.954	-2880.436	325.4828	1.781746	0.4964924	1.247138
20712	-2558.577	-2883.819	325.2419	1.837734	0.6297614	1.23185
20718	-2555.212	-2880.834	325.6219	1.782705	0.4381285	1.214483
20724	-2550.592	-2876.003	325.4114	1.82159	0.6632278	1.054263
20730	-2562.161	-2887.556	325.3944	1.92096	0.5677341	1.104689
20736	-2556.182	-2882.022	325.8398	1.916548	0.3935847	0.965983
20742	-2565.444	-2891.042	325.5974	1.925096	0.4954846	1.017033
20748	-2576.144	-2901.586	325.442	1.907379	0.4503054	1.242608
20754	-2575.159	-2900.369	325.2107	1.75392	0.4367516	1.561293
20760	-2553.828	-2879.192	325.3635	1.696876	0.63585	1.240817
20766	-2574.608	-2899.875	325.2663	1.656541	0.63585	1.352779
20772	-2560.215	-2885.404	325.1892	1.740229	0.6311911	1.352779
20778	-2544.855	-2870.144	325.2896	1.71151	0.6030329	1.327587
20784	-2555.223	-2880.593	325.3696	1.580148	0.4867687	1.507461
20790	-2569.864	-2895.544	325.6799	1.761168	0.3545352	1.318545
20796	-2561.967	-2887.36	325.393	1.719022	0.5456724	1.307537
20802	-2563.97	-2889.457	325.4865	1.832256	0.5259728	1.159734
20808	-2554.833	-2880.197	325.3634	1.903888	0.5866667	1.122597
20814	-2551.953	-2877.637	325.6839	1.921262	0.4630159	0.9898194
20820	-2547.586	-2873.178	325.5918	1.872368	0.5463188	0.9937623
20826	-2560.031	-2885.499	325.4683	1.879533	0.6322833	0.9833171
20832	-2569.481	-2895.172	325.691	2.144302	0.4423054	0.7628147
20838	-2581.235	-2906.976	325.7405	2.128153	0.4423054	0.7109036
20844	-2572.803	-2898.388	325.5841	1.70134	0.5363139	1.174492
20850	-2568.6	-2894.105	325.5047	1.784071	0.5258658	1.185969
20856	-2566.321	-2891.615	325.2946	1.525107	0.586279	1.487354
20862	-2566.778	-2891.924	325.1458	1.521907	0.5023218	1.693833
20868	-2563.145	-2888.123	324.9783	1.602159	0.5220511	1.732748
20874	-2542.244	-2867.185	324.9403	1.46956	0.4125173	1.979846
20880	-2551.932	-2876.933	325.0002	1.482823	0.4702278	1.859999
20886	-2542.15	-2867.292	325.1422	1.598727	0.4643787	1.68744
20892	-2548.607	-2873.896	325.2895	1.575177	0.4253341	1.649096
20898	-2549.107	-2874.295	325.1885	1.501187	0.4261684	1.77164
20904	-2573.509	-2897.729	324.2199	1.51328	0.7353807	2.102217
20910	-2564.007	-2889.26	325.2536	1.529528	0.4159697	1.71949
20916	-2574.371	-2899.016	324.6454	1.531472	0.5762022	1.952258
20922	-2557.328	-2882.313	324.9848	1.647558	0.6183216	1.591703
20928	-2563.872	-2889.132	325.2595	1.581821	0.5521672	1.509812
20934	-2570.959	-2896.092	325.1332	1.553435	0.4487391	1.745191
20940	-2574.811	-2898.502	323.6913	1.21971	0.480315	2.850937
20946	-2570.988	-2895.306	324.3182	1.375583	0.4844175	2.36199
20952	-2580.144	-2904.815	324.6714	1.562877	0.7447466	1.755827
20958	-2578.587	-2903.858	325.271	1.508105	0.3898443	1.757453
20964	-2588.269	-2913.147	324.8776	1.471303	0.4608512	1.961865
20970	-2556.442	-2881.202	324.7603	1.580874	0.476109	1.949319
20976	-2569.136	-2894.227	325.0902	1.598456	0.4260723	1.772488
20982	-2570.181	-2895.325	325.1441	1.704954	0.6842462	1.359179
20988	-2562.824	-2888.048	325.2239	1.730339	0.6465662	1.315806
20994	-2559.283	-2884.596	325.3131	1.860454	0.7571678	0.9940464
21000	-2565.007	-2890.678	325.6716	1.850282	0.5244109	0.9701811
21006	-2561.235	-2886.734	325.4991	1.853992	0.5667769	1.071068
21012	-2568.819	-2894.19	325.3712	1.848755	0.6311112	1.107527
21018	-2576.008	-2901.621	325.6137	1.932114	0.4338936	1.0967
21024	-2569.854	-2895.45	325.5952	1.832299	0.4194102	1.224238
21030	-2570.819	-2896.191	325.3719	1.7772	0.501137	1.335121
21036	-2580.349	-2905.721	325.3715	1.746875	0.501137	1.359513
21042	-2574.156	-2899.522	325.3662	1.638024	0.5526604	1.384699
21048	-2581.481	-2906.887	325.4059	1.823121	0.5693357	1.179367
21054	-2567.867	-2893.485	325.6182	1.765985	0.5357781	1.086686
21060	-2556.208	-2881.654	325.446	1.769927	0.4165635	1.399579
21066	-2561.148	-2886.716	325.5679	1.692957	0.4215481	1.357092
21072	-2578.74	-2903.868	325.1271	1.618321	0.6311603	1.494672
21078	-2571.52	-2896.867	325.3464	1.729812	0.4983868	1.39619
21084	-2571.638	-2897.262	325.6242	1.767931	0.3763461	1.322002
21090	-2567.992	-2893.516	325.5234	1.678122	0.4430393	1.372875
21096	-2565.217	-2890.656	325.4395	1.704699	0.4531458	1.403602
21102	-2573.169	-2898.739	325.5706	1.776219	0.4963479	1.177364
21108	-2566.22	-2891.841	325.6206	1.88551	0.4840151	1.051487
21114	-2562.936	-2888.734	325.7975	1.881589	0.3890026	1.051487
21120	-2568.239	-2893.841	325.6014	1.829697	0.5331656	1.046451
21126	-2570.237	-2895.899	325.6621	1.921047	0.3974419	1.125063
21132	-2567.941	-2893.719	325.7775	1.834036	0.4395109	1.024842
21138	-2564.732	-2890.294	325.561	1.910308	0.5959784	0.9072718
21144	-2571.469	-2896.999	325.5301	1.912067	0.5532752	1.005055
21150	-2576.076	-2901.868	325.7921	1.978196	0.3646964	1.01028
21156	-2579.054	-2904.726	325.6718	1.876973	0.5333702	0.9266129
21162	-2574.47	-2899.988	325.5184	1.846355	0.4952235	1.163325
21168	-2573.965	-2898.986	325.0214	1.768519	0.7467415	1.342594
21174	-2577.432	-2902.703	325.2705	1.732333	0.6900606	1.227505
21180	-2562.362	-2887.955	325.5937	1.724999	0.4405697	1.282466
21186	-2565.245	-2890.835	325.59	1.881544	0.415069	1.193577
21192	-2573.344	-2898.536	325.1916	1.790475	0.5314745	1.427617
21198	-2576.686	-2902.056	325.3701	1.756941	0.423379	1.458242
21204	-2567.627	-2893.056	325.429	1.68478	0.414598	1.480674
21210	-2567.43	-2893.072	325.6419	1.736613	0.4298154	1.249213
21216	-2561.823	-2887.305	325.4817	1.902823	0.4980627	1.141658
21222	-2556.665	-2882.115	325.4503	1.791525	0.5668478	1.171443
21228	-2560.892	-2886.232	325.3397	1.795095	0.6407918	1.171443
21234	-2565.02	-2890.606	325.5858	1.814054	0.454768	1.193088
21240	-2566.074	-2891.435	325.3605	1.781647	0.5239417	1.310915
21246	-2561.506	-2886.955	325.4486	1.820005	0.5756156	1.136153
21252	-2565.32	-2890.559	325.2394	1.725664	0.5704021	1.394192
21258	-2567.311	-2892.668	325.3572	1.650972	0.5216958	1.419507
21264	-2584.389	-2909.885	325.4962	1.761184	0.5549533	1.173734
21270	-2581.287	-2906.965	325.6788	1.829465	0.4325053	1.133079
21276	-2552.099	-2877.557	325.4576	1.821151	0.4479719	1.304168
21282	-2556.849	-2882.282	325.4323	1.71565	0.4479719	1.407768
21288	-2544.486	-2869.97	325.4839	1.695297	0.4479719	1.383495
21294	-2552.754	-2878.184	325.4295	1.550413	0.4479719	1.535143
21300	-2563.929	-2889.009	325.0798	1.550413	0.5774122	1.636472
21306	-2556.368	-2881.388	325.0208	1.5731	0.4997689	1.748808
21312	-2561.033	-2886.652	325.6188	1.760001	0.5280491	1.102982
21318	-2571.385	-2896.842	325.4575	1.86359	0.5386462	1.139945
21324	-2567.449	-2893.138	325.6886	1.762475	0.476969	1.113814
21330	-2579.636	-2904.933	325.2976	1.796863	0.6090281	1.244068
21336	-2580.275	-2905.884	325.609	1.701692	0.4279663	1.307683
21342	-2563.947	-2889.551	325.6045	1.858585	0.4285932	1.17921
21348	-2555.561	-2881.22	325.6597	1.858585	0.3980354	1.181245
21354	-2551.729	-2877.337	325.6077	1.884012	0.4318	1.148904
21360	-2547.724	-2873.033	325.3096	1.703582	0.5023888	1.439821
21366	-2579.191	-2904.454	325.2623	1.660238	0.4017503	1.639451
21372	-2577.121	-2901.86	324.7393	1.429492	0.5009695	2.03651
21378	-2566.139	-2891.122	324.9831	1.619508	0.4665343	1.782004
21384	-2558.679	-2883.653	324.9742	1.46847	0.4513663	1.909965
21390	-2566.769	-2891.425	324.6558	1.549861	0.5845451	1.924475
21396	-2563.269	-2888.461	325.1923	1.527131	0.453931	1.715619
21402	-2559.903	-2885.067	325.1635	1.513614	0.4879354	1.704095
21408	-2556.755	-2880.928	324.1725	1.410458	0.6825766	2.244042
21414	-2567.51	-2892.907	325.3971	1.835743	0.6132955	1.11879
21420	-2574.618	-2899.795	325.1762	1.846929	0.77284	1.11879
21426	-2580.879	-2906.08	325.2005	1.80736	0.7184635	1.19189
21432	-2564.667	-2889.756	325.089	1.63047	0.4556118	1.713511
21438	-2572.603	-2898.011	325.408	1.650114	0.4456117	1.479764
21444	-2565.952	-2891.325	325.3736	1.583994	0.4677336	1.525905
21450	-2566.301	-2891.732	325.4306	1.583994	0.3942956	1.583166
21456	-2590.857	-2916.075	325.2186	1.589726	0.4164864	1.701021
21462	-2587.414	-2912.012	324.5979	1.506928	0.3521277	2.258236
21468	-2567.016	-2891.777	324.7618	1.459407	0.5387643	1.961041
21474	-2570.827	-2896.029	325.2014	1.580476	0.3318315	1.838637
21480	-2564.733	-2889.734	325.001	1.571736	0.4822952	1.783973
21486	-2558.287	-2883.326	325.0391	1.592117	0.570569	1.64313
21492	-2576.214	-2901.529	325.3156	1.676571	0.4139046	1.572134
21498	-2577.025	-2902.043	325.018	1.730437	0.5161197	1.619898
21504	-2569.645	-2895.064	325.4187	1.868526	0.443185	1.304279
21510	-2568.203	-2893.339	325.1362	1.562261	0.4391421	1.749008
21516	-2582.489	-2907.427	324.9381	1.562261	0.558787	1.748591
21522	-2586.44	-2911.135	324.695	1.63579	0.6452297	1.77933
21528	-2589.023	-2913.851	324.8279	1.507497	0.4852158	1.942851
21534	-2580.815	-2905.66	324.8454	1.527154	0.4086624	2.009663
21540	-2580.622	-2906.117	325.4949	1.757738	0.5953315	1.124382
21546	-2568.867	-2894.56	325.6927	1.88842	0.4971	0.9548153
21552	-2582.183	-2907.628	325.4444	1.905426	0.6617809	0.9388394
21558	-2572.173	-2897.4	325.2263	1.811117	0.6636783	1.228034
21564	-2571.164	-2896.849	325.6846	1.876727	0.4694931	1.022146
21570	-2573.894	-2899.243	325.3484	1.733754	0.5103153	1.376233
21576	-2583.312	-2908.686	325.3737	1.718699	0.4721305	1.418028
21582	-2573.973	-2899.268	325.2949	1.665529	0.5137968	1.46575
21588	-2557.91	-2882.94	325.0303	1.665552	0.573359	1.593338
21594	-2557.858	-2883.135	325.2766	1.555834	0.4848265	1.596422
21600	-2560.207	-2884.973	324.7667	1.600186	0.5575022	1.842447
21606	-2562.639	-2887.528	324.8899	1.516874	0.5835101	1.787885
21612	-2575.704	-2901.271	325.5672	1.615102	0.426206	1.411784
21618	-2556.758	-2881.369	324.6112	1.392714	0.5585252	2.085003
21624	-2560.135	-2884.923	324.7877	1.476673	0.4056706	2.085003
21630	-2577.211	-2902.257	325.0459	1.579395	0.5549901	1.664387
21636	-2583.377	-2908.49	325.1138	1.614844	0.461171	1.700164
21642	-2568.646	-2894.062	325.416	1.66761	0.3908739	1.537326
21648	-2565.313	-2890.282	324.9685	1.731006	0.6231718	1.537326
21654	-2566.505	-2892.085	325.5797	1.804235	0.4173792	1.263835
21660	-2562.221	-2887.784	325.5624	1.747709	0.4580627	1.263835
21666	-2565.309	-2890.439	325.1298	1.764026	0.5782611	1.440108
21672	-2555.008	-2880.142	325.1345	1.672932	0.4598789	1.645594
21678	-2553.106	-2878.608	325.5014	1.730223	0.5491994	1.203583
21684	-2559.367	-2884.905	325.5377	1.845274	0.4796947	1.170242
21690	-2551.563	-2877.059	325.496	1.818892	0.4650285	1.249819
21696	-2562.981	-2888.053	325.072	1.696314	0.5727874	1.540776
21702	-2552.835	-2878.217	325.3815	1.661733	0.5153183	1.400309
21708	-2572.584	-2898.016	325.432	1.723079	0.5153183	1.311719
21714	-2555.695	-2881.05	325.3552	1.7079	0.5753622	1.310477
21720	-2564.464	-2890.127	325.6634	1.77088	0.4775319	1.128061
21726	-2557.914	-2883.74	325.8261	1.826715	0.4238167	1.012598
21732	-2544.931	-2870.711	325.7804	1.860087	0.4238167	1.02461
21738	-2549.003	-2874.718	325.7153	1.84237	0.4781711	1.011169
21744	-2548.961	-2874.514	325.5534	1.899408	0.527359	1.034451
21750	-2558.406	-2883.973	325.5672	2.239018	0.5046137	0.6209294
21756	-2552.58	-2878.268	325.6882	2.133451	0.4931599	0.6295943
21762	-2544.989	-2870.602	325.6125	2.044207	0.5154241	0.8349085
21768	-2545.944	-2871.176	325.232	2.102904	0.7948754	0.7492672
21774	-2552.249	-2877.669	325.4195	2.102904	0.6859004	0.6609084
21780	-2550.006	-2875.751	325.7442	2.009465	0.4450086	0.8628032
21786	-2563.155	-2888.77	325.6149	1.92231	0.4450086	1.086095
21792	-2563.772	-2889.29	325.5175	1.855439	0.4450086	1.230739
21798	-2572.28	-2897.802	325.5219	1.799086	0.5569726	1.114435
21804	-2565.808	-2891.254	325.4458	1.826219	0.5044287	1.229879
21810	-2571.798	-2897.375	325.5769	1.903474	0.4655819	1.104966
21816	-2575.324	-2900.981	325.6569	1.900857	0.4800091	1.007904
21822	-2556.535	-2882.008	325.4736	1.923381	0.5844211	1.003229
21828	-2554.49	-2879.947	325.4572	1.944878	0.577727	1.008046
21834	-2559.72	-2885.366	325.6452	1.797419	0.5214799	1.053175
21840	-2556.555	-2881.983	325.4278	1.761657	0.5200233	1.277496
21846	-2558.82	-2884.231	325.4111	1.578131	0.5200233	1.436165
21852	-2566.366	-2892.048	325.6821	1.782212	0.3778705	1.260614
21858	-2564.543	-2890.044	325.501	1.690975	0.4517523	1.368108
21864	-2556.087	-2881.704	325.6174	1.803028	0.3863496	1.282861
21870	-2576.368	-2901.751	325.3827	1.664379	0.4284915	1.511364
21876	-2579.718	-2905.334	325.6158	1.731838	0.4885089	1.18802
21882	-2575.417	-2901.008	325.5904	1.606137	0.4985377	1.300384
21888	-2578.53	-2903.892	325.3615	1.731458	0.5638417	1.300384
21894	-2567.29	-2892.483	325.1932	1.605007	0.5638417	1.528628
21900	-2562.559	-2887.941	325.3821	1.577863	0.4339418	1.568456
21906	-2567.609	-2892.659	325.0504	1.512398	0.5071976	1.761978
21912	-2559.956	-2885.121	325.1652	1.497913	0.3726724	1.861275
21918	-2579.534	-2904.266	324.7325	1.541252	0.6015865	1.861275
21924	-2577.685	-2902.832	325.1475	1.546757	0.4888979	1.690845
21930	-2568.192	-2893.23	325.0375	1.462328	0.4370871	1.888565
21936	-2565.724	-2890.742	325.018	1.44364	0.4844859	1.858002
21942	-2561.735	-2886.311	324.5762	1.490797	0.5686637	2.033171
21948	-2563.535	-2888.507	324.9719	1.490797	0.5902767	1.741922
21954	-2558.824	-2884.324	325.5006	1.604616	0.4901224	1.384334
21960	-2550.843	-2875.952	325.1084	1.633705	0.4360991	1.722206
21966	-2553.097	-2878.116	325.0193	1.633375	0.4704224	1.742345
21972	-2565.64	-2890.528	324.8879	1.466996	0.568273	1.839464
21978	-2565.185	-2890.081	324.8963	1.610504	0.4425042	1.877145
21984	-2570.173	-2895.526	325.3535	1.504578	0.4960638	1.563898
21990	-2568.429	-2893.61	325.1814	1.601961	0.5322677	1.575636
21996	-2562.001	-2887.293	325.2919	1.718747	0.5890809	1.336288
22002	-2547.345	-2872.605	325.2595	1.670075	0.6459888	1.336288
22008	-2551.576	-2876.939	325.363	1.856608	0.6459888	1.088835
22014	-2562.648	-2888.014	325.3657	1.849889	0.5381647	1.231808
22020	-2563.473	-2888.986	325.5128	1.823129	0.4839038	1.204692
22026	-2556.516	-2881.996	325.4797	1.948206	0.5772052	0.9828743
22032	-2559.114	-2884.649	325.5349	1.949371	0.6329403	0.8297209
22038	-2561.632	-2887.398	325.7663	1.973063	0.4684824	0.8297209
22044	-2572.208	-2897.822	325.6145	1.973873	0.5446306	0.8616953
22050	-2557.429	-2883.132	325.7033	1.945089	0.4695703	0.932867
22056	-2556.363	-2881.973	325.6102	1.886105	0.5635096	0.932867
22062	-2558.326	-2883.848	325.5217	1.72519	0.5223628	1.226532
22068	-2562.447	-2888.036	325.5892	1.764253	0.4480491	1.242515
22074	-2549.731	-2875.333	325.6018	1.717302	0.5109969	1.180468
22080	-2556.419	-2881.966	325.5466	1.825927	0.4866785	1.169055
22086	-2559.843	-2885.417	325.5736	1.954248	0.4479914	1.089809
22092	-2551.39	-2876.996	325.6058	1.99046	0.5493176	0.8433729
22098	-2558.934	-2884.643	325.7094	2.0025	0.459252	0.8821133
22104	-2560.174	-2885.776	325.6013	2.032328	0.5477006	0.7987867
22110	-2590.81	-2916.069	325.2588	1.894068	0.6668168	1.12386
22116	-2587.644	-2913.119	325.475	2.027842	0.5536039	0.9421069
22122	-2584.498	-2909.814	325.3156	1.649775	0.5588596	1.407552
22128	-2573.02	-2897.948	324.9279	1.646839	0.4460522	1.826225
22134	-2572.719	-2897.564	324.8453	1.546616	0.5232305	1.862104
22140	-2582.375	-2907.08	324.7047	1.620249	0.3911006	2.063643
22146	-2583.553	-2908.179	324.6262	1.480941	0.4448115	2.140522
22152	-2555.606	-2881.291	325.6846	1.929719	0.4033608	1.086179
22158	-2570.094	-2895.857	325.7628	1.842882	0.3720278	1.14978
22164	-2574.028	-2899.663	325.635	1.957338	0.4802572	0.972582
22170	-2561.766	-2887.437	325.671	1.974978	0.4407527	0.9883974
22176	-2580.678	-2906.31	325.6319	1.986703	0.5451988	0.8233733
22182	-2572.631	-2898.273	325.6416	2.060598	0.5097531	0.7875979
22188	-2554.926	-2880.534	325.6086	2.091995	0.526203	0.7520897
22194	-2563.138	-2888.816	325.6779	2.092167	0.4925777	0.7295982
22200	-2559.588	-2885.016	325.4274	2.10262	0.6145682	0.804155
22206	-2576.543	-2902.095	325.5516	1.825064	0.5781443	1.032308
22212	-2567.212	-2892.542	325.3302	1.838456	0.5471803	1.259214
22218	-2564.115	-2889.651	325.5361	1.989041	0.6111526	0.8168723
22224	-2552.493	-2878.055	325.5617	2.047164	0.5500417	0.8262117
22230	-2575.937	-2901.636	325.6993	1.998991	0.4833408	0.8491571
22236	-2568.319	-2893.853	325.5339	1.912255	0.5722286	0.9718292
22242	-2572.705	-2898.299	325.5938	1.908904	0.5253248	0.9882516
22248	-2576.464	-2902.131	325.6676	1.889035	0.4781212	1.012183
22254	-2580.586	-2906.156	325.57	1.83319	0.3999929	1.275187
22260	-2571.386	-2896.955	325.5691	1.770546	0.4404729	1.265337
22266	-2557.418	-2883.096	325.6781	1.874112	0.4013384	1.14591
22272	-2575.172	-2900.64	325.468	1.883939	0.5230555	1.134415
22278	-2557.005	-2882.631	325.6264	1.851112	0.4068541	1.201851
22284	-2570.229	-2895.799	325.5705	1.826245	0.4969313	1.132481
22290	-2573.583	-2899.119	325.5358	2.1602	0.5664365	0.6506267
22296	-2572.025	-2897.503	325.4788	2.049877	0.6135544	0.8078841
22302	-2576.92	-2902.384	325.4643	1.802446	0.5292696	1.2003
22308	-2562.856	-2888.451	325.5949	1.719204	0.563442	1.111709
22314	-2567.545	-2892.998	325.4529	1.755255	0.588467	1.172621
22320	-2575.313	-2900.854	325.5408	2.085429	0.5126812	0.8768853
22326	-2572.408	-2898.08	325.6726	2.076135	0.5126812	0.7103085
22332	-2574.56	-2900.25	325.6895	2.036126	0.44129	0.9028783
22338	-2580.946	-2906.445	325.4989	2.004826	0.6101287	0.8456941
22344	-2568.176	-2893.796	325.6192	1.870351	0.5376357	0.9817794
22350	-2582.041	-2907.205	325.1633	1.586097	0.5119741	1.624052
22356	-2573.287	-2898.713	325.4262	1.668825	0.404514	1.509185
22362	-2559.288	-2884.734	325.446	1.712875	0.4638736	1.377437
22368	-2571.814	-2897.707	325.8925	1.803992	0.3442838	1.120071
22374	-2568.565	-2894.059	325.4944	2.157681	0.5949405	0.6538907
22380	-2563.249	-2888.817	325.5675	2.163661	0.5360921	0.6744739
22386	-2564.453	-2890.013	325.5599	2.173379	0.5348044	0.6743298
22392	-2558.103	-2883.656	325.5537	2.133732	0.5348044	0.7513553
22398	-2553.858	-2879.419	325.5605	2.127432	0.5348044	0.7505237
22404	-2565.334	-2890.99	325.6565	2.090653	0.5166529	0.7020445
22410	-2576.735	-2902.361	325.6262	2.14375	0.5195089	0.6492508
22416	-2579.993	-2905.82	325.8267	2.178777	0.3973641	0.5976176
22422	-2551.909	-2877.495	325.5858	2.296234	0.4646953	0.5976176
22428	-2552.604	-2878.196	325.5919	2.054055	0.4948469	0.8880041
22434	-2541.648	-2867.224	325.5757	1.970873	0.5383381	0.9205675
22440	-2547.832	-2873.437	325.6054	1.8161	0.592008	0.966939
22446	-2571.668	-2897.151	325.4832	1.719666	0.4031189	1.429419
22452	-2575.515	-2900.986	325.4708	1.607684	0.3226754	1.644705
22458	-2559.393	-2884.174	324.781	1.604013	0.6424732	1.744173
22464	-2559.542	-2885.116	325.5741	1.630205	0.4324821	1.385709
22470	-2564.119	-2889.433	325.3147	1.644836	0.5538964	1.417976
22476	-2566.625	-2891.707	325.0826	1.535057	0.6119088	1.609078
22482	-2559.613	-2884.841	325.2284	1.565963	0.4286997	1.694792
22488	-2559.648	-2884.638	324.9899	1.603568	0.5136127	1.733182
22494	-2563.371	-2888.547	325.1763	1.639927	0.5136127	1.573506
22500	-2569.425	-2894.795	325.3693	1.563609	0.3953474	1.640907
22506	-2570.561	-2895.979	325.4181	1.687908	0.5648108	1.288562
22512	-2570.373	-2895.908	325.5353	1.720763	0.4662317	1.296515
22518	-2567.933	-2893.506	325.5727	1.86241	0.4662317	1.144716
22524	-2586.196	-2911.321	325.1243	1.581562	0.4617742	1.715472
22530	-2566.287	-2891.625	325.3375	1.706163	0.4816619	1.442952
22536	-2574.58	-2899.657	325.0766	1.64223	0.5299369	1.625279
22542	-2593.519	-2918.715	325.1956	1.624086	0.4689943	1.625279
22548	-2576.547	-2901.51	324.9632	1.548915	0.6002891	1.696742
22554	-2573.292	-2897.743	324.4513	1.388022	0.6710058	2.087391
22560	-2576.679	-2901.838	325.159	1.51012	0.6556208	1.5264
22566	-2580.243	-2905.669	325.4264	1.63656	0.5057041	1.397135
22572	-2574.399	-2899.316	324.9166	1.555725	0.6721012	1.653736
22578	-2577.292	-2902.427	325.135	1.578081	0.5144283	1.64734
22584	-2564.865	-2890.234	325.3689	1.647784	0.5199121	1.415095
22590	-2562.841	-2888.14	325.2984	1.623171	0.5799914	1.416767
22596	-2566.569	-2892.011	325.4418	1.63119	0.4985735	1.398478
22602	-2569.075	-2894.817	325.7424	1.677545	0.4081136	1.24841
22608	-2586.629	-2911.735	325.1053	1.643609	0.4709938	1.673592
22614	-2581.092	-2906.571	325.4787	1.749931	0.485763	1.29162
22620	-2580.921	-2906.667	325.746	1.826778	0.3240481	1.26464
22626	-2576.868	-2902.436	325.5675	1.907312	0.4833961	1.082005
22632	-2574.691	-2900.392	325.7011	1.780007	0.483837	1.075405
22638	-2565	-2890.338	325.3382	1.624852	0.5000599	1.48081
22644	-2559.821	-2885.029	325.2088	1.609296	0.4774783	1.615913
22650	-2565.946	-2891.274	325.3283	1.690546	0.4774783	1.467332
22656	-2565.809	-2891.133	325.3236	1.741456	0.4996018	1.403296
22662	-2555.474	-2881.211	325.7369	1.769837	0.4419054	1.119054
22668	-2558.113	-2883.641	325.5274	1.749604	0.3841149	1.400741
22674	-2568.345	-2893.62	325.2752	1.823424	0.5596525	1.300918
22680	-2561.276	-2887.021	325.7455	1.899151	0.4715599	0.9332355
22686	-2574.04	-2899.694	325.6535	1.82576	0.4946381	1.060099
22692	-2556.357	-2882.012	325.6552	1.848288	0.5565449	0.9366162
22698	-2554.357	-2879.98	325.6227	1.88912	0.5707944	0.9037823
22704	-2558.102	-2883.816	325.7141	1.983459	0.432186	0.9512219
22710	-2564.911	-2890.356	325.4447	1.941709	0.6527111	0.9124795
22716	-2545.477	-2871.15	325.6728	1.858078	0.5465871	0.9236391
22722	-2552.781	-2878.427	325.6461	1.91482	0.5444545	0.8939344
22728	-2551.167	-2876.649	325.4812	1.839351	0.5460223	1.130063
22734	-2555.396	-2880.909	325.5124	1.714986	0.4842953	1.294688
22740	-2562.307	-2887.503	325.1962	1.61899	0.6416582	1.430531
22746	-2559.147	-2884.442	325.2949	1.603913	0.5998596	1.41179
22752	-2566.375	-2891.95	325.5747	1.705952	0.4390029	1.315641
22758	-2561.142	-2886.34	325.198	1.653643	0.4926547	1.572837
22764	-2570.296	-2895.256	324.9592	1.515348	0.4926547	1.839726
22770	-2562.592	-2887.481	324.8887	1.515348	0.4407971	1.948778
22776	-2553.23	-2878.058	324.8282	1.454548	0.4838282	1.979725
22782	-2564.17	-2888.805	324.6346	1.445837	0.6040905	1.989359
22788	-2558.115	-2883.186	325.0708	1.516238	0.4260109	1.842856
22794	-2558.511	-2883.421	324.9103	1.47345	0.5988588	1.78824
22800	-2553.799	-2878.383	324.5839	1.466569	0.514174	2.100305
22806	-2565.678	-2890.406	324.7284	1.505801	0.593289	1.896449
22812	-2560.081	-2885.175	325.0939	1.524738	0.3940149	1.862747
22818	-2547.777	-2872.752	324.9755	1.519182	0.5445121	1.767966
22824	-2567.437	-2892.6	325.1629	1.523847	0.5668996	1.607023
22830	-2561.079	-2886.435	325.3565	1.52896	0.4459695	1.607023
22836	-2553.839	-2878.795	324.9563	1.608352	0.5257649	1.73968
22842	-2566.084	-2891.019	324.9354	1.626157	0.5360858	1.730375
22848	-2575.235	-2900.022	324.7869	1.544862	0.5656145	1.858035
22854	-2579.9	-2904.848	324.9483	1.573663	0.4922588	1.80753
22860	-2578.589	-2903.864	325.2752	1.637092	0.5223255	1.491776
22866	-2564.388	-2889.8	325.4125	1.724529	0.507669	1.336221
22872	-2566.227	-2891.075	324.8487	1.586295	0.6434423	1.708068
22878	-2559.813	-2884.765	324.9522	1.63741	0.7585264	1.486329
22884	-2555.288	-2880.722	325.4335	1.788649	0.4772817	1.308613
22890	-2570.497	-2895.867	325.3703	1.668643	0.5484464	1.362559
22896	-2563.528	-2889.108	325.5801	1.668643	0.4813341	1.281277
22902	-2558.49	-2883.615	325.125	1.683493	0.4760723	1.624611
22908	-2561.736	-2887.322	325.5862	1.765106	0.4728904	1.207615
22914	-2561.756	-2886.661	324.9043	1.501041	0.3990583	2.000033
22920	-2564.418	-2889.588	325.1699	1.565397	0.5038473	1.643798
22926	-2551.696	-2876.803	325.1077	1.606248	0.4821083	1.684972
22932	-2559.643	-2885.049	325.4058	1.606248	0.4761726	1.474158
22938	-2558.912	-2884.285	325.3731	1.628043	0.4018978	1.582223
22944	-2556.266	-2881.682	325.4159	1.673549	0.5238103	1.353311
22950	-2568.633	-2893.797	325.1646	1.633564	0.5511011	1.543112
22956	-2569.378	-2894.599	325.2207	1.653139	0.4920382	1.557277
22962	-2565.536	-2890.585	325.0489	1.511182	0.4920382	1.781339
22968	-2563.249	-2888.607	325.3582	1.500546	0.5267273	1.526512
22974	-2558.158	-2883.283	325.1244	1.699579	0.6042931	1.464228
22980	-2553.456	-2878.858	325.402	1.786229	0.4806609	1.331274
22986	-2564.337	-2889.777	325.4398	1.874575	0.5196411	1.172452
22992	-2576.915	-2902.457	325.5424	1.787122	0.5618792	1.099842
22998	-2568.457	-2894.015	325.558	1.708383	0.5733198	1.141186
23004	-2558.998	-2884.388	325.39	1.762302	0.5151	1.314213
23010	-2564.644	-2890.169	325.5254	1.69684	0.5151	1.256961
23016	-2573.809	-2898.725	324.9163	1.614564	0.5611739	1.724599
23022	-2567.838	-2893.446	325.6078	1.756035	0.4747891	1.19408
23028	-2563.091	-2888.486	325.3948	1.754669	0.4981909	1.338752
23034	-2579.039	-2904.503	325.4639	1.693798	0.5252672	1.296581
23040	-2586.522	-2911.952	325.4297	1.688469	0.3984593	1.500561
23046	-2574.721	-2899.962	325.2402	1.654093	0.5528845	1.469101
23052	-2582.856	-2907.76	324.9039	1.482628	0.6806838	1.706607
23058	-2583.195	-2908.272	325.0778	1.559957	0.4577515	1.768187
23064	-2574.054	-2899.172	325.1178	1.636507	0.7071158	1.409928
23070	-2558.346	-2883.874	325.5282	1.71576	0.5183749	1.234461
23076	-2557.508	-2882.863	325.3541	1.674783	0.5980998	1.310963
23082	-2570.201	-2895.43	325.2289	1.674783	0.4896756	1.538155
23088	-2579.071	-2904.215	325.1441	1.788869	0.6306148	1.350572
23094	-2559.48	-2884.943	325.464	1.671291	0.5156852	1.327152
23100	-2551.232	-2876.597	325.3655	1.712166	0.5794774	1.293709
23106	-2550.181	-2875.474	325.2928	1.796207	0.57187	1.293709
23112	-2558.465	-2884.077	325.6116	1.796207	0.5282181	1.075874
23118	-2549.636	-2875.137	325.5013	1.810227	0.5562742	1.123984
23124	-2559.099	-2884.58	325.4808	1.914514	0.5834842	1.006237
23130	-2540.849	-2866.334	325.485	2.09394	0.6089318	0.7466308
23136	-2544.368	-2870.024	325.6558	2.098376	0.5195896	0.6807711
23142	-2550.237	-2875.841	325.6044	2.159216	0.5235421	0.6488494
23148	-2563.527	-2888.843	325.3166	2.079301	0.780845	0.6747075
23154	-2578.392	-2903.781	325.3892	2.020193	0.6834	0.8373816
23160	-2569.893	-2895.428	325.5355	1.984485	0.4512118	1.091834
23166	-2568.233	-2893.501	325.268	1.741985	0.5993121	1.324782
23172	-2571.757	-2896.85	325.0935	1.70344	0.531845	1.566227
23178	-2571.273	-2896.775	325.5018	1.818657	0.4554433	1.259108
23184	-2571.065	-2896.502	325.4372	1.743047	0.4103137	1.436294
23190	-2566.308	-2891.9	325.5916	1.618916	0.3945093	1.436294
23196	-2548.262	-2873.538	325.2754	1.700789	0.4815099	1.494327
23202	-2550.11	-2875.267	325.1566	1.648676	0.4719429	1.632059
23208	-2547.396	-2872.31	324.9148	1.594744	0.5707297	1.729458
23214	-2560.159	-2885.277	325.1182	1.570775	0.4164745	1.784704
23220	-2562.66	-2888.214	325.5538	1.705522	0.5521229	1.175818
23226	-2559.155	-2884.637	325.4822	1.713699	0.5943102	1.175818
23232	-2562.732	-2888.061	325.3286	1.840987	0.5922911	1.201116
23238	-2548.907	-2874.343	325.4362	1.80541	0.5370249	1.211318
23244	-2553.35	-2878.608	325.2574	1.893875	0.5778969	1.234766
23250	-2550.391	-2876.058	325.6664	1.818189	0.4659828	1.100516
23256	-2562.2	-2888.068	325.8682	1.779453	0.3783793	1.100516
23262	-2567.153	-2892.883	325.7294	1.730096	0.3350065	1.33709
23268	-2565.658	-2890.891	325.2328	1.741133	0.600282	1.352429
23274	-2569.273	-2894.706	325.4329	1.751177	0.600282	1.17855
23280	-2570.155	-2895.133	324.9777	1.679494	0.6453292	1.545715
23286	-2578.217	-2903.381	325.1644	1.627787	0.6107721	1.481198
23292	-2577.89	-2903.262	325.372	1.618874	0.5606866	1.385548
23298	-2567.991	-2892.936	324.9454	1.598763	0.6012622	1.672929
23304	-2565.91	-2891.011	325.1011	1.604299	0.4322887	1.752848
23310	-2561.511	-2886.889	325.378	1.624324	0.4858857	1.469024
23316	-2565.728	-2891.249	325.5208	1.649372	0.4819815	1.343887
23322	-2573.612	-2898.379	324.7678	1.444061	0.4876895	2.022641
23328	-2567.404	-2892.441	325.0372	1.521679	0.4134834	1.87807
23334	-2571.853	-2896.682	324.829	1.489871	0.4768176	1.963491
23340	-2563.683	-2888.955	325.2719	1.588091	0.411092	1.671484
23346	-2558.542	-2883.71	325.1684	1.474493	0.4289529	1.800612
23352	-2558.607	-2883.188	324.5806	1.59853	0.4370131	2.102639
23358	-2566.264	-2891.184	324.9193	1.430131	0.4544067	1.969112
23364	-2562.586	-2887.647	325.0609	1.566706	0.3115933	1.973791
23370	-2569.796	-2894.504	324.707	1.566706	0.5396062	1.924774
23376	-2570.018	-2894.812	324.7937	1.548529	0.4971002	1.924774
23382	-2561.421	-2886.8	325.3794	1.596197	0.3929364	1.613459
23388	-2565.759	-2890.866	325.1073	1.577244	0.5628378	1.613104
23394	-2567.57	-2892.416	324.846	1.671336	0.6544674	1.63852
23400	-2558.317	-2883.472	325.1547	1.553005	0.4123882	1.777054
23406	-2555.704	-2880.531	324.8267	1.587182	0.531182	1.838365
23412	-2556.006	-2881.003	324.9962	1.555058	0.562867	1.70845
23418	-2561.297	-2886.537	325.2403	1.710184	0.5062844	1.482584
23424	-2563.453	-2888.492	325.0389	1.710184	0.6245635	1.49887
23430	-2555.994	-2881.469	325.4744	1.737556	0.4841292	1.307404
23436	-2550.679	-2876.11	325.4316	1.732392	0.5534203	1.255086
23442	-2551.963	-2877.396	325.4329	1.768118	0.5075225	1.28467
23448	-2557.418	-2882.72	325.3022	1.784495	0.6177129	1.240222
23454	-2560.029	-2885.369	325.34	1.79495	0.6177129	1.199292
23460	-2573.791	-2899.304	325.5129	1.75645	0.532996	1.192939
23466	-2560.246	-2885.546	325.2999	1.740839	0.6547424	1.235428
23472	-2566.433	-2891.85	325.4172	1.740289	0.4619243	1.381169
23478	-2559.107	-2884.479	325.3723	1.664431	0.4619243	1.474121
23484	-2563.872	-2889.227	325.3547	1.682081	0.4619122	1.474121
23490	-2569.293	-2894.31	325.0177	1.731701	0.818581	1.305889
23496	-2566.954	-2892.248	325.2943	1.607499	0.4144184	1.637053
23502	-2567.743	-2892.637	324.8938	1.559146	0.5058948	1.839529
23508	-2552.118	-2877.361	325.2432	1.656102	0.4691626	1.567165
23514	-2559.105	-2884.107	325.0018	1.607042	0.6541664	1.572328
23520	-2568.882	-2893.729	324.8468	1.752221	0.5903799	1.645051
23526	-2570.796	-2895.874	325.078	1.793873	0.5743377	1.461308
23532	-2552.323	-2877.588	325.2654	1.726225	0.5680619	1.376175
23538	-2547.678	-2873.327	325.6491	1.726225	0.4075768	1.286152
23544	-2575.204	-2900.693	325.4891	1.740905	0.4100553	1.398205
23550	-2573.307	-2898.739	325.4316	1.61664	0.5498238	1.353533
23556	-2576.85	-2901.779	324.9284	1.592901	0.5498238	1.743574
23562	-2570.736	-2895.821	325.0854	1.491923	0.5144669	1.743574
23568	-2562.3	-2887.116	324.8165	1.483674	0.3774539	2.097722
23574	-2559.546	-2884.402	324.8557	1.454868	0.5039902	1.938454
23580	-2562.728	-2887.321	324.593	1.398886	0.5660624	2.085403
23586	-2548.204	-2873.16	324.9565	1.516057	0.4967933	1.836404
23592	-2573.961	-2898.53	324.5686	1.424386	0.496591	2.15672
23598	-2574.211	-2898.171	323.9597	1.365547	0.6876464	2.403959
23604	-2553.558	-2879.003	325.4457	1.66418	0.4722296	1.404361
23610	-2560.59	-2886.04	325.4505	1.72894	0.4333521	1.40384
23616	-2566.531	-2891.868	325.3374	1.819531	0.4436245	1.406903
23622	-2562.665	-2888.098	325.4326	1.892382	0.5100867	1.176706
23628	-2570.62	-2896.118	325.4974	1.763127	0.5100867	1.231808
23634	-2560.398	-2886.07	325.6713	1.906942	0.470589	1.003633
23640	-2561.942	-2887.402	325.4597	1.983825	0.4983638	1.087733
23646	-2559.083	-2884.579	325.4961	1.882918	0.5034956	1.138592
23652	-2557.339	-2882.967	325.6278	1.959947	0.5007775	0.941343
23658	-2560.813	-2886.333	325.52	1.990577	0.5887808	0.8745718
23664	-2548.668	-2874.162	325.4941	1.960402	0.5922984	0.9315689
23670	-2549.388	-2874.955	325.5665	1.833234	0.4430646	1.211045
23676	-2556.227	-2881.846	325.6194	1.765649	0.4119593	1.271282
23682	-2553.511	-2878.88	325.3694	1.832338	0.4658597	1.340759
23688	-2542.225	-2867.946	325.7202	1.826661	0.4658597	1.042291
23694	-2553.134	-2878.655	325.521	1.886047	0.5688117	1.016354
23700	-2568.716	-2894.368	325.6517	1.886047	0.4704941	1.043375
23706	-2546.472	-2872.124	325.6522	1.832545	0.4382272	1.14477
23712	-2553.654	-2879.121	325.4673	1.906296	0.5281458	1.10751
23718	-2560.053	-2885.532	325.4798	1.906296	0.6322161	0.9436314
23724	-2564.634	-2889.949	325.3146	1.739334	0.6884936	1.185614
23730	-2567.844	-2893.497	325.6525	1.895401	0.4549582	1.059521
23736	-2549.998	-2875.613	325.6148	1.818107	0.4647832	1.148871
23742	-2551.332	-2876.854	325.5221	1.747241	0.415854	1.35877
23748	-2573.441	-2898.642	325.2009	1.695757	0.4633984	1.576373
23754	-2553.125	-2878.307	325.1811	1.715316	0.4635696	1.576373
23760	-2554.991	-2880.482	325.4908	1.776603	0.5015438	1.237777
23766	-2571.975	-2897.602	325.6271	1.772603	0.5004831	1.124502
23772	-2561.34	-2886.922	325.5823	1.838406	0.487893	1.124502
23778	-2557.355	-2883.203	325.8478	1.867183	0.3379702	1.115582
23784	-2542.882	-2868.592	325.7099	1.868685	0.3736608	1.170674
23790	-2550.979	-2876.662	325.6831	1.855429	0.4000618	1.160218
23796	-2560.444	-2886.074	325.6297	1.849667	0.5356246	0.9953312
23802	-2563.103	-2888.731	325.6279	1.89188	0.5344933	0.9557496
23808	-2564.492	-2890.088	325.5956	1.721592	0.4926626	1.20817
23814	-2568.96	-2894.447	325.4862	1.715657	0.4926626	1.303992
23820	-2567.605	-2892.72	325.1146	1.535986	0.6339004	1.562298
23826	-2564.717	-2889.89	325.1725	1.623116	0.4753395	1.634823
23832	-2547.585	-2872.659	325.0738	1.523163	0.5666083	1.671947
23838	-2557.828	-2882.383	324.5552	1.54374	0.4398042	2.151751
23844	-2554.246	-2879.76	325.5137	1.665288	0.4321565	1.405904
23850	-2558.369	-2883.933	325.5635	1.723773	0.4458283	1.300358
23856	-2561.507	-2887.04	325.5337	1.717448	0.5205088	1.225484
23862	-2555.789	-2881.312	325.5232	1.727377	0.5205088	1.225978
23868	-2549.396	-2874.823	325.4265	1.684178	0.5935116	1.249396
23874	-2563.076	-2888.775	325.6984	1.786035	0.4644255	1.103108
23880	-2565.303	-2890.421	325.118	1.649322	0.5543834	1.562086
23886	-2561.637	-2886.885	325.248	1.668773	0.5321336	1.476569
23892	-2546.177	-2871.683	325.5057	1.69668	0.4005156	1.433648
23898	-2552.261	-2877.625	325.3644	1.655931	0.4895288	1.450664
23904	-2559.43	-2884.851	325.4214	1.742756	0.4088688	1.450664
23910	-2568.915	-2894.332	325.417	1.737021	0.3982747	1.473817
23916	-2571.797	-2897.36	325.5635	1.737021	0.4214022	1.325684
23922	-2586.575	-2912.247	325.6715	2.080291	0.4564063	0.84055
23928	-2557.148	-2882.823	325.6747	2.080291	0.491348	0.7558354
23934	-2566.528	-2892.162	325.634	2.092922	0.491348	0.7953412
23940	-2577.356	-2902.936	325.5796	2.008491	0.4791657	0.9788582
23946	-2557.277	-2882.671	325.3938	1.709596	0.4639602	1.420428
23952	-2562.902	-2888.254	325.3518	1.747616	0.4639602	1.423502
23958	-2556.295	-2881.75	325.455	1.645778	0.4242726	1.476911
23964	-2560.185	-2885.717	325.5328	1.712417	0.3269735	1.515723
23970	-2561.368	-2886.811	325.4431	1.651344	0.4383638	1.462137
23976	-2558.034	-2883.075	325.0412	1.583703	0.4749143	1.756403
23982	-2558.333	-2883.167	324.8341	1.583703	0.5256317	1.841753
23988	-2547.715	-2872.632	324.9165	1.490836	0.5656211	1.806118
23994	-2558.768	-2883.841	325.0731	1.617935	0.4974682	1.682927
24000	-2563.884	-2889.226	325.3418	1.690944	0.4537083	1.488014
24006	-2567.731	-2893.213	325.4826	1.686893	0.4805039	1.346415
24012	-2561.794	-2887.168	325.3746	1.732641	0.4805039	1.395419
24018	-2557.96	-2883.511	325.5514	1.800343	0.4867049	1.187032
24024	-2562.288	-2887.535	325.2468	1.823654	0.723089	1.13179
24030	-2559.496	-2884.845	325.3485	1.901542	0.6363093	1.073012
24036	-2573.128	-2898.579	325.4515	1.778327	0.5452721	1.210318
24042	-2559.797	-2885.35	325.5525	1.824722	0.4077977	1.284241
24048	-2562.396	-2887.895	325.4986	1.756648	0.4789734	1.279291
24054	-2560.572	-2886.081	325.5089	1.710294	0.4369279	1.367614
24060	-2566.999	-2892.184	325.1854	1.658344	0.6337334	1.417007
24066	-2575.327	-2900.963	325.6369	1.697799	0.4922147	1.193771
24072	-2573.456	-2899.005	325.5493	1.746573	0.5158106	1.193771
24078	-2575.056	-2900.523	325.4674	1.741407	0.556547	1.213399
24084	-2557.633	-2883.188	325.5548	1.765798	0.5472066	1.128425
24090	-2562.63	-2888.011	325.3818	1.86946	0.6569063	1.045036
24096	-2562.494	-2888.201	325.7071	1.944297	0.487056	0.8967138
24102	-2571.528	-2897.163	325.6352	2.086847	0.4853588	0.8151118
24108	-2574.232	-2899.89	325.6573	2.017058	0.5462477	0.7440413
24114	-2557.51	-2883.205	325.6946	2.113952	0.5009647	0.6301297
24120	-2562.809	-2888.581	325.7718	2.039949	0.4875134	0.671537
24126	-2561.573	-2887.244	325.6704	2.098742	0.5133022	0.671537
24132	-2554.353	-2879.941	325.5881	2.057141	0.5839856	0.6980088
24138	-2557.21	-2882.814	325.6048	1.976313	0.5851859	0.7929673
24144	-2554.195	-2879.759	325.5634	1.996962	0.5851859	0.820283
24150	-2560.38	-2885.875	325.495	1.928545	0.6618439	0.8553616
24156	-2567.582	-2893.062	325.4795	1.810181	0.4604482	1.277237
24162	-2557.799	-2883.305	325.5062	1.810181	0.6196766	1.032119
24168	-2552.497	-2877.904	325.4078	1.856287	0.6196766	1.081759
24174	-2570.603	-2896.082	325.4791	1.781673	0.4906266	1.258438
24180	-2577.501	-2902.65	325.1487	1.758832	0.3951245	1.659372
24186	-2580.078	-2905.076	324.9989	1.575066	0.4446755	1.828451
24192	-2560.326	-2885.615	325.2893	1.649655	0.4690477	1.538019
24198	-2563.688	-2888.96	325.2717	1.645457	0.5854287	1.413951
24204	-2593.401	-2918.904	325.5032	1.708959	0.42067	1.39659
24210	-2571.692	-2897.189	325.4963	1.5659	0.4503846	1.470214
24216	-2564.152	-2889.388	325.2357	1.669806	0.5079325	1.514301
24222	-2555.301	-2880.634	325.3333	1.66576	0.3653578	1.63634
24228	-2553.138	-2878.223	325.0848	1.539318	0.494403	1.733888
24234	-2563.339	-2888.455	325.1155	1.558606	0.4300092	1.777581
24240	-2556.101	-2881.467	325.3659	1.585108	0.3678208	1.667198
24246	-2551.238	-2876.557	325.3185	1.656526	0.4189853	1.577709
24252	-2549.157	-2874.452	325.2943	1.621907	0.4512685	1.577709
24258	-2558.943	-2884.289	325.346	1.666233	0.5359746	1.398713
24264	-2564.68	-2890.119	325.4396	1.688236	0.4660587	1.398713
24270	-2586.761	-2911.939	325.1774	1.59045	0.4677323	1.664113
24276	-2569.223	-2894.587	325.3645	1.712747	0.4677323	1.435548
24282	-2570.404	-2895.769	325.3647	1.661397	0.4201566	1.538484
24288	-2578.616	-2903.955	325.3392	1.68115	0.5448841	1.38153
24294	-2564.199	-2889.476	325.2771	1.625311	0.4500051	1.589469
24300	-2569.731	-2895.036	325.3059	1.718162	0.5466011	1.376535
24306	-2554.376	-2879.81	325.4343	1.759106	0.5190928	1.275511
24312	-2566.739	-2892.14	325.4009	1.584914	0.5896325	1.355339
24318	-2555.375	-2880.541	325.1668	1.64286	0.437007	1.67316
24324	-2564.65	-2889.722	325.0717	1.6846	0.466032	1.67446
24330	-2566.874	-2891.8	324.9267	1.560752	0.4689545	1.858491
24336	-2581.828	-2906.846	325.0176	1.487375	0.4689545	1.846467
24342	-2568.991	-2894	325.0084	1.60022	0.5138482	1.722245
24348	-2552.827	-2878.302	325.4758	1.621556	0.3841757	1.536884
24354	-2561.973	-2886.906	324.9333	1.551949	0.4354454	1.90047
24360	-2563.994	-2888.973	324.9797	1.487474	0.4439779	1.902251
24366	-2556.228	-2881.461	325.2331	1.537592	0.5314416	1.585906
24372	-2563.64	-2889.081	325.4415	1.652303	0.3617895	1.572864
24378	-2589.119	-2913.888	324.7697	1.489803	0.6179625	1.854872
24384	-2567.523	-2892.285	324.7615	1.519074	0.6033296	1.854872
24390	-2603.202	-2928.338	325.136	1.792522	0.7890756	1.185211
24396	-2581.736	-2907.411	325.6751	1.774593	0.4537094	1.151282
24402	-2571.051	-2896.785	325.7335	1.904164	0.4447974	0.9894548
24408	-2568.001	-2893.538	325.5372	1.850618	0.5296025	1.092389
24414	-2578.35	-2903.344	324.9942	1.620941	0.4087841	1.845641
24420	-2562.421	-2887.416	324.9957	1.527758	0.5065116	1.790153
24426	-2553.962	-2879.088	325.1255	1.59184	0.4906278	1.672335
24432	-2566.479	-2891.811	325.3325	1.625883	0.3888155	1.631742
24438	-2572.922	-2898.095	325.1733	1.602745	0.514283	1.602016
24444	-2561.473	-2886.521	325.0475	1.608176	0.5923705	1.602016
24450	-2557.931	-2883.001	325.0697	1.575022	0.5920323	1.610306
24456	-2550.611	-2875.737	325.1267	1.677616	0.5527906	1.536627
24462	-2554.562	-2880.088	325.5259	1.703939	0.3489858	1.491671
24468	-2566.228	-2891.691	325.4628	1.695886	0.4536615	1.391605
24474	-2576.548	-2901.848	325.3007	1.755204	0.5030505	1.406017
24480	-2571.594	-2896.903	325.3093	1.703994	0.6125534	1.306716
24486	-2575.999	-2901.336	325.3373	1.948924	0.6998575	0.9526886
24492	-2558.118	-2883.807	325.689	1.916133	0.475237	0.9682263
24498	-2560.134	-2885.588	325.4536	1.948642	0.6583883	0.8859309
24504	-2557.109	-2882.64	325.5313	1.872731	0.539183	1.063142
24510	-2545.696	-2871.193	325.497	1.907036	0.539183	1.063142
24516	-2542.239	-2867.712	325.4732	1.886008	0.4733387	1.200225
24522	-2538.982	-2864.722	325.7397	1.920717	0.4202849	1.011522
24528	-2556.985	-2882.472	325.4874	1.912887	0.6069045	0.9665053
24534	-2581.197	-2906.455	325.2576	1.737925	0.5791085	1.36
24540	-2573.956	-2899.622	325.6666	1.912577	0.456264	1.027331
24546	-2574.847	-2900.532	325.6856	1.858009	0.4457008	1.079019
24552	-2581.209	-2906.974	325.7656	1.893345	0.3945361	1.060379
24558	-2573.834	-2899.452	325.6183	1.800007	0.5407744	1.047186
24564	-2571.343	-2896.941	325.5975	1.800007	0.5407744	1.066946
24570	-2564.226	-2889.821	325.5947	1.856177	0.4802754	1.108861
24576	-2574.275	-2899.543	325.2678	1.778577	0.6030089	1.291004
24582	-2575.355	-2901.088	325.7335	1.855411	0.3745086	1.160185
24588	-2569.065	-2894.779	325.7136	1.893276	0.4219925	1.060164
24594	-2579.51	-2904.883	325.3731	1.891931	0.6961633	0.9796787
24600	-2578.17	-2903.118	324.9479	1.513029	0.5760436	1.757932
24606	-2580.664	-2905.655	324.9914	1.575313	0.5875332	1.671192
24612	-2589.217	-2914.223	325.0065	1.437571	0.4197805	1.947798
24618	-2584.725	-2909.545	324.8202	1.414668	0.4795937	2.01644
24624	-2583.572	-2908.287	324.7154	1.500245	0.4458009	2.068202
24630	-2570.73	-2895.554	324.8244	1.564434	0.4785964	1.914315
24636	-2575.776	-2900.816	325.0407	1.499972	0.5442593	1.736086
24642	-2585.989	-2910.532	324.5422	1.417534	0.5289955	2.144116
24648	-2585.509	-2909.802	324.2931	1.436333	0.5289955	2.292734
24654	-2582.199	-2906.774	324.575	1.446821	0.5378159	2.094308
24660	-2594.851	-2919.332	324.4806	1.446821	0.6003522	2.094308
24666	-2581.388	-2906.268	324.8797	1.553161	0.4522469	1.915553
24672	-2577.744	-2902.584	324.8392	1.489142	0.5943182	1.8311
24678	-2560.784	-2885.862	325.0776	1.56534	0.4178068	1.814842
24684	-2554.157	-2879.112	324.9553	1.523553	0.4656823	1.868271
24690	-2572.751	-2898.043	325.2916	1.613226	0.3672798	1.700837
24696	-2551.749	-2876.82	325.0712	1.609538	0.5416855	1.639426
24702	-2545.233	-2870.305	325.0722	1.646405	0.5178378	1.639426
24708	-2573.029	-2897.991	324.9616	1.657831	0.6064679	1.613466
24714	-2568.648	-2893.757	325.109	1.681287	0.5549679	1.544506
24720	-2571.313	-2896.567	325.2538	1.74597	0.6608691	1.26264
24726	-2548.041	-2873.575	325.5334	1.732986	0.3965806	1.389959
24732	-2559.458	-2884.895	325.4372	1.764665	0.5056575	1.286439
24738	-2570.241	-2895.554	325.3124	1.802785	0.6132538	1.221562
24744	-2566.793	-2892.208	325.4155	1.712538	0.5075941	1.343457
24750	-2560.174	-2885.158	324.9847	1.752804	0.5510284	1.587753
24756	-2556.917	-2882.551	325.6344	1.797052	0.4056446	1.24271
24762	-2565.434	-2890.964	325.5299	1.947979	0.384185	1.238844
24768	-2568.999	-2894.709	325.7101	1.788561	0.384185	1.221271
24774	-2560.605	-2885.922	325.3168	1.813876	0.6338639	1.183396
24780	-2565.702	-2890.988	325.2854	1.689446	0.5942664	1.3587
24786	-2576.667	-2902.147	325.4797	1.687301	0.4717565	1.360249
24792	-2588.564	-2914.071	325.5069	1.699334	0.4508396	1.35819
24798	-2580.584	-2906.044	325.4608	1.685351	0.4508396	1.405262
24804	-2587.088	-2912.325	325.237	1.720236	0.6267882	1.335532
24810	-2581.574	-2907.172	325.5986	1.688571	0.4219393	1.335532
24816	-2571.809	-2897.189	325.3804	1.644852	0.4583971	1.487419
24822	-2567.997	-2893.557	325.5598	1.775201	0.4548178	1.247971
24828	-2559.25	-2884.77	325.52	1.620855	0.4204231	1.451851
24834	-2554.536	-2880.272	325.7365	1.740011	0.4086162	1.199763
24840	-2562.357	-2887.889	325.532	1.769571	0.5217731	1.180626
24846	-2569.61	-2894.899	325.2898	1.704566	0.5486279	1.39729
24852	-2582.19	-2907.582	325.3917	1.611985	0.3593065	1.641956
24858	-2568.327	-2893.652	325.3256	1.636146	0.3799372	1.641956
24864	-2573.208	-2898.534	325.3265	1.616829	0.533011	1.455352
24870	-2578.598	-2903.929	325.3313	1.548764	0.5280473	1.509071
24876	-2579.017	-2904.234	325.2166	1.570549	0.4687966	1.648995
24882	-2567.742	-2893.052	325.3103	1.55975	0.4224804	1.648995
24888	-2570.143	-2895.146	325.0025	1.6251	0.5675836	1.648995
24894	-2570.323	-2895.404	325.0815	1.610305	0.5825457	1.586259
24900	-2584.029	-2909.712	325.6828	1.845923	0.3939283	1.17913
24906	-2570.548	-2896.097	325.549	1.691434	0.4585168	1.320084
24912	-2556.003	-2881.276	325.2731	1.640082	0.5542575	1.45308
24918	-2551.831	-2877.202	325.3711	1.681915	0.5467611	1.353509
24924	-2555.276	-2880.405	325.1298	1.67125	0.5467611	1.545959
24930	-2554.521	-2879.999	325.478	1.670948	0.4705762	1.376061
24936	-2560.126	-2885.504	325.3776	1.729697	0.5555961	1.29898
24942	-2565.124	-2890.664	325.5398	1.791726	0.4723035	1.225227
24948	-2562.902	-2888.479	325.5769	1.795252	0.4390176	1.240446
24954	-2547.884	-2873.238	325.3533	1.625154	0.4254505	1.566364
24960	-2547.196	-2872.458	325.2629	1.662355	0.615457	1.373627
24966	-2554.511	-2879.746	325.2348	1.697778	0.5504635	1.442782
24972	-2561.634	-2887.025	325.3906	1.668233	0.5359077	1.362267
24978	-2563.045	-2888.389	325.3439	1.718148	0.5339043	1.362267
24984	-2577.795	-2903.298	325.503	1.663253	0.5339043	1.278385
24990	-2567.126	-2892.686	325.5609	1.938051	0.555781	0.9427508
24996	-2576.101	-2901.48	325.3784	1.8933	0.7079322	0.9569368
25002	-2576.899	-2902.372	325.4735	1.86077	0.6444916	0.9797717
25008	-2583.668	-2909.001	325.3328	1.829058	0.7436686	1.022193
25014	-2575.004	-2900.373	325.3688	1.879602	0.552278	1.18512
25020	-2566.343	-2891.947	325.6049	1.956744	0.456411	1.044019
25026	-2571.521	-2897.097	325.5757	1.93227	0.4741109	1.065779
25032	-2560.037	-2885.4	325.3636	1.808294	0.6448254	1.133725
25038	-2562.079	-2887.062	324.9829	1.697042	0.7346639	1.440185
25044	-2564.251	-2889.715	325.4635	1.829477	0.570345	1.121448
25050	-2559.725	-2884.931	325.2055	1.816091	0.7116134	1.187563
25056	-2560.027	-2885.559	325.5323	1.786446	0.542742	1.136256
25062	-2577.266	-2902.632	325.3664	1.899848	0.6215212	1.077354
25068	-2573.291	-2898.873	325.5824	1.841054	0.4870164	1.123388
25074	-2564.44	-2890.004	325.5642	1.718685	0.4870164	1.245079
25080	-2571.513	-2896.993	325.4801	1.902804	0.5770618	1.027826
25086	-2554.392	-2880.224	325.8314	1.926364	0.329603	1.093193
25092	-2569.968	-2895.247	325.2785	1.820779	0.7174209	1.112293
25098	-2562.314	-2887.929	325.6155	1.86598	0.5091011	1.035157
25104	-2571.556	-2897.099	325.5428	1.985778	0.6056115	0.8227978
25110	-2561.149	-2886.505	325.3556	2.184997	0.6543523	0.7059573
25116	-2563.083	-2888.624	325.5412	2.184997	0.5450807	0.656225
25122	-2554.957	-2880.616	325.6588	2.11936	0.5044043	0.6821639
25128	-2573.389	-2898.977	325.5876	2.118434	0.5044043	0.7943361
25134	-2569.409	-2895.098	325.6887	2.082584	0.4952249	0.7205198
25140	-2556.327	-2882.084	325.7567	2.071417	0.4457489	0.7643025
25146	-2572.65	-2898.306	325.6564	1.971998	0.4930662	0.9110914
25152	-2568.009	-2893.675	325.6665	2.024811	0.4930662	0.837634
25158	-2573.682	-2899.188	325.5061	1.791456	0.5606861	1.13047
25164	-2581.283	-2906.845	325.5619	1.940391	0.5343563	0.9740749
25170	-2584.631	-2910.209	325.5784	2.048875	0.5343563	0.8338339
25176	-2567.347	-2892.871	325.5244	2.066286	0.5885945	0.7728499
25182	-2559.439	-2884.905	325.4658	2.056345	0.5329556	0.9557381
25188	-2562.472	-2888.015	325.5425	2.16667	0.5329556	0.7220295
25194	-2572.861	-2898.406	325.5446	2.143436	0.5325097	0.7558186
25200	-2583.998	-2909.527	325.5292	1.933382	0.4842589	1.091967
25206	-2594.355	-2919.794	325.4395	1.898706	0.4842589	1.202287
25212	-2552.317	-2877.982	325.6655	1.735082	0.5079402	1.112631
25218	-2552.117	-2877.623	325.506	1.930736	0.5622104	0.9967754
25224	-2557.747	-2883.32	325.5728	2.038186	0.4603506	0.9885962
25230	-2571.838	-2897.297	325.4583	2.031	0.5001337	1.041793
25236	-2561.304	-2886.68	325.3763	1.817904	0.5733679	1.204127
25242	-2560.471	-2885.938	325.4669	2.073707	0.5733679	0.8661658
25248	-2561.528	-2886.964	325.4359	2.177275	0.5683061	0.7837436
25254	-2566.111	-2891.826	325.7152	2.119657	0.4100442	0.8424985
25260	-2566.272	-2891.736	325.4636	2.233005	0.5608434	0.6670419
25266	-2545.637	-2871.165	325.528	2.181262	0.5549567	0.6597785
25272	-2566.691	-2891.925	325.2337	2.21928	0.7666875	0.5732574
25278	-2559.863	-2885.161	325.2981	2.230467	0.7069944	0.5705341
25284	-2551.728	-2877.084	325.3562	2.271783	0.6330126	0.5705341
25290	-2564.633	-2890.136	325.5029	2.300028	0.5215518	0.5227843
25296	-2555.325	-2880.915	325.5897	2.196116	0.5128401	0.6377285
25302	-2544.979	-2870.616	325.637	2.123293	0.5112757	0.6941896
25308	-2565.31	-2890.986	325.6759	2.124267	0.4557371	0.7787616
25314	-2565.71	-2891.359	325.6488	2.047619	0.5122334	0.7899906
25320	-2553.168	-2878.796	325.6279	1.859032	0.4820635	1.072818
25326	-2549.761	-2875.131	325.3705	1.789199	0.5726143	1.234274
25332	-2568.135	-2893.651	325.516	1.83084	0.5259831	1.134815
25338	-2557.157	-2882.822	325.6652	1.888458	0.4853469	1.002967
25344	-2549.925	-2875.607	325.6819	1.788613	0.4240892	1.17997
25350	-2549.177	-2874.672	325.4951	1.782906	0.4688084	1.274893
25356	-2555.679	-2881.169	325.4896	1.84056	0.4688084	1.231493
25362	-2570.373	-2895.73	325.3577	1.654332	0.4282804	1.537708
25368	-2578.833	-2904.129	325.2957	1.752128	0.4785216	1.443907
25374	-2569.554	-2895.067	325.5137	1.915118	0.5133622	1.078559
25380	-2587.606	-2913.041	325.4349	1.626093	0.4337048	1.493829
25386	-2578.316	-2903.359	325.0436	1.658614	0.5717575	1.590423
25392	-2581.967	-2906.76	324.7927	1.517306	0.4772648	1.968916
25398	-2568.506	-2893.159	324.6531	1.468788	0.4554126	2.1186
25404	-2561.658	-2886.537	324.8791	1.52314	0.5623471	1.81304
25410	-2575.454	-2900.963	325.5092	1.886261	0.539088	1.071353
25416	-2567.294	-2892.549	325.2552	1.799764	0.7063661	1.164431
25422	-2557.444	-2882.631	325.1877	1.646348	0.5810766	1.482382
25428	-2565.614	-2891.049	325.4345	1.817922	0.594525	1.125572
25434	-2562.665	-2888.328	325.6629	1.902395	0.4064354	1.125572
25440	-2566.877	-2892.577	325.7001	1.902172	0.5224059	0.886508
25446	-2553.15	-2878.802	325.6522	1.999678	0.5120292	0.84769
25452	-2553.642	-2879.244	325.6026	2.015182	0.5209144	0.8713005
25458	-2548.642	-2874.123	325.4817	2.00758	0.596613	0.8859239
25464	-2548.754	-2874.501	325.7476	2.00758	0.4265996	0.8997242
25470	-2543.835	-2869.454	325.6183	2.043178	0.4964176	0.8669515
25476	-2579.697	-2905.291	325.5949	2.108385	0.514334	0.7758481
25482	-2553.907	-2879.382	325.4749	1.963033	0.6427114	0.8694125
25488	-2561.186	-2886.64	325.4541	1.969692	0.623513	0.9160815
25494	-2570.702	-2896.378	325.6752	1.898074	0.5296887	0.9060765
25500	-2579.46	-2904.987	325.5272	1.679304	0.4301725	1.387306
25506	-2570.964	-2896.393	325.4293	1.86719	0.6173941	1.054412
25512	-2555.287	-2880.846	325.5593	1.778964	0.3994022	1.32879
25518	-2561.502	-2887.266	325.764	1.815634	0.4031687	1.118272
25524	-2548.399	-2873.891	325.4919	1.849091	0.5118593	1.16015
25530	-2564.952	-2890.18	325.2275	1.813951	0.6072481	1.290045
25536	-2587.302	-2912.695	325.3927	1.761687	0.6096488	1.192488
25542	-2579.044	-2904.353	325.3092	1.778699	0.5643937	1.303811
25548	-2579.353	-2904.968	325.6143	1.798696	0.4575183	1.177537
25554	-2570.835	-2896.479	325.6432	2.073636	0.4906331	0.8103272
25560	-2567.598	-2893.301	325.7034	2.097681	0.4420742	0.8103272
25566	-2568.034	-2893.629	325.5951	2.073198	0.520186	0.8103272
25572	-2565.091	-2890.706	325.615	1.995218	0.5388029	0.8462741
25578	-2568.286	-2893.773	325.4873	2.00048	0.6194348	0.8489324
25584	-2571.168	-2896.802	325.6339	2.001895	0.5456143	0.8001276
25590	-2574.499	-2900.335	325.8365	1.925055	0.4286098	0.8882952
25596	-2575.65	-2901.271	325.6207	2.082689	0.5118084	0.7814318
25602	-2568.444	-2894.047	325.6027	1.875853	0.5118084	1.033757
25608	-2580.09	-2905.687	325.5974	1.771211	0.4095639	1.288502
25614	-2589.009	-2914.758	325.749	1.825787	0.4563241	1.031446
25620	-2569.821	-2895.298	325.4774	1.583633	0.3370977	1.634489
25626	-2566.332	-2891.636	325.3043	1.65321	0.3765417	1.649859
25632	-2556.476	-2881.814	325.3382	1.61311	0.4777255	1.517787
25638	-2549.694	-2874.996	325.3023	1.6167	0.4402712	1.590055
25644	-2559.187	-2884.623	325.4355	1.708327	0.3940719	1.487686
25650	-2559.718	-2884.282	324.5638	1.496935	0.5643999	2.041592
25656	-2566.943	-2891.557	324.6146	1.513778	0.4575086	2.111943
25662	-2578.287	-2903.404	325.1171	1.55032	0.5637393	1.624466
25668	-2584.141	-2908.697	324.5555	1.407858	0.5175378	2.153691
25674	-2587.672	-2913.038	325.3656	1.788105	0.5910553	1.216221
25680	-2585.035	-2910.446	325.4109	1.846068	0.5154866	1.227392
25686	-2587.361	-2912.807	325.446	1.859253	0.433478	1.303907
25692	-2577.705	-2903.247	325.5416	1.748845	0.4416184	1.303907
25698	-2584.043	-2909.581	325.5379	1.798596	0.4714202	1.222373
25704	-2579.49	-2904.937	325.4465	1.746528	0.494029	1.309311
25710	-2567.7	-2893.278	325.5773	1.928403	0.4510493	1.105168
25716	-2586.64	-2912.263	325.6226	1.847052	0.4823541	1.088441
25722	-2572.062	-2897.622	325.56	1.988701	0.5339328	0.9257863
25728	-2551.005	-2876.643	325.6382	2.011221	0.4758103	0.9200423
25734	-2557.463	-2882.976	325.5127	1.97487	0.5293945	0.9970255
25740	-2557.546	-2883.179	325.6327	1.945695	0.5293945	0.9009642
25746	-2569.117	-2894.73	325.6131	1.947387	0.5298995	0.9199261
25752	-2562.893	-2888.45	325.5568	1.970916	0.5603031	0.903816
25758	-2550.428	-2876.019	325.591	1.90245	0.5403924	0.9734081
25764	-2567.211	-2892.83	325.619	1.899375	0.5200905	0.9809188
25770	-2563.91	-2889.43	325.52	2.035683	0.497201	0.9809188
25776	-2555.505	-2880.962	325.4576	1.995989	0.5710834	0.9659511
25782	-2545.323	-2870.924	325.6011	1.861748	0.4897438	1.083189
25788	-2545.017	-2870.388	325.3718	1.81777	0.5823164	1.196575
25794	-2558.569	-2884.178	325.6093	1.790674	0.3635468	1.33656
25800	-2555.541	-2880.983	325.4421	1.821567	0.4606888	1.298165
25806	-2585.924	-2911.424	325.5	1.757338	0.4779831	1.278908
25812	-2571.072	-2896.609	325.5362	1.787646	0.5562227	1.112941
25818	-2573.05	-2898.687	325.6371	2.006983	0.4551976	0.9639724
25824	-2562.721	-2888.453	325.7323	2.028416	0.4450524	0.8542814
25830	-2553.043	-2878.708	325.665	1.858882	0.476722	1.046387
25836	-2561.482	-2886.903	325.4217	1.78571	0.476722	1.321284
25842	-2567.133	-2892.617	325.4843	1.780938	0.4398356	1.326889
25848	-2577.11	-2902.665	325.5554	1.781615	0.5717191	1.079192
25854	-2563.74	-2889.057	325.3168	1.613817	0.5719961	1.419012
25860	-2551.562	-2876.672	325.1099	1.550828	0.4489107	1.763104
25866	-2568.548	-2893.627	325.0792	1.572406	0.4658039	1.748731
25872	-2579.326	-2904.495	325.1688	1.641193	0.5384141	1.54893
25878	-2567.607	-2892.71	325.1031	1.690827	0.548721	1.54893
25884	-2571.912	-2896.578	324.666	1.303528	0.5040678	2.163972
25890	-2582.416	-2907.74	325.3241	1.693767	0.5108632	1.425483
25896	-2570.208	-2895.965	325.7569	1.746315	0.3686757	1.243704
25902	-2567.397	-2892.149	324.7517	1.477141	0.4740902	2.026702
25908	-2568.767	-2893.557	324.7894	1.477141	0.5895329	1.878191
25914	-2565.615	-2890.984	325.3693	1.836635	0.5623008	1.208343
25920	-2567.536	-2892.988	325.4527	1.949117	0.5190452	1.095024
25926	-2571.863	-2897.531	325.6678	1.899174	0.4233963	1.095024
25932	-2566.19	-2891.529	325.339	1.703738	0.4276011	1.515857
25938	-2567.717	-2893.055	325.3375	1.703738	0.5126898	1.405166
25944	-2566.563	-2891.47	324.9071	1.63693	0.5228786	1.757397
25950	-2553.212	-2878.771	325.5589	1.729389	0.3706626	1.41294
25956	-2558.872	-2884.369	325.4966	1.838707	0.4883554	1.19879
25962	-2561.812	-2887.306	325.4933	1.974436	0.4969815	1.06731
25968	-2547.523	-2873.174	325.6513	2.004876	0.5201589	0.826039
25974	-2554.577	-2880.12	325.5429	1.934572	0.5759808	0.9328831
25980	-2554.084	-2879.829	325.7447	1.934572	0.4270169	0.9800594
25986	-2556.381	-2882.056	325.6756	1.934572	0.4656459	0.9800594
25992	-2559.93	-2885.477	325.5476	1.937849	0.4413199	1.13916
25998	-2568.644	-2894.394	325.7502	1.982089	0.4413199	0.8953197
26004	-2568.024	-2893.589	325.5654	1.924905	0.4366217	1.142403
26010	-2566.693	-2892.337	325.6444	1.948779	0.5300253	0.8830017
26016	-2572.441	-2897.855	325.4137	1.773166	0.4093316	1.432616
26022	-2573.943	-2899.474	325.5314	1.751957	0.4408708	1.310742
26028	-2559.55	-2885.084	325.5342	1.718609	0.4580624	1.310742
26034	-2551.487	-2877.013	325.5264	1.775827	0.5070232	1.200615
26040	-2563.704	-2889.488	325.7835	1.865536	0.3715531	1.111766
26046	-2578.954	-2904.271	325.3171	1.660525	0.5525265	1.405638
26052	-2568.261	-2893.42	325.1587	1.62506	0.5525265	1.552141
26058	-2564.591	-2889.756	325.1652	1.569823	0.5525265	1.587904
26064	-2572.521	-2897.647	325.1261	1.492145	0.5181476	1.710552
26070	-2572.481	-2897.41	324.9285	1.544302	0.6140209	1.710552
26076	-2560.368	-2885.664	325.296	1.72161	0.5214907	1.412442
26082	-2562.144	-2887.348	325.2046	1.561508	0.5695311	1.546005
26088	-2561.049	-2886.342	325.2938	1.647115	0.6175032	1.358941
26094	-2559.207	-2884.377	325.1703	1.647115	0.4746197	1.619951
26100	-2570.208	-2895.66	325.4522	1.911538	0.4947788	1.164864
26106	-2574.387	-2899.693	325.3061	1.768545	0.3865132	1.550266
26112	-2561.366	-2886.726	325.3598	1.665166	0.452788	1.495087
26118	-2562.113	-2887.274	325.1615	1.758911	0.6462884	1.343202
26124	-2569.61	-2895.117	325.5071	1.794762	0.4548499	1.275327
26130	-2570.572	-2896.305	325.7329	1.846065	0.3969788	1.129581
26136	-2585.155	-2910.881	325.7261	1.789424	0.4306531	1.129581
26142	-2562.718	-2888.234	325.5162	1.785473	0.4464605	1.287739
26148	-2565.91	-2891.554	325.6439	1.890869	0.4389233	1.098507
26154	-2559.14	-2884.282	325.1418	1.890869	0.537147	1.381353
26160	-2560.468	-2886.1	325.6315	1.83688	0.4318623	1.169321
26166	-2575.891	-2901.4	325.5091	1.840647	0.4295096	1.273457
26172	-2573.767	-2899.156	325.3892	1.840647	0.6114922	1.123753
26178	-2577.91	-2903.207	325.2975	1.915277	0.4673259	1.329945
26184	-2566.673	-2892.238	325.5652	1.910391	0.5434966	0.9866958
26190	-2593.948	-2919.391	325.4428	1.814756	0.4999759	1.248195
26196	-2571.698	-2897.27	325.572	1.851034	0.4999759	1.104112
26202	-2581.082	-2906.623	325.5411	1.891171	0.4508264	1.171051
26208	-2569.303	-2894.816	325.5129	1.778763	0.4698519	1.262161
26214	-2575.317	-2900.824	325.5075	1.966436	0.5181428	1.028267
26220	-2568.946	-2894.273	325.3274	2.00917	0.68607	0.9179741
26226	-2558.318	-2883.861	325.5429	2.04989	0.6183017	0.7026962
26232	-2566.015	-2891.598	325.583	2.178899	0.4916901	0.7445749
26238	-2560.984	-2886.557	325.5729	2.086827	0.5421894	0.7746826
26244	-2558.245	-2883.637	325.392	2.086827	0.658303	0.7910309
26250	-2557.563	-2883.147	325.5836	1.957999	0.6044901	0.8079748
26256	-2563.953	-2889.549	325.5962	2.056885	0.5236199	0.8228971
26262	-2573.658	-2899.272	325.6136	2.056885	0.5128031	0.8228971
26268	-2577.068	-2902.499	325.4305	2.056885	0.6500804	0.7946525
26274	-2574.955	-2900.407	325.4526	1.934525	0.606592	0.98048
26280	-2561.228	-2886.759	325.5306	1.999552	0.6156166	0.8019976
26286	-2566.654	-2892.464	325.8101	2.120666	0.3873438	0.7741582
26292	-2574.738	-2900.03	325.2922	2.113751	0.7678548	0.685497
26298	-2584.542	-2909.834	325.2922	2.113751	0.7678548	0.685497
26304	-2578.677	-2904.237	325.5599	1.824252	0.4705922	1.182821
26310	-2584.952	-2910.537	325.585	2.121669	0.5618792	0.6423899
26316	-2559.659	-2885.376	325.7167	2.066127	0.4808509	0.7405953
26322	-2560.323	-2885.889	325.5665	1.947613	0.5232611	0.9800712
26328	-2556.521	-2881.998	325.4764	1.837663	0.5020539	1.19751
26334	-2572.212	-2897.727	325.514	1.894257	0.5544258	1.036505
26340	-2547.738	-2873.322	325.5836	1.900153	0.5328483	0.9953
26346	-2542.307	-2867.917	325.6101	1.802366	0.4660409	1.16499
26352	-2556.699	-2882.462	325.763	1.957012	0.4737156	0.8425411
26358	-2586.516	-2912.249	325.7336	2.048101	0.4758644	0.7550907
26364	-2584.38	-2910.166	325.7857	2.093667	0.4413576	0.6953728
26370	-2552.396	-2877.991	325.5954	2.081811	0.5785115	0.6520774
26376	-2563.012	-2888.677	325.665	2.081811	0.4818595	0.7901082
26382	-2543.693	-2869.264	325.5706	2.058072	0.5550714	0.7901082
26388	-2550.471	-2876.168	325.6974	2.058072	0.4526942	0.844077
26394	-2553.512	-2879.193	325.6811	2.088224	0.4734216	0.778913
26400	-2559.555	-2885.035	325.4799	2.00512	0.6321541	0.8300899
26406	-2556.79	-2882.516	325.7256	2.051847	0.4529654	0.8158725
26412	-2577.777	-2903.521	325.7443	2.06064	0.4529654	0.7789628
26418	-2574.225	-2899.853	325.6287	2.054585	0.4979518	0.8374755
26424	-2583.943	-2909.445	325.5017	2.002972	0.6219124	0.8234405
26430	-2596.062	-2921.644	325.5821	1.987271	0.5071291	0.9498227
26436	-2572.277	-2897.908	325.6314	1.93795	0.5071291	0.9498227
26442	-2565.988	-2891.73	325.7428	2.032552	0.4618975	0.7979516
26448	-2581.307	-2906.935	325.628	2.123719	0.4932631	0.7559032
26454	-2599.789	-2925.454	325.6642	2.125847	0.4006656	0.9153361
26460	-2587.215	-2912.751	325.5356	1.751488	0.5010851	1.221806
26466	-2578.805	-2904.297	325.492	1.834361	0.5116535	1.173246
26472	-2559.492	-2885.113	325.621	1.984808	0.4826956	0.9542948
26478	-2550.865	-2876.435	325.5702	1.910394	0.6002718	0.8897331
26484	-2558.822	-2884.339	325.5167	1.865179	0.5321664	1.094086
26490	-2551.317	-2876.636	325.3186	1.894363	0.6842649	1.046465
26496	-2558.172	-2883.572	325.4	2.025065	0.6393902	0.8896911
26502	-2565.613	-2890.968	325.3554	2.076549	0.6393902	0.8818442
26508	-2560.006	-2885.698	325.6916	2.042061	0.5125299	0.7351328
26514	-2563.654	-2889.264	325.6101	2.197057	0.5125299	0.5791547
26520	-2560.671	-2886.181	325.5104	2.205554	0.5429754	0.682952
26526	-2568.467	-2894.269	325.8015	2.128022	0.4011562	0.7362016
26532	-2573.454	-2898.826	325.3721	2.041773	0.7025599	0.7993783
26538	-2567.318	-2892.695	325.3769	2.041773	0.6988807	0.7993783
26544	-2574.818	-2900.19	325.3721	2.049144	0.6988807	0.7959045
26550	-2583.656	-2908.664	325.0084	1.619298	0.6216371	1.591641
26556	-2587.706	-2912.701	324.9942	1.54392	0.4305531	1.870553
26562	-2564.986	-2890.044	325.0578	1.553731	0.5436881	1.686632
26568	-2575.319	-2900.289	324.97	1.578742	0.6062841	1.664502
26574	-2576.296	-2901.379	325.0828	1.560129	0.4540267	1.769176
26580	-2559.284	-2884.485	325.2011	1.55058	0.4032588	1.758465
26586	-2548.713	-2874.156	325.4425	1.715114	0.4032588	1.46379
26592	-2558.349	-2883.671	325.3216	1.675828	0.6272327	1.302692
26598	-2546.831	-2872.366	325.5352	1.78782	0.5873619	1.070467
26604	-2543.649	-2869.171	325.5221	1.784749	0.5197247	1.178888
26610	-2549.054	-2874.569	325.5152	1.842628	0.5197247	1.133974
26616	-2562.724	-2888.273	325.5487	1.763162	0.5197247	1.174488
26622	-2561.005	-2886.227	325.2224	1.674846	0.5397434	1.482263
26628	-2562.788	-2888.093	325.3053	1.640937	0.6225762	1.349027
26634	-2573.676	-2898.943	325.2667	1.636514	0.6535176	1.349027
26640	-2570.04	-2895.639	325.5996	1.686022	0.4748589	1.26002
26646	-2572.132	-2897.579	325.4468	1.778827	0.5854399	1.161253
26652	-2572.826	-2898.439	325.613	1.829464	0.5329527	1.035813
26658	-2584.314	-2909.827	325.5126	1.967735	0.5245463	1.011907
26664	-2569.445	-2895.026	325.5813	1.994472	0.4736729	1.00077
26670	-2567.369	-2893.184	325.8147	2.000787	0.4195392	0.8443246
26676	-2570.396	-2895.764	325.3674	1.841083	0.6449131	1.100438
26682	-2562.854	-2888.65	325.7956	1.933543	0.4065323	0.9682817
26688	-2563.735	-2889.361	325.6262	1.956209	0.5442819	0.8694345
26694	-2551.813	-2877.295	325.4822	2.009377	0.5866978	0.8998647
26700	-2557.63	-2883.016	325.3858	2.039679	0.6326838	0.8998647
26706	-2554.659	-2880.268	325.6094	1.958085	0.536871	0.8998647
26712	-2563.341	-2889.081	325.7397	1.868646	0.4832117	0.9506974
26718	-2568.233	-2893.985	325.7525	1.958362	0.4511195	0.8996078
26724	-2557.738	-2883.549	325.8103	1.91394	0.3813094	1.022592
26730	-2558.586	-2884.07	325.4841	1.939143	0.5540324	1.022592
26736	-2577.826	-2903.579	325.7534	1.793832	0.4773973	1.022671
26742	-2569.644	-2895.281	325.6373	1.763613	0.4162133	1.251574
26748	-2563.864	-2889.453	325.589	1.745971	0.4523407	1.251574
26754	-2569.789	-2895.607	325.8176	1.898141	0.3598858	1.072263
26760	-2560.797	-2886.327	325.5307	1.898141	0.6214882	0.9136211
26766	-2556.563	-2882.371	325.8077	1.906586	0.4318813	0.9340065
26772	-2560.437	-2886.221	325.7839	2.052526	0.4318813	0.7878215
26778	-2571.565	-2896.936	325.3708	2.059158	0.6902005	0.7994735
26784	-2555.429	-2881.014	325.5855	2.143315	0.5398047	0.6677198
26790	-2566.385	-2892.067	325.6825	2.162788	0.4616818	0.691673
26796	-2555.335	-2880.741	325.4056	2.207131	0.6314549	0.624186
26802	-2562.939	-2888.473	325.534	2.21332	0.5405581	0.624186
26808	-2553.125	-2878.525	325.4002	2.217859	0.627668	0.6240669
26814	-2558.392	-2883.883	325.4906	2.16896	0.561479	0.7306636
26820	-2561.802	-2887.389	325.5878	2.071744	0.561479	0.7306636
26826	-2574.745	-2900.184	325.4389	1.996941	0.6245203	0.9010968
26832	-2572.65	-2898.051	325.4011	1.586295	0.5036212	1.457933
26838	-2561.28	-2886.28	324.9996	1.60746	0.6436096	1.58426
26844	-2561.719	-2886.958	325.2391	1.570462	0.4648314	1.637825
26850	-2563.895	-2888.969	325.0744	1.603814	0.5446935	1.637825
26856	-2555.011	-2879.815	324.8035	1.46758	0.4076516	2.078086
26862	-2560.025	-2885.033	325.008	1.470603	0.4445494	1.893854
26868	-2559.181	-2883.891	324.7106	1.558795	0.583623	1.882219
26874	-2556.893	-2882.221	325.3279	1.656525	0.5837299	1.363381
26880	-2569.965	-2895.578	325.6123	1.656525	0.4036997	1.377313
26886	-2562.944	-2888.231	325.2864	1.746905	0.5400463	1.377313
26892	-2565.317	-2890.527	325.2097	1.654592	0.5892539	1.450223
26898	-2571.737	-2897.028	325.2908	1.661605	0.5315399	1.450223
26904	-2571.986	-2897.413	325.4271	1.661605	0.4359981	1.469695
26910	-2584.288	-2909.709	325.4204	1.70535	0.5527985	1.287424
26916	-2571.996	-2896.996	325.0002	1.614979	0.4743922	1.763809
26922	-2575.078	-2900.392	325.3141	1.620947	0.4743922	1.534129
26928	-2571.966	-2897.448	325.4821	1.654075	0.333278	1.586032
26934	-2564.496	-2890.113	325.6168	2.239995	0.4747108	0.6199084
26940	-2574.464	-2900.086	325.6214	2.248496	0.4747108	0.5805899
26946	-2580.313	-2905.88	325.567	2.214589	0.4747108	0.7582266
26952	-2567.503	-2893.056	325.5534	2.013537	0.600021	0.7826501
26958	-2568.413	-2894.066	325.6532	1.973169	0.4996572	0.9011278
26964	-2568.616	-2894.289	325.6734	2.010735	0.4655854	0.9011278
26970	-2573.683	-2899.321	325.6381	2.010735	0.4862161	0.9011278
26976	-2568.8	-2894.389	325.5891	2.019837	0.5169554	0.8888903
26982	-2573.128	-2898.717	325.5889	2.019837	0.5354684	0.85444
26988	-2555.572	-2881.213	325.6409	1.980923	0.5354684	0.838436
26994	-2566.457	-2892.274	325.8163	1.980923	0.4324174	0.837534
27000	-2564.404	-2889.992	325.5876	2.067767	0.5750212	0.7037058
27006	-2591.758	-2917.183	325.4248	2.138324	0.6389924	0.7037058
27012	-2579.405	-2905.025	325.6204	2.216855	0.464239	0.698171
27018	-2578.753	-2904.307	325.5537	2.212845	0.5388568	0.5738834
27024	-2577.545	-2903.191	325.6468	2.303141	0.4208627	0.6274548
27030	-2583.549	-2909.122	325.5723	1.568322	0.4998279	1.343586
27036	-2574.121	-2899.253	325.1322	1.517869	0.4721169	1.742147
27042	-2578.362	-2903.219	324.8566	1.597558	0.5958897	1.742147
27048	-2574.888	-2899.936	325.0474	1.611136	0.6013768	1.59038
27054	-2578.976	-2904.096	325.1198	1.698168	0.55709	1.521592
27060	-2576.438	-2901.903	325.4653	1.77464	0.4880922	1.279192
27066	-2578.135	-2903.23	325.0951	1.717091	0.5890626	1.489898
27072	-2558.086	-2883.401	325.3151	1.69745	0.526455	1.410226
27078	-2563.993	-2889.363	325.3701	1.714315	0.5051253	1.381114
27084	-2561.03	-2886.391	325.361	1.796061	0.5505296	1.264537
27090	-2585.694	-2911.306	325.6117	1.757914	0.4480099	1.229023
27096	-2579.917	-2905.514	325.5964	1.768823	0.4152402	1.282567
27102	-2579.584	-2905.065	325.4809	2.363113	0.4937951	0.4498584
27108	-2584.568	-2909.805	325.2367	2.363113	0.6600399	0.4952044
27114	-2579.894	-2905.514	325.6197	2.249741	0.4790414	0.5504012
27120	-2564.174	-2889.759	325.5854	2.288306	0.4790414	0.5155083
27126	-2581.589	-2907.18	325.5919	2.298744	0.4658317	0.5581821
27132	-2584.534	-2910.106	325.5715	2.298744	0.4786587	0.5495956
27138	-2562.579	-2887.896	325.3165	2.298744	0.6446297	0.5551535
27144	-2550.513	-2876.148	325.6348	2.219321	0.4805292	0.5996303
27150	-2561.851	-2887.424	325.5728	2.268595	0.4805292	0.6333338
27156	-2560.98	-2886.631	325.6505	2.279327	0.4217399	0.667964
27162	-2550.783	-2876.499	325.7158	1.97847	0.4852042	0.8501657
27168	-2543.75	-2869.505	325.755	1.870942	0.4852042	0.9282659
27174	-2555.927	-2881.616	325.6888	1.86602	0.4970079	0.9821245
27180	-2564.218	-2889.931	325.7126	1.974861	0.4069754	1.00956
27186	-2551.36	-2876.865	325.5046	1.927755	0.5547645	1.012508
27192	-2557.752	-2883.361	325.6085	1.940428	0.5547645	0.8893742
27198	-2561.252	-2886.714	325.4621	1.912969	0.59968	1.002721
27204	-2545.221	-2870.837	325.616	1.897222	0.5099263	1.002721
27210	-2551.25	-2876.81	325.5606	1.864288	0.5785421	0.9838481
27216	-2547.566	-2873.154	325.5882	1.923413	0.6016213	0.8509726
27222	-2564.043	-2889.22	325.1767	1.886018	0.6816698	1.185865
27228	-2550.093	-2875.618	325.5256	1.781733	0.5142153	1.186155
27234	-2545.726	-2871.034	325.3084	1.781733	0.5383595	1.334394
27240	-2601.596	-2926.076	324.4797	1.546754	0.5157267	2.114385
27246	-2598.019	-2923.561	325.5416	1.700485	0.4059496	1.394887
27252	-2571.924	-2897.199	325.275	1.704024	0.6849667	1.253065
27258	-2565.376	-2890.594	325.2173	1.73722	0.6345778	1.32895
27264	-2561.461	-2886.985	325.5247	1.746126	0.5312541	1.194046
27270	-2570.751	-2896.201	325.4497	1.792107	0.5312541	1.218823
27276	-2561.048	-2886.674	325.6265	1.792107	0.4527483	1.179922
27282	-2570.287	-2895.593	325.306	1.771358	0.6115323	1.25537
27288	-2566.084	-2891.539	325.4545	1.768161	0.5289553	1.238078
27294	-2570.899	-2896.227	325.3276	1.723122	0.479184	1.440832
27300	-2573.036	-2898.61	325.5743	1.86964	0.5003782	1.084267
27306	-2559.101	-2884.646	325.545	1.874472	0.5440505	1.041236
27312	-2568.888	-2894.521	325.6332	1.860597	0.5288671	0.9916088
27318	-2574.983	-2900.569	325.5864	1.795206	0.527721	1.100887
27324	-2586.319	-2912.004	325.685	1.812293	0.4068807	1.184768
27330	-2584.577	-2909.231	324.6532	1.56057	0.4694705	2.041938
27336	-2596.515	-2921.59	325.0747	1.671732	0.4694705	1.677249
27342	-2587.025	-2912.527	325.5025	1.842385	0.5245956	1.138564
27348	-2577.923	-2903.456	325.5338	1.842385	0.5245956	1.11035
27354	-2591.749	-2917.115	325.3663	1.926171	0.5788244	1.11035
27360	-2582.717	-2907.729	325.0117	1.459458	0.4322224	1.914001
27366	-2582.685	-2907.67	324.9845	1.459458	0.4472822	1.914001
27372	-2568.821	-2893.729	324.9073	1.536609	0.4472822	1.914001
27378	-2590.877	-2915.861	324.9844	1.468034	0.4425241	1.914001
27384	-2581.964	-2906.767	324.8022	1.577205	0.4582906	1.944416
27390	-2562.931	-2887.606	324.6744	1.540188	0.5969657	1.90607
27396	-2585.338	-2910.251	324.9136	1.529693	0.4542248	1.90607
27402	-2574.563	-2899.437	324.874	1.446721	0.5273667	1.90607
27408	-2579.309	-2904.006	324.6975	1.543845	0.5273667	1.95961
27414	-2580.836	-2905.608	324.772	1.508471	0.503197	1.95961
27420	-2585.333	-2910.52	325.1874	1.569061	0.4998462	1.633303
27426	-2585.8	-2910.545	324.7456	1.600214	0.5365749	1.87912
27432	-2571.98	-2896.638	324.6579	1.488135	0.5268048	2.02382
27438	-2577.358	-2901.999	324.6403	1.460374	0.5003434	2.082216
27444	-2576.664	-2902.264	325.5995	1.755587	0.4664972	1.213765
27450	-2572.198	-2897.808	325.6106	1.755587	0.4131924	1.284937
27456	-2576.231	-2901.783	325.5522	1.744548	0.5213236	1.185425
27462	-2569.903	-2895.31	325.4071	1.679694	0.5213236	1.358555
27468	-2569.888	-2895.379	325.4907	1.685385	0.5213236	1.286765
27474	-2566.684	-2892.184	325.5005	1.699793	0.506399	1.286765
27480	-2572.717	-2898.2	325.4828	1.710919	0.5605995	1.220947
27486	-2575.422	-2900.839	325.4163	1.732979	0.5902464	1.220947
27492	-2561.788	-2887.002	325.2139	1.69767	0.5598808	1.447772
27498	-2556.752	-2882.03	325.2779	1.661826	0.5308751	1.460683
27504	-2562.218	-2887.802	325.5837	1.981976	0.4994049	0.9669397
27510	-2571.797	-2896.995	325.1981	1.574264	0.5269756	1.58981
27516	-2569.776	-2894.699	324.9226	1.617534	0.5774773	1.700705
27522	-2566.261	-2891.287	325.0254	1.617534	0.4604434	1.761324
27528	-2582.146	-2907.361	325.2146	1.684746	0.5137352	1.511819
27534	-2566.049	-2891.464	325.4148	1.730604	0.5920443	1.221998
27540	-2563.316	-2888.621	325.3056	1.800975	0.5920443	1.25458
27546	-2564.824	-2890.129	325.3056	1.800975	0.5920443	1.25458
27552	-2554.555	-2880.101	325.5461	1.984734	0.5151544	0.9762542
27558	-2566.742	-2892.466	325.7246	1.935088	0.4830162	0.8949624
27564	-2577.472	-2903.081	325.6082	2.008759	0.4830162	0.9418642
27570	-2564.844	-2890.497	325.653	2.008759	0.5073353	0.8449186
27576	-2565.616	-2891.191	325.5757	1.978464	0.5554518	0.8822059
27582	-2560.052	-2885.5	325.4478	1.954305	0.6608768	0.8822059
27588	-2571.869	-2897.28	325.4115	1.823994	0.6608768	1.054918
27594	-2560.269	-2885.967	325.6987	1.852729	0.4404598	1.080478
27600	-2563.157	-2888.744	325.5865	1.87955	0.5553922	0.9776896
27606	-2562.399	-2888.265	325.866	1.880461	0.4169942	0.929046
27612	-2555.171	-2880.41	325.2386	1.939956	0.7061601	1.052051
27618	-2556.441	-2882.023	325.5821	1.881694	0.5021491	1.062989
27624	-2556.435	-2882.027	325.5925	1.857797	0.5637182	0.9807684
27630	-2569.391	-2895.083	325.6918	1.933439	0.4561538	0.9815972
27636	-2567.679	-2893.427	325.7488	1.933439	0.4495849	0.9341566
27642	-2560.402	-2885.902	325.4994	2.007882	0.6017186	0.8560683
27648	-2577.45	-2903.109	325.6596	2.089522	0.4989113	0.7457085
27654	-2575.711	-2901.178	325.467	2.175897	0.5660598	0.7457085
27660	-2586.158	-2911.479	325.3219	1.906498	0.5614164	1.190275
27666	-2562.112	-2887.77	325.6574	1.928959	0.4488198	1.033142
27672	-2552.557	-2878.245	325.6876	1.960638	0.4488198	0.9713623
27678	-2566.885	-2892.482	325.5973	1.886208	0.5480795	0.9713623
27684	-2570.542	-2895.903	325.3607	1.905543	0.5745476	1.139685
27690	-2568.966	-2894.512	325.546	1.770387	0.3672081	1.396525
27696	-2580.069	-2905.539	325.4698	1.939007	0.4879067	1.135176
27702	-2578.066	-2903.327	325.2609	1.823939	0.5543879	1.318635
27708	-2571.48	-2897.057	325.5775	1.852699	0.5543879	1.015192
27714	-2570.424	-2895.994	325.5701	1.828246	0.5543879	1.046171
27720	-2571.839	-2897.591	325.7521	1.829008	0.4369474	1.058611
27726	-2560.056	-2885.947	325.891	1.868914	0.3512728	1.047437
27732	-2574.975	-2900.562	325.587	1.953847	0.5296294	0.9415649
27738	-2560.992	-2886.757	325.7642	2.039097	0.4633805	0.7550752
27744	-2568.563	-2894.255	325.6924	2.075605	0.4633805	0.8042658
27750	-2563.413	-2889.166	325.753	1.985475	0.4165517	0.9384895
27756	-2563.826	-2889.574	325.7478	1.985475	0.4165517	0.9440493
27762	-2548.25	-2873.923	325.673	1.886668	0.5164319	0.9440493
27768	-2554.243	-2879.816	325.573	1.767846	0.5654596	1.084348
27774	-2557.533	-2883.202	325.669	2.041807	0.4357426	0.9302283
27780	-2559.36	-2885.073	325.713	1.944727	0.4687669	0.9242094
27786	-2558.901	-2884.633	325.7317	1.840421	0.4597199	1.02821
27792	-2553.584	-2879.296	325.7123	1.823873	0.4597199	1.062672
27798	-2567.533	-2893.322	325.7887	1.882102	0.4073644	1.025239
27804	-2556.063	-2881.903	325.84	1.827645	0.4090067	1.025239
27810	-2562.015	-2887.492	325.4766	1.966207	0.6380074	0.8713486
27816	-2575.01	-2900.521	325.5108	1.888802	0.6380074	0.9203035
27822	-2561.387	-2886.977	325.5908	2.164393	0.542367	0.5941662
27828	-2563.989	-2889.549	325.5599	2.189466	0.5298165	0.6579356
27834	-2563.315	-2889.035	325.72	2.192424	0.4362815	0.6486441
27840	-2567.718	-2893.291	325.5732	2.053453	0.5723997	0.7556639
27846	-2565.402	-2890.984	325.5821	2.059234	0.5794795	0.716244
27852	-2563.024	-2888.676	325.6518	1.926299	0.5339606	0.8930212
27858	-2568.35	-2894.014	325.664	1.918208	0.5068537	0.9366136
27864	-2552.33	-2877.905	325.5745	2.046992	0.5068537	0.8932695
27870	-2571.511	-2897.146	325.6353	2.06271	0.5097584	0.7933363
27876	-2564.384	-2890.073	325.6896	2.06271	0.5248902	0.667855
27882	-2560.529	-2886.062	325.533	2.121312	0.5674905	0.7243887
27888	-2554.999	-2880.344	325.3451	2.117831	0.7044334	0.7243887
27894	-2553.261	-2878.701	325.4395	2.123961	0.5974681	0.7924059
27900	-2555.979	-2881.501	325.5221	2.150305	0.5341121	0.7747529
27906	-2561.36	-2886.708	325.3478	2.182611	0.6942196	0.6173276
27912	-2555.205	-2880.657	325.4516	2.228548	0.5889989	0.6071389
27918	-2568.85	-2894.498	325.6482	2.186124	0.4939209	0.5909411
27924	-2567.954	-2893.503	325.5483	2.156115	0.5109502	0.7819248
27930	-2563.966	-2888.979	325.0134	1.690559	0.4729446	1.703137
27936	-2574.493	-2899.72	325.2272	1.655199	0.4888031	1.55498
27942	-2585.933	-2911.493	325.5597	2.224775	0.5178138	0.6216251
27948	-2582.16	-2907.752	325.5925	2.199553	0.5178138	0.6008217
27954	-2570.675	-2896.308	325.6325	2.143366	0.5178138	0.6421324
27960	-2575.924	-2901.556	325.6325	2.143366	0.5178138	0.6421324
27966	-2569.18	-2894.529	325.349	2.143366	0.7157534	0.6421324
27972	-2575.728	-2901.018	325.29	1.677719	0.6622785	1.287425
27978	-2563.86	-2889.351	325.4905	1.808394	0.4482228	1.287425
27984	-2577.602	-2902.415	324.8139	1.676184	0.6524566	1.660058
27990	-2575.784	-2900.923	325.1385	1.648968	0.4597203	1.660058
27996	-2555.285	-2880.326	325.0411	1.718223	0.654305	1.459905
28002	-2553.097	-2878.181	325.0841	1.626582	0.5066048	1.658161
28008	-2556.286	-2881.572	325.2864	1.676946	0.6101436	1.349568
28014	-2555.857	-2881.133	325.2761	1.721115	0.5263522	1.422217
28020	-2542.82	-2868.315	325.4958	1.696323	0.5141498	1.283091
28026	-2559.258	-2884.752	325.494	1.698078	0.5141498	1.283091
28032	-2577.569	-2902.945	325.3758	1.773262	0.5411937	1.283091
28038	-2565.474	-2891.101	325.6274	1.731879	0.4384692	1.252028
28044	-2561.511	-2886.932	325.4207	1.901756	0.5117177	1.176526
28050	-2554.351	-2879.876	325.5257	1.906637	0.4472209	1.176526
28056	-2561.125	-2886.773	325.6479	2.08446	0.4662341	0.8432481
28062	-2552.718	-2877.953	325.2345	1.880106	0.6073421	1.229209
28068	-2559.826	-2885.047	325.2214	1.829948	0.5535828	1.346403
28074	-2572.301	-2897.713	325.4128	1.720707	0.4853135	1.368454
28080	-2570.73	-2896.057	325.3268	1.724586	0.5535828	1.346403
28086	-2557.142	-2882.507	325.3652	1.747645	0.5388786	1.315508
28092	-2563.838	-2889.401	325.5637	1.902544	0.4585877	1.128808
28098	-2560.22	-2885.894	325.674	1.852986	0.4617853	1.067908
28104	-2568.451	-2894.138	325.6874	1.801839	0.5146152	1.018888
28110	-2562.785	-2888.53	325.7456	1.867736	0.4418964	1.018888
28116	-2551.956	-2877.436	325.4803	1.867736	0.6070866	1.018888
28122	-2560.786	-2886.358	325.572	1.839385	0.4798958	1.14498
28128	-2578.583	-2904.055	325.4726	1.762233	0.4933908	1.276061
28134	-2563.42	-2888.908	325.488	1.746842	0.4933908	1.276061
28140	-2567.864	-2893.121	325.2567	1.683899	0.5158311	1.478263
28146	-2557.849	-2883.224	325.375	1.731262	0.4924831	1.380422
28152	-2561.8	-2887.197	325.3969	1.70929	0.4924831	1.380422
28158	-2547.712	-2873.238	325.5261	1.679496	0.5248743	1.257736
28164	-2545.229	-2870.852	325.6224	1.71932	0.4482492	1.252056
28170	-2560.001	-2885.286	325.2847	1.71932	0.5271292	1.416011
28176	-2545.134	-2870.601	325.4675	1.648266	0.4601699	1.416011
28182	-2562.356	-2887.914	325.5575	1.799087	0.4870075	1.182469
28188	-2562.317	-2887.844	325.5269	1.838404	0.591139	1.024684
28194	-2565.032	-2890.525	325.4932	1.868269	0.5424919	1.097944
28200	-2561.715	-2887.227	325.512	1.989978	0.5413812	0.9629812
28206	-2562.741	-2888.35	325.6093	1.989978	0.5162628	0.9011446
28212	-2564.745	-2890.418	325.6732	1.998558	0.5162628	0.8141196
28218	-2572.983	-2898.128	325.1448	1.753085	0.6939704	1.30991
28224	-2561.636	-2886.302	324.6663	1.471437	0.4248792	2.144237
28230	-2559.861	-2884.551	324.6894	1.426788	0.6348939	1.936044
28236	-2575.307	-2900.146	324.8387	1.463474	0.4222182	2.039443
28242	-2552.997	-2877.447	324.4499	1.518428	0.6299367	2.039443
28248	-2551.862	-2876.6	324.7388	1.486205	0.4652005	2.039443
28254	-2549.11	-2874.046	324.9352	1.497418	0.5682928	1.785738
28260	-2558.211	-2883.269	325.0581	1.577742	0.4879939	1.733184
28266	-2561.975	-2886.799	324.8237	1.560143	0.4693209	1.92849
28272	-2586.934	-2911.742	324.8087	1.647345	0.4740974	1.873878
28278	-2572.952	-2898.312	325.3605	1.690738	0.3876072	1.565899
28284	-2572.032	-2897.676	325.6437	1.699072	0.4153181	1.30071
28290	-2560.813	-2886.255	325.4419	1.777588	0.5070701	1.270081
28296	-2554.331	-2880	325.6691	2.010203	0.4853024	0.8678845
28302	-2553.623	-2879.275	325.6527	1.991172	0.4136764	1.039792
28308	-2566.993	-2892.722	325.7293	1.859972	0.3832314	1.144418
28314	-2567.761	-2893.202	325.4405	1.88415	0.5992301	1.052446
28320	-2578.083	-2903.804	325.7213	1.804635	0.4288757	1.123124
28326	-2576.899	-2902.372	325.4724	1.782044	0.4867438	1.269101
28332	-2565.616	-2891.094	325.4783	1.800496	0.4867438	1.248881
28338	-2570.721	-2896.132	325.4106	1.761862	0.5245514	1.285448
28344	-2595.518	-2921.038	325.5201	1.761862	0.5065909	1.218472
28350	-2582.914	-2908.244	325.3295	1.678613	0.4407406	1.523802
28356	-2579.681	-2904.957	325.2753	1.643049	0.4924754	1.523802
28362	-2585.71	-2910.917	325.207	1.672243	0.6987732	1.319893
28368	-2582.183	-2907.456	325.2738	1.707072	0.5237857	1.437946
28374	-2565.601	-2891.039	325.4382	1.680812	0.5237857	1.32977
28380	-2567.575	-2892.865	325.2905	1.823054	0.5304764	1.325591
28386	-2565.942	-2891.606	325.6642	1.87159	0.4677082	1.049882
28392	-2555.158	-2880.825	325.6673	1.941575	0.4677082	0.9776957
28398	-2566.47	-2892.216	325.7461	1.990728	0.4677082	0.8345845
28404	-2570.413	-2896.027	325.6139	1.886125	0.5288872	0.9852234
28410	-2582.343	-2907.346	325.0034	1.555943	0.5040058	1.768066
28416	-2574.373	-2898.667	324.294	1.316311	0.5164004	2.381367
28422	-2563.084	-2888.839	325.7548	1.987296	0.4466171	0.8730264
28428	-2567.729	-2893.358	325.6283	2.043615	0.5011171	0.84504
28434	-2554.144	-2879.616	325.4723	1.843035	0.5442516	1.137194
28440	-2570.359	-2895.991	325.6322	1.886456	0.4243273	1.137194
28446	-2548.742	-2874.411	325.6688	1.886456	0.4243273	1.104208
28452	-2564.671	-2890.218	325.5472	1.822371	0.4959628	1.15805
28458	-2555.937	-2881.466	325.5288	1.78227	0.5022187	1.199836
28464	-2563.35	-2888.725	325.3746	1.781767	0.634262	1.16049
28470	-2564.277	-2889.752	325.4753	1.809661	0.5469139	1.16049
28476	-2551.921	-2877.582	325.6608	1.985163	0.4627686	0.9480987
28482	-2564.84	-2890.504	325.6645	1.964572	0.4627686	0.9657352
28488	-2553.97	-2879.698	325.7281	1.964572	0.4407166	0.9399564
28494	-2551.575	-2877.073	325.4977	1.923593	0.6098471	0.9399564
28500	-2568.687	-2894.368	325.681	1.923593	0.3862013	1.12547
28506	-2581.901	-2907.304	325.4023	1.943433	0.6324341	0.9852473
28512	-2566.949	-2892.617	325.668	1.904155	0.478803	0.9955941
28518	-2570.949	-2896.461	325.5118	1.657699	0.478803	1.348745
28524	-2577.828	-2903.359	325.5315	1.836871	0.5477624	1.084005
28530	-2558.301	-2883.873	325.5729	1.811035	0.4759324	1.174976
28536	-2571.903	-2897.108	325.2045	1.853817	0.6679766	1.205338
28542	-2575.039	-2900.539	325.5003	2.034504	0.620039	0.7872781
28548	-2569.324	-2894.813	325.4892	2.004118	0.6497584	0.7872781
28554	-2547.138	-2872.644	325.5058	1.929553	0.6497584	0.8609567
28560	-2561.826	-2887.531	325.7052	1.929553	0.4607426	0.9634814
28566	-2563.257	-2888.878	325.6204	1.763934	0.5144874	1.117722
28572	-2568.833	-2894.307	325.4742	1.711173	0.5144874	1.288149
28578	-2567.53	-2892.951	325.4209	1.704393	0.5144874	1.336678
28584	-2567.322	-2892.673	325.3516	1.680896	0.5740554	1.336678
28590	-2561.14	-2886.735	325.5952	1.680258	0.441197	1.316632
28596	-2560.567	-2885.903	325.3364	1.776988	0.5230585	1.335211
28602	-2567.825	-2893.261	325.4355	1.717045	0.4989991	1.335211
28608	-2555.344	-2880.723	325.3795	1.753501	0.5418534	1.295323
28614	-2566.211	-2891.504	325.2922	1.63777	0.5737479	1.417546
28620	-2574.191	-2899.208	325.0166	1.693971	0.6227024	1.529565
28626	-2566.695	-2891.74	325.0447	1.640856	0.5783766	1.595379
28632	-2563.759	-2888.885	325.1265	1.68318	0.4564594	1.648286
28638	-2578.002	-2902.861	324.8587	1.587412	0.5866685	1.757216
28644	-2582.035	-2907.254	325.2193	1.61958	0.4577846	1.625538
28650	-2599.291	-2924.964	325.6724	1.873251	0.4621405	1.049655
28656	-2587.218	-2912.822	325.6037	1.873251	0.5026504	1.049655
28662	-2580.455	-2905.853	325.3974	1.687458	0.6516786	1.201568
28668	-2578.346	-2903.838	325.4917	1.673874	0.5482133	1.260485
28674	-2570.6	-2895.719	325.1194	1.643657	0.68722	1.42328
28680	-2587.516	-2912.939	325.4226	1.681368	0.5573056	1.299489
28686	-2572.211	-2897.784	325.5724	1.793703	0.5271324	1.115825
28692	-2564.43	-2890.035	325.6048	1.978959	0.5271324	0.8989237
28698	-2567.314	-2892.862	325.5484	1.978959	0.5886949	0.8548153
28704	-2573.731	-2899.242	325.5107	1.978959	0.5886949	0.8987423
28710	-2580.766	-2906.197	325.4314	2.004208	0.5886949	0.9573385
28716	-2574.244	-2899.628	325.3841	2.002533	0.6828057	0.8659342
28722	-2559.379	-2884.977	325.5978	2.101382	0.5347795	0.733466
28728	-2573.167	-2898.913	325.7461	2.190212	0.425873	0.6378151
28734	-2567.818	-2893.499	325.6805	1.908869	0.5291816	0.8888672
28740	-2571.645	-2897.104	325.4589	1.801548	0.674311	1.013268
28746	-2574.575	-2900.216	325.6417	1.801548	0.4711443	1.129896
28752	-2575.112	-2900.245	325.1327	1.765711	0.5622644	1.455065
28758	-2556.604	-2881.852	325.2484	1.683605	0.5622644	1.429336
28764	-2567.019	-2891.983	324.9639	1.467435	0.5026606	1.857956
28770	-2570.791	-2895.49	324.6998	1.536985	0.6308927	1.857956
28776	-2560.019	-2885.38	325.3614	1.653593	0.4069879	1.564971
28782	-2559.935	-2885.215	325.2807	1.690872	0.4730724	1.508606
28788	-2554.584	-2879.927	325.3424	1.711066	0.4279896	1.507266
28794	-2573.141	-2898.567	325.4269	1.640455	0.4326933	1.49039
28800	-2553.393	-2878.692	325.2986	1.703072	0.4996629	1.451983
28806	-2552.631	-2878.231	325.6006	1.770597	0.3718514	1.346011
28812	-2541.886	-2867.33	325.4435	1.770597	0.5149929	1.263893
28818	-2555.935	-2881.77	325.8355	1.894798	0.4551107	0.8691691
28824	-2573.002	-2898.735	325.7327	1.950863	0.4995576	0.8338204
28830	-2577.017	-2902.693	325.6761	1.997146	0.4995576	0.8465846
28836	-2580.41	-2905.833	325.4233	2.057125	0.6505975	0.8030851
28842	-2548.458	-2873.998	325.5391	2.074448	0.5793196	0.7596347
28848	-2556.821	-2882.384	325.5635	2.013062	0.6067967	0.7547411
28854	-2557.943	-2883.364	325.4203	1.940381	0.5880881	1.033485
28860	-2554.504	-2880.151	325.6473	2.021824	0.521173	0.8072026
28866	-2546.199	-2871.797	325.5972	2.09871	0.521173	0.7705488
28872	-2568.169	-2893.991	325.8224	1.887754	0.4400058	0.922521
28878	-2566.607	-2892.405	325.7979	2.061228	0.440385	0.7320567
28884	-2551.07	-2876.798	325.7279	2.135205	0.438162	0.7320567
28890	-2569.921	-2895.32	325.3989	2.093603	0.6782244	0.7320567
28896	-2553.83	-2879.181	325.3508	2.071936	0.6972749	0.7967277
28902	-2560.485	-2886.301	325.8157	1.979315	0.4119999	0.8853916
28908	-2562.99	-2888.377	325.3869	1.884099	0.6937357	0.9767473
28914	-2556.171	-2881.791	325.6197	1.880804	0.5626512	0.9297233
28920	-2567.222	-2892.817	325.5949	1.95118	0.5580397	0.886858
28926	-2547.13	-2872.869	325.739	1.934479	0.4455247	0.9512178
28932	-2567.243	-2892.867	325.6247	1.934479	0.4326929	1.086361
28938	-2570.43	-2896.115	325.6845	1.874673	0.4326929	1.086361
28944	-2552.935	-2878.578	325.643	1.842012	0.488859	1.063793
28950	-2560.36	-2885.92	325.5603	1.898034	0.5049214	1.063793
28956	-2567.493	-2893.058	325.5653	1.89306	0.5049214	1.063793
28962	-2569.047	-2894.436	325.3896	1.799414	0.467919	1.348038
28968	-2571.286	-2896.835	325.5491	1.645864	0.4645187	1.348038
28974	-2568.639	-2894.148	325.5088	1.751487	0.6396817	1.059025
28980	-2561.838	-2887.53	325.6917	1.751487	0.3957519	1.248879
28986	-2556.047	-2881.236	325.1894	1.656377	0.5661992	1.490393
28992	-2579.077	-2904.422	325.345	1.656377	0.4698746	1.490393
28998	-2575.598	-2900.972	325.3744	1.570638	0.5032519	1.490393
29004	-2568.427	-2893.915	325.4878	1.788199	0.4809581	1.259347
29010	-2577.27	-2902.978	325.708	1.803945	0.4809581	1.050893
29016	-2557.512	-2883.186	325.6739	1.812752	0.4318493	1.153292
29022	-2558.134	-2882.77	324.6353	1.358963	0.4963412	2.156191
29028	-2568.844	-2893.082	324.2372	1.266782	0.5984912	2.369019
29034	-2573.992	-2899.206	325.2136	1.758147	0.4482057	1.540868
29040	-2556.998	-2882.361	325.3639	1.604996	0.5552049	1.4092
29046	-2577.327	-2902.536	325.2083	1.640656	0.5057659	1.558882
29052	-2561.712	-2886.964	325.2522	1.577106	0.567863	1.500859
29058	-2567.818	-2893.038	325.2205	1.734348	0.5548585	1.420432
29064	-2555.219	-2880.454	325.2347	1.682568	0.5797108	1.420432
29070	-2547.94	-2873.523	325.5826	1.794241	0.562279	1.055111
29076	-2555.188	-2880.951	325.763	2.125237	0.4436631	0.6709925
29082	-2556.228	-2881.664	325.4365	1.95441	0.6120277	0.9685727
29088	-2567.443	-2892.828	325.3845	1.905484	0.6263836	1.048402
29094	-2575.175	-2900.482	325.307	1.834054	0.6490146	1.15597
29100	-2573.555	-2898.868	325.3121	1.834095	0.6490146	1.151417
29106	-2568.48	-2893.861	325.3816	1.754106	0.6490146	1.160633
29112	-2570.209	-2895.226	325.0172	1.654177	0.538269	1.64995
29118	-2569.361	-2894.66	325.2996	1.646629	0.3807354	1.651971
29124	-2564.326	-2889.856	325.53	1.673554	0.3874164	1.452256
29130	-2566.105	-2891.222	325.1171	1.507677	0.5676327	1.650961
29136	-2546.405	-2871.663	325.2585	1.706306	0.4969265	1.483418
29142	-2542.697	-2868.329	325.6318	1.807319	0.3800586	1.277746
29148	-2559.217	-2884.548	325.3313	1.807319	0.5574317	1.271012
29154	-2561.036	-2886.017	324.9812	1.593975	0.6712973	1.580026
29160	-2564.885	-2890.075	325.19	1.600462	0.5058324	1.601541
29166	-2571.177	-2896.407	325.2307	1.767228	0.4446076	1.526223
29172	-2575.815	-2901.297	325.4816	1.788817	0.4247601	1.344702
29178	-2581.573	-2907.054	325.4815	1.698772	0.4543934	1.373702
29184	-2583.708	-2908.823	325.1153	1.686726	0.4598431	1.649454
29190	-2584.003	-2909.229	325.2256	1.713216	0.4598431	1.550013
29196	-2592.348	-2917.652	325.3043	1.699866	0.4598431	1.501393
29202	-2613.132	-2938.496	325.3639	1.667744	0.4443517	1.501393
29208	-2594.663	-2920.018	325.3556	1.657114	0.4549953	1.501393
29214	-2590.622	-2916.008	325.3867	1.625999	0.4549953	1.501393
29220	-2589.207	-2914.664	325.4573	1.657653	0.4648927	1.410303
29226	-2583.1	-2908.657	325.5571	1.659068	0.4091363	1.410303
29232	-2575.224	-2900.431	325.2063	1.696677	0.6335284	1.371031
29238	-2561.169	-2886.808	325.6391	1.788724	0.396953	1.259683
29244	-2565.945	-2891.509	325.5635	1.799911	0.5135216	1.137898
29250	-2573.549	-2899.043	325.4941	1.96532	0.6002517	0.9136053
29256	-2555.94	-2881.516	325.5762	1.831441	0.5414507	1.056414
29262	-2569.647	-2895.246	325.5991	1.860577	0.4757613	1.107831
29268	-2572.495	-2898.118	325.6227	1.849558	0.4767717	1.09479
29274	-2579.618	-2905.139	325.5209	1.849558	0.5389395	1.09479
29280	-2562.831	-2888.308	325.4772	1.939683	0.5389395	1.05137
29286	-2562.004	-2887.728	325.7238	1.812547	0.4572539	1.066602
29292	-2568.563	-2894.194	325.631	1.885436	0.4572539	1.085184
29298	-2569.019	-2894.703	325.6846	1.877011	0.4604155	1.0372
29304	-2568.824	-2894.415	325.5901	1.812175	0.4604155	1.182402
29310	-2573.805	-2899.276	325.4709	1.825458	0.5149839	1.194562
29316	-2561.231	-2886.823	325.5919	1.852421	0.4291072	1.194562
29322	-2574.08	-2899.843	325.7629	1.79659	0.3694845	1.194562
29328	-2575.516	-2900.995	325.4788	1.860007	0.5175947	1.153911
29334	-2589.138	-2914.684	325.5458	1.76841	0.5175947	1.17545
29340	-2559.612	-2885.132	325.5196	1.798397	0.5175947	1.172188
29346	-2578.931	-2904.314	325.3836	1.663017	0.5175947	1.394821
29352	-2560.675	-2886.111	325.4357	1.756729	0.4325633	1.394821
29358	-2563.81	-2889.158	325.3486	1.643886	0.5518816	1.394821
29364	-2558.909	-2884.092	325.1826	1.641266	0.5608664	1.512866
29370	-2576.963	-2902.097	325.1339	1.724594	0.6380914	1.400874
29376	-2565.641	-2890.911	325.2703	1.724594	0.5059353	1.449339
29382	-2577.614	-2902.985	325.3709	1.712178	0.5059353	1.381107
29388	-2576.796	-2901.939	325.1428	1.881936	0.6770298	1.223571
29394	-2574.215	-2899.84	325.6249	1.881936	0.3118364	1.340358
29400	-2571.482	-2896.704	325.222	1.707933	0.5784071	1.412123
29406	-2561.976	-2887.23	325.2533	1.596218	0.4133286	1.675973
29412	-2562.574	-2887.74	325.1659	1.600788	0.3899255	1.766047
29418	-2554.63	-2879.632	325.0016	1.564464	0.4977128	1.770596
29424	-2573.381	-2898.402	325.0209	1.564464	0.4977128	1.757193
29430	-2574.129	-2899.511	325.3819	1.586726	0.3815215	1.634726
29436	-2568.852	-2893.931	325.0783	1.450538	0.3728903	1.951952
29442	-2556.937	-2881.727	324.7898	1.540524	0.6961951	1.731855
29448	-2561.957	-2887.065	325.1086	1.603653	0.3845817	1.811128
29454	-2561.964	-2886.913	324.949	1.603516	0.4623079	1.821742
29460	-2571.21	-2895.906	324.6964	1.496838	0.435096	2.09569
29466	-2565.708	-2890.341	324.6333	1.471193	0.4268263	2.16356
29472	-2575.788	-2900.652	324.8649	1.471193	0.4268263	2.011254
29478	-2576.175	-2900.999	324.8235	1.493521	0.4737565	1.96826
29484	-2562.403	-2887.102	324.6987	1.498767	0.6071881	1.907634
29490	-2574.197	-2899.158	324.9615	1.558456	0.4110217	1.907634
29496	-2565.594	-2890.824	325.23	1.625569	0.541655	1.511324
29502	-2560.289	-2885.531	325.2424	1.613138	0.541655	1.511324
29508	-2553.782	-2878.904	325.1219	1.583487	0.4454246	1.736169
29514	-2556.268	-2881.79	325.522	1.786871	0.4405064	1.290592
29520	-2557.125	-2882.719	325.5938	1.791503	0.5273096	1.098072
29526	-2544.673	-2870.287	325.6144	1.920984	0.4702405	1.046027
29532	-2553.091	-2878.586	325.4945	1.701534	0.5981358	1.17087
29538	-2569.195	-2894.877	325.6816	1.718093	0.3696123	1.326827
29544	-2577.959	-2903.311	325.3523	1.946117	0.5889896	1.091102
29550	-2589.238	-2914.816	325.5781	1.932595	0.5426746	0.9517031
29556	-2561.833	-2887.405	325.5724	1.955828	0.5782626	0.8721572
29562	-2570.676	-2896.452	325.7758	2.089587	0.4125422	0.7973406
29568	-2566.572	-2892.247	325.6755	1.927014	0.4489429	1.017184
29574	-2566.194	-2891.934	325.7401	1.9957	0.4263855	0.9216436
29580	-2575.301	-2900.994	325.6933	2.016656	0.4983513	0.8024491
29586	-2574.339	-2899.904	325.5643	2.120432	0.5346651	0.7557293
29592	-2562.211	-2888.066	325.8559	2.046855	0.4067534	0.760533
29598	-2566.966	-2892.762	325.7961	2.059462	0.4037566	0.8316792
29604	-2557.478	-2883.219	325.7415	1.932553	0.4037566	1.028779
29610	-2567.67	-2893.203	325.5323	1.830538	0.530159	1.114444
29616	-2571.219	-2896.618	325.3991	1.732258	0.4532016	1.413457
29622	-2559.156	-2883.739	324.5827	1.467151	0.5281306	2.086007
29628	-2562.836	-2886.979	324.1432	1.319139	0.5498754	2.441344
29634	-2575.079	-2899.348	324.2694	1.408887	0.4660176	2.391743
29640	-2591.87	-2917.265	325.3954	1.72009	0.4408079	1.442703
29646	-2575.867	-2901.328	325.4609	1.740213	0.4533415	1.358663
29652	-2557.191	-2881.735	324.5444	1.421457	0.5877844	2.08113
29658	-2562.628	-2887.243	324.6154	1.421457	0.5793524	2.042522
29664	-2564.473	-2889.35	324.8766	1.616081	0.5662552	1.746002
29670	-2566.366	-2892.066	325.6997	1.814846	0.3143284	1.329702
29676	-2556.537	-2881.973	325.4359	1.681339	0.4522636	1.425618
29682	-2558.03	-2883.213	325.1838	1.681339	0.5235469	1.525582
29688	-2567.676	-2892.741	325.0648	1.675052	0.5235469	1.617414
29694	-2572.109	-2897.134	325.0248	1.610288	0.5964443	1.61261
29700	-2566.239	-2890.842	324.6023	1.542797	0.4226159	2.142173
29706	-2557.977	-2882.749	324.7722	1.570588	0.4653561	1.960748
29712	-2556.849	-2881.481	324.6328	1.544669	0.5269057	2.002804
29718	-2553.3	-2878.354	325.054	1.552218	0.5851638	1.645457
29724	-2559.745	-2885.653	325.9079	1.89092	0.3743065	0.9615514
29730	-2555.851	-2881.468	325.6173	1.920779	0.4147315	1.135884
29736	-2560.434	-2886.056	325.6228	1.937296	0.4147315	1.116046
29742	-2573.453	-2898.883	325.4296	1.990766	0.5103157	1.091003
29748	-2574.096	-2899.742	325.6458	2.101106	0.4561091	0.8471721
29754	-2573.934	-2899.746	325.8119	2.096344	0.3706551	0.8471721
29760	-2567.945	-2893.637	325.6913	2.016609	0.4786061	0.8471721
29766	-2559.945	-2885.504	325.5587	1.982567	0.5835406	0.8471721
29772	-2566.23	-2892.074	325.8443	1.982567	0.3914984	0.8940191
29778	-2575.251	-2901.139	325.8873	2.056987	0.38928	0.7489713
29784	-2577.533	-2903.249	325.7163	1.810351	0.4144882	1.146397
29790	-2586.728	-2912.202	325.4738	2.044813	0.6229646	0.8034621
29796	-2562.21	-2887.882	325.6723	2.044813	0.5083655	0.7700155
29802	-2570.422	-2895.951	325.5294	2.122776	0.5170336	0.8373034
29808	-2571.773	-2897.375	325.6016	2.162968	0.5010987	0.7156278
29814	-2570.089	-2895.727	325.6381	2.000829	0.496191	0.89343
29820	-2558.554	-2884.017	325.4626	1.978282	0.6014078	0.932005
29826	-2574.868	-2900.66	325.7916	1.829885	0.4475731	1.000782
29832	-2568.522	-2894.231	325.7092	1.989928	0.4475731	0.919693
29838	-2561.265	-2886.919	325.654	2.018351	0.5254895	0.7936667
29844	-2574.483	-2900.129	325.6461	2.018351	0.5353524	0.783094
29850	-2579.117	-2904.63	325.5126	2.046629	0.6005263	0.7921487
29856	-2580.964	-2906.715	325.7509	2.141088	0.4605897	0.5887508
29862	-2578.22	-2903.778	325.5584	2.255306	0.5053776	0.5963768
29868	-2555.677	-2881.114	325.4367	2.255306	0.586409	0.5816988
29874	-2572.803	-2898.218	325.4146	2.124162	0.6745974	0.6581608
29880	-2556.614	-2882.171	325.557	2.124162	0.5739371	0.6581608
29886	-2564.369	-2889.949	325.5803	2.072708	0.4926359	0.8841623
29892	-2567.824	-2893.344	325.5203	2.111386	0.5708723	0.7515757
29898	-2584.31	-2909.857	325.5469	2.125123	0.53753	0.7675361
29904	-2565.493	-2890.947	325.4538	2.015531	0.6325957	0.8487116
29910	-2568.706	-2894.333	325.6262	1.994216	0.5310838	0.8487116
29916	-2575.941	-2901.752	325.8108	1.923051	0.462831	0.8487116
29922	-2556.905	-2882.601	325.6966	1.933038	0.4872504	0.9204413
29928	-2550.344	-2875.935	325.5917	1.852514	0.5083977	1.071712
29934	-2553.998	-2879.608	325.6104	1.826592	0.5357806	1.036828
29940	-2553.217	-2878.783	325.566	1.826592	0.5644557	1.036828
29946	-2564.978	-2890.494	325.5158	1.927318	0.4656208	1.138582
29952	-2557.858	-2883.525	325.6674	1.94447	0.4656208	0.9783138
29958	-2574.84	-2900.445	325.6052	2.050637	0.5150181	0.8367598
29964	-2577.275	-2902.843	325.5677	2.159956	0.5150181	0.738217
29970	-2569.711	-2895.527	325.8156	2.073804	0.4043487	0.7858306
29976	-2568.214	-2893.762	325.548	2.124793	0.5291994	0.7850506
29982	-2569.265	-2894.904	325.6387	2.063489	0.5432476	0.706735
29988	-2573.783	-2899.257	325.4736	2.252116	0.5368647	0.6825031
29994	-2561.582	-2887.078	325.4962	2.094019	0.6079779	0.7313458
30000	-2552.15	-2877.631	325.4813	2.094019	0.6079779	0.7541695
30006	-2557.069	-2882.761	325.692	2.100872	0.4762667	0.7371069
30012	-2578.026	-2903.546	325.5196	2.018619	0.5913158	0.8367743
30018	-2577.305	-2902.94	325.6354	2.070384	0.4848121	0.8367743
30024	-2567.318	-2892.984	325.6655	2.016837	0.5368397	0.7540669
30030	-2556.652	-2882.263	325.6117	1.949035	0.4948303	0.9798725
30036	-2563.692	-2889.511	325.8188	1.887791	0.4343138	0.9375712
30042	-2553.228	-2878.872	325.6445	1.934433	0.4343138	1.065141
