Iteration	Posterior	Likelihood	Prior	rate_log_sd	rate_neo	tree_length
0	-2574.737	-2900.107	325.3696	1.828481	0.5448233	1.23775
6	-2575.759	-2901.258	325.4984	1.714404	0.5062695	1.276647
12	-2558.27	-2883.639	325.3695	1.750913	0.5648609	1.276647
18	-2566.154	-2891.742	325.5878	1.833752	0.5138997	1.084509
24	-2548.246	-2873.793	325.5469	1.924543	0.5487483	0.9826207
30	-2559.479	-2885.16	325.6815	1.924543	0.5487483	0.8322932
36	-2555.913	-2881.589	325.676	2.020652	0.4923916	0.8322932
42	-2557.362	-2882.79	325.428	1.904436	0.5950816	1.050781
48	-2580.611	-2906.461	325.8501	1.929463	0.3863934	0.9564475
54	-2571.679	-2897.358	325.679	1.827113	0.5285722	0.9795461
60	-2568.864	-2894.532	325.6675	2.028523	0.4959395	0.8256834
66	-2565.049	-2890.745	325.6955	2.026606	0.5043256	0.772229
72	-2562.584	-2887.683	325.0981	1.644631	0.6630557	1.463467
78	-2582.551	-2907.822	325.271	1.729941	0.6365042	1.289265
84	-2574.27	-2899.874	325.6041	2.211232	0.4565856	0.7547645
90	-2558.485	-2883.971	325.4854	2.194876	0.5688667	0.6751366
96	-2553.177	-2878.817	325.64	2.098685	0.5311585	0.6751366
102	-2560.299	-2885.696	325.3965	2.105672	0.6547213	0.7652873
108	-2545.778	-2871.257	325.4789	2.162948	0.5963808	0.6705551
114	-2558.437	-2884.095	325.658	2.266026	0.443671	0.5816681
120	-2568.324	-2894.029	325.705	2.182864	0.443671	0.6717685
126	-2569.423	-2895.046	325.6223	2.153678	0.4945881	0.7145809
132	-2564.296	-2889.698	325.4021	2.209501	0.6233483	0.6531053
138	-2556.83	-2882.408	325.5787	2.185393	0.5343627	0.6053557
144	-2558.918	-2884.67	325.7522	1.95312	0.5168379	0.7671959
150	-2557.107	-2882.644	325.5364	2.122657	0.5460071	0.7671959
156	-2555.813	-2881.523	325.71	2.032151	0.4924173	0.7718136
162	-2557.361	-2883.043	325.6816	2.056259	0.4924173	0.7778626
168	-2543.745	-2869.413	325.6677	2.021873	0.5027445	0.8195195
174	-2560.387	-2885.94	325.5536	1.830392	0.5188605	1.111653
180	-2559.95	-2885.645	325.6953	2.080518	0.4546624	0.8140738
186	-2545.149	-2870.877	325.7279	1.98368	0.483084	0.8332164
192	-2556.755	-2882.499	325.7443	1.80604	0.4781381	1.01842
198	-2562.113	-2887.734	325.621	1.838241	0.533627	1.01842
204	-2559.437	-2884.833	325.3958	1.8761	0.6221425	1.071201
210	-2567.5	-2892.81	325.3099	1.874022	0.6401317	1.128765
216	-2579.108	-2904.637	325.5284	1.873142	0.5303525	1.078586
222	-2563.608	-2889.338	325.7303	1.839711	0.459189	1.031175
228	-2565.147	-2890.791	325.6444	1.922048	0.4660133	1.023024
234	-2563.026	-2888.796	325.7702	1.930058	0.4045228	1.001472
240	-2567.823	-2893.151	325.3281	1.844807	0.6269256	1.15496
246	-2546.986	-2872.73	325.7442	1.922225	0.4645921	0.9226346
252	-2545.448	-2871.221	325.7731	2.065695	0.4345686	0.7778545
258	-2555.267	-2880.918	325.6509	2.065695	0.513361	0.7589846
264	-2540.559	-2866.275	325.7161	2.157377	0.4294702	0.7407284
270	-2547.863	-2873.513	325.6498	2.157377	0.5006851	0.6343377
276	-2550.011	-2875.727	325.7165	2.138975	0.4316382	0.7617027
282	-2567.661	-2893.225	325.5635	2.086224	0.5308796	0.8123303
288	-2562.921	-2888.37	325.4487	2.095375	0.5994381	0.8143698
294	-2567.941	-2893.495	325.5548	1.783797	0.4317728	1.279261
300	-2561.775	-2887.232	325.4571	1.816696	0.5854582	1.118368
306	-2561.395	-2886.954	325.5589	1.855859	0.5855039	0.9837191
312	-2576.398	-2901.867	325.4689	1.754172	0.5081661	1.265608
318	-2584.073	-2909.476	325.4025	1.734074	0.5347483	1.30151
324	-2587.048	-2912.539	325.4907	1.703953	0.4153807	1.41782
330	-2581.579	-2906.841	325.2621	1.763534	0.4939708	1.440966
336	-2571.636	-2897.316	325.6806	1.648725	0.3337665	1.440966
342	-2574.452	-2899.98	325.5284	1.819028	0.5351163	1.121279
348	-2578.716	-2904.216	325.4997	1.861134	0.6306742	0.9723318
354	-2569.36	-2894.828	325.4677	1.740207	0.4748629	1.323398
360	-2567.869	-2893.258	325.3884	1.647625	0.510109	1.412413
366	-2569.686	-2895.043	325.3574	1.675533	0.5411254	1.376255
372	-2555.652	-2881.305	325.6531	1.787721	0.4228662	1.207419
378	-2580.96	-2906.405	325.4444	1.761837	0.5189653	1.265065
384	-2573.586	-2899.133	325.5468	1.761837	0.5504921	1.134568
390	-2572.41	-2897.658	325.2482	1.744235	0.4641604	1.504524
396	-2555.168	-2880.585	325.4167	1.749731	0.4620314	1.374024
402	-2561.285	-2886.275	324.9899	1.540584	0.4151618	1.895248
408	-2550.296	-2875.03	324.7343	1.496468	0.5541864	1.93849
414	-2559.986	-2885.42	325.4344	1.626319	0.4125663	1.523319
420	-2558.596	-2883.938	325.3416	1.585524	0.5181025	1.485666
426	-2567.566	-2892.826	325.2603	1.691047	0.5506334	1.428146
432	-2575.927	-2901.32	325.3928	1.790021	0.4186022	1.422271
438	-2572.37	-2897.849	325.4796	1.781153	0.4646439	1.294898
444	-2564.348	-2889.781	325.4326	1.830937	0.5129099	1.225372
450	-2575.793	-2901.441	325.6488	1.809021	0.5205528	1.040052
456	-2570.013	-2895.445	325.4315	2.127982	0.6342137	0.7209739
462	-2555.41	-2880.814	325.404	2.051349	0.6413918	0.8508131
468	-2554.196	-2879.889	325.693	1.890247	0.4282758	1.071543
474	-2567.173	-2892.674	325.5007	1.817505	0.4353253	1.290609
480	-2577.378	-2902.89	325.5116	1.933569	0.6032983	0.9243443
486	-2570.097	-2895.381	325.2845	1.770558	0.5548721	1.341886
492	-2568.118	-2893.486	325.3681	1.63628	0.5683286	1.365776
498	-2561.841	-2887.196	325.3556	1.882321	0.5578749	1.186721
504	-2549.763	-2875.342	325.5789	1.724629	0.5243399	1.175326
510	-2558.419	-2884.055	325.6355	1.788644	0.4496123	1.179984
516	-2554.963	-2880.55	325.5869	1.928384	0.4903297	1.032496
522	-2556.654	-2882.047	325.3932	1.928384	0.6446584	0.9924084
528	-2568.212	-2893.746	325.5339	1.766517	0.5243029	1.178072
534	-2567.296	-2892.978	325.682	1.873426	0.3685357	1.199715
540	-2571.649	-2897.218	325.5691	1.90147	0.3957712	1.225843
546	-2563.213	-2888.976	325.7634	1.95094	0.4189311	0.9593569
552	-2573.72	-2898.733	325.0135	1.79823	0.778518	1.293742
558	-2566.81	-2892.07	325.2604	1.936568	0.778518	0.9429767
564	-2561.896	-2887.253	325.3566	1.915444	0.4935828	1.244935
570	-2547.924	-2873.254	325.3302	1.61461	0.5215875	1.468058
576	-2553.231	-2878.512	325.2806	1.686856	0.4219169	1.579219
582	-2557.979	-2883.119	325.1398	1.638012	0.41536	1.724009
588	-2556.765	-2881.973	325.2081	1.582624	0.4085631	1.724009
594	-2554.072	-2879.48	325.408	1.67736	0.4568379	1.44387
600	-2545.324	-2870.829	325.5047	1.786767	0.4265964	1.325199
606	-2553.99	-2879.403	325.4127	1.729799	0.5173461	1.319174
612	-2559.602	-2884.978	325.3762	1.799432	0.559008	1.238272
618	-2559.777	-2885.208	325.4309	1.799432	0.7024667	1.00633
624	-2564.937	-2890.461	325.5233	1.7964	0.4510971	1.266101
630	-2563.149	-2888.647	325.498	1.774958	0.4831965	1.258694
636	-2557.025	-2882.376	325.3512	1.719775	0.560659	1.322044
642	-2565.522	-2891.128	325.6062	1.711852	0.4917752	1.208686
648	-2557.668	-2883.224	325.5555	1.852162	0.4807154	1.147013
654	-2577.031	-2902.702	325.6712	2.073849	0.4728407	0.8129293
660	-2568.309	-2893.823	325.5135	1.989914	0.6009064	0.8620841
666	-2565.593	-2891.34	325.7466	1.851278	0.4455755	1.027579
672	-2565.251	-2890.993	325.7426	1.899674	0.4614516	0.9543526
678	-2569.977	-2895.505	325.5277	1.856213	0.5908244	1.006821
684	-2568.395	-2893.989	325.5949	1.762777	0.3812167	1.34176
690	-2562.39	-2887.146	324.7563	1.593346	0.6639933	1.748315
696	-2557.783	-2882.961	325.1786	1.530881	0.505061	1.66084
702	-2563.796	-2888.892	325.0965	1.583148	0.5169456	1.668343
708	-2579.779	-2904.86	325.0813	1.536473	0.6182517	1.60238
714	-2551.663	-2876.93	325.2671	1.569077	0.4997056	1.575546
720	-2552.816	-2878.185	325.3692	1.680806	0.4997056	1.414847
726	-2546.103	-2871.454	325.351	1.739758	0.4990006	1.384046
732	-2557.83	-2883.028	325.1973	1.768048	0.5158028	1.459595
738	-2549.948	-2875.419	325.4714	1.819753	0.5930167	1.092325
744	-2555.047	-2880.707	325.6602	1.867179	0.4467588	1.092325
750	-2556.844	-2882.406	325.5613	1.860675	0.4467588	1.18628
756	-2567.676	-2893.306	325.6304	1.854648	0.3997485	1.206994
762	-2565.961	-2891.489	325.5271	1.784735	0.4364304	1.294136
768	-2564.82	-2890.441	325.6218	1.884436	0.5022726	1.02199
774	-2573.683	-2899.193	325.5094	1.880822	0.4748014	1.171242
780	-2567.302	-2892.8	325.4973	1.927624	0.5444535	1.035327
786	-2561.375	-2886.919	325.5439	1.763833	0.4483229	1.280009
792	-2575.979	-2901.41	325.431	1.831532	0.4741512	1.280009
798	-2563.747	-2889.176	325.4285	1.824329	0.4918448	1.263357
804	-2565.143	-2890.639	325.4953	1.756713	0.5066928	1.243601
810	-2589.33	-2914.556	325.2263	1.644523	0.4987709	1.551206
816	-2574.767	-2899.646	324.8787	1.552535	0.8182711	1.551206
822	-2567.189	-2892.156	324.9672	1.539972	0.4772933	1.835127
828	-2569.695	-2894.417	324.7224	1.407236	0.4772933	2.088597
834	-2572.804	-2896.871	324.0669	1.413134	0.5987712	2.383933
840	-2578.324	-2903.806	325.4815	1.748766	0.507322	1.260854
846	-2582.463	-2907.937	325.4741	1.761446	0.3768832	1.443837
852	-2580.208	-2905.75	325.5426	1.737024	0.3768832	1.409869
858	-2558.31	-2883.737	325.4269	1.805366	0.5074605	1.258963
864	-2574.144	-2898.356	324.2122	1.262106	0.6268507	2.362045
870	-2577.535	-2901.885	324.3495	1.315008	0.5018707	2.362045
876	-2569.881	-2894.037	324.1556	1.352647	0.4524284	2.513503
882	-2560.782	-2885.457	324.675	1.371975	0.3970402	2.237211
888	-2564.273	-2889.005	324.7318	1.434658	0.516743	2.020973
894	-2574.878	-2899.692	324.8135	1.518555	0.4521426	1.983475
900	-2566.62	-2891.244	324.6238	1.429272	0.6038249	2.007916
906	-2552.118	-2876.885	324.7664	1.484289	0.4482941	2.04216
912	-2556.913	-2881.465	324.5523	1.47977	0.5218539	2.104242
918	-2553.348	-2877.906	324.5581	1.451917	0.4596716	2.186573
924	-2561.527	-2886.592	325.0652	1.43074	0.500086	1.816489
930	-2561.613	-2887.099	325.4869	1.548425	0.3485032	1.635447
936	-2543.894	-2869.133	325.2395	1.625373	0.5598783	1.483186
942	-2546.073	-2871.299	325.2255	1.646026	0.4692146	1.5874
948	-2549.984	-2875.225	325.2417	1.674903	0.4692146	1.554334
954	-2569.508	-2894.676	325.1677	1.87003	0.6937624	1.193632
960	-2571.113	-2896.382	325.2684	1.820144	0.40142	1.518385
966	-2555.324	-2880.92	325.5961	1.838976	0.439225	1.186684
972	-2570.911	-2896.447	325.5363	1.917675	0.5182247	1.047425
978	-2565.776	-2891.416	325.6402	1.845146	0.5425803	0.9781622
984	-2548.303	-2873.878	325.5751	1.905236	0.4793657	1.083179
990	-2560.595	-2885.983	325.3881	1.858176	0.6443209	1.066153
996	-2562.945	-2888.521	325.5764	1.899289	0.5601527	0.9602154
1002	-2570.871	-2896.271	325.4	1.957078	0.6084297	1.007984
1008	-2578.977	-2904.299	325.3216	1.957078	0.6460522	1.032873
1014	-2575.199	-2900.747	325.5485	1.957078	0.4906489	1.041379
1020	-2576.824	-2902.55	325.7269	1.922414	0.4904785	0.8925375
1026	-2570.27	-2895.864	325.5946	2.045195	0.481519	0.9199662
1032	-2561.569	-2887.29	325.7208	1.991088	0.481519	0.8362202
1038	-2565.22	-2890.892	325.672	2.022104	0.481519	0.8578779
1044	-2586.092	-2911.111	325.019	1.587598	0.4514017	1.797629
1050	-2563.945	-2889.404	325.4593	2.051804	0.5980474	0.8578779
1056	-2562.126	-2887.441	325.3151	1.944167	0.5980474	1.114809
1062	-2562.096	-2887.428	325.3323	1.679788	0.4811676	1.467676
1068	-2562.36	-2887.572	325.2123	1.539185	0.4677821	1.675723
1074	-2575.625	-2900.486	324.8608	1.387898	0.4958093	1.989082
1080	-2564.031	-2889.025	324.9934	1.536561	0.4958093	1.797918
1086	-2577.69	-2902.949	325.2587	1.584643	0.358595	1.756623
1092	-2579.203	-2904.153	324.9502	1.408772	0.4236444	1.999952
1098	-2572.452	-2896.818	324.3663	1.37951	0.4268093	2.393402
1104	-2571.3	-2895.727	324.4272	1.438437	0.6229598	2.113591
1110	-2557.812	-2882.633	324.8203	1.488552	0.3936671	2.070923
1116	-2573.656	-2898.309	324.6529	1.448881	0.5774072	2.001342
1122	-2565.52	-2890.289	324.7695	1.549061	0.5993579	1.832722
1128	-2561.826	-2886.529	324.7029	1.498395	0.5049112	2.010632
1134	-2573.003	-2898.009	325.0063	1.573365	0.4877766	1.772715
1140	-2552.002	-2877.587	325.5848	1.724626	0.3856356	1.373057
1146	-2563.919	-2889.291	325.3715	1.823474	0.4785012	1.328799
1152	-2573.427	-2898.796	325.3694	1.630913	0.4604007	1.503558
1158	-2559.548	-2885.026	325.4782	1.871633	0.5096331	1.155558
1164	-2560.411	-2886.033	325.6227	1.765958	0.5415903	1.074039
1170	-2570.084	-2895.507	325.4229	1.708384	0.5898076	1.236705
1176	-2569.191	-2894.655	325.4638	1.72246	0.411805	1.429477
1182	-2563.643	-2889.21	325.5671	1.831741	0.411805	1.260182
1188	-2559.652	-2885.375	325.7234	1.934847	0.4746022	0.9126187
1194	-2569.82	-2895.311	325.4909	1.937446	0.6075231	0.9359612
1200	-2569.255	-2894.829	325.5735	1.941937	0.6075231	0.8358115
1206	-2571.205	-2896.666	325.4612	1.955344	0.594805	0.9678527
1212	-2555.239	-2880.267	325.0279	1.602972	0.4005906	1.845609
1218	-2550.851	-2876.049	325.198	1.565754	0.4094976	1.741723
1224	-2561.367	-2887.096	325.7295	2.002112	0.4348191	0.9092596
1230	-2559.321	-2885.058	325.7365	2.024883	0.4454377	0.8526549
1236	-2568.871	-2894.425	325.5537	2.024542	0.5482477	0.8670357
1242	-2554.9	-2880.599	325.6984	1.993883	0.4877096	0.8473807
1248	-2552.551	-2878.2	325.6487	1.993883	0.4877096	0.9052804
1254	-2568.05	-2893.469	325.4193	1.672102	0.4202338	1.489641
1260	-2557.463	-2883.119	325.6566	1.990788	0.5442529	0.7873282
1266	-2556.151	-2881.728	325.5768	1.947485	0.5813814	0.8713205
1272	-2559.598	-2885.171	325.573	1.871347	0.5449703	1.015579
1278	-2560.97	-2886.445	325.4751	1.874485	0.5909976	1.040148
1284	-2557.289	-2882.85	325.561	1.892822	0.5482777	1.001108
1290	-2559.277	-2884.847	325.5695	1.747993	0.5482777	1.12968
1296	-2552.841	-2878.494	325.6521	1.805254	0.5155699	1.048241
1302	-2549.23	-2874.625	325.3947	1.803466	0.6069272	1.157799
1308	-2577.439	-2902.925	325.4854	1.878289	0.5793021	1.043158
1314	-2561.526	-2886.904	325.3784	1.615397	0.5309355	1.419207
1320	-2568.135	-2893.796	325.6619	1.8106	0.3974141	1.221526
1326	-2567.66	-2893.299	325.6393	1.851941	0.4852176	1.063714
1332	-2573.395	-2898.828	325.4328	1.774452	0.477193	1.320687
1338	-2558.107	-2883.389	325.2818	1.709166	0.5008747	1.458628
1344	-2549.134	-2874.56	325.4256	1.579967	0.5528099	1.383462
1350	-2556.928	-2882.44	325.5119	1.796655	0.4799803	1.233545
1356	-2553.799	-2879.365	325.5666	1.843374	0.5093101	1.102008
1362	-2558.987	-2884.588	325.6013	1.857512	0.5325856	1.020474
1368	-2557.041	-2882.556	325.5154	1.931306	0.5078255	1.070264
1374	-2542.96	-2868.609	325.6485	1.978597	0.5289042	0.8448395
1380	-2556.862	-2882.23	325.3687	1.926986	0.6433336	1.019986
1386	-2566.868	-2892.595	325.7275	1.985475	0.4517065	0.8961322
1392	-2558.468	-2883.827	325.3589	1.957555	0.5328361	1.152176
1398	-2563.865	-2889.578	325.7133	1.978052	0.4575512	0.9088187
1404	-2569.407	-2894.95	325.5433	1.816085	0.4816109	1.187906
1410	-2571.174	-2895.781	324.6069	1.578676	0.6685805	1.857578
1416	-2569.444	-2894.013	324.5683	1.451696	0.4933924	2.142618
1422	-2566.685	-2892.004	325.3191	1.75591	0.4573267	1.451134
1428	-2575.31	-2900.82	325.5099	1.7267	0.4875078	1.282681
1434	-2579.005	-2903.719	324.7143	1.571407	0.6488587	1.807174
1440	-2580.125	-2905.535	325.4096	1.59937	0.3562158	1.642752
1446	-2562.053	-2887.049	324.9959	1.648632	0.5798545	1.623517
1452	-2569.613	-2894.985	325.3715	1.548794	0.4145335	1.623517
1458	-2572.727	-2898.097	325.3696	1.582871	0.3961977	1.625601
1464	-2571.668	-2896.593	324.9248	1.569912	0.6846209	1.625601
1470	-2573.987	-2898.864	324.8768	1.63074	0.658692	1.641449
1476	-2564.471	-2889.644	325.1728	1.643757	0.4806335	1.613116
1482	-2573.917	-2899.092	325.1755	1.658689	0.5009645	1.575524
1488	-2560.39	-2885.269	324.8791	1.519352	0.4143182	1.985252
1494	-2571.582	-2896.296	324.7144	1.521712	0.4872897	2.006958
1500	-2574.234	-2899.163	324.929	1.546727	0.3518424	2.016477
1506	-2568.494	-2893.596	325.102	1.565884	0.4295531	1.782472
1512	-2571.618	-2896.782	325.1646	1.552043	0.6156215	1.532521
1518	-2553.818	-2879.071	325.2526	1.626799	0.4703434	1.580236
1524	-2560.167	-2885.422	325.2551	1.622156	0.5088889	1.534132
1530	-2557.225	-2882.239	325.0132	1.595239	0.4694123	1.774456
1536	-2559.892	-2884.732	324.8394	1.609171	0.4694123	1.884481
1542	-2553.765	-2879.023	325.2574	1.604963	0.4302065	1.644315
1548	-2555.633	-2880.767	325.1338	1.766666	0.5555015	1.461312
1554	-2565.29	-2890.861	325.571	1.827399	0.5033092	1.121504
1560	-2574.38	-2900.105	325.7246	1.844837	0.4207347	1.097308
1566	-2592.692	-2918.307	325.6143	1.73985	0.4334953	1.26385
1572	-2570.943	-2896.293	325.3498	1.69867	0.5375639	1.368429
1578	-2570.782	-2896.105	325.3227	1.770629	0.5917977	1.265893
1584	-2588.284	-2913.973	325.689	1.776202	0.4110199	1.205626
1590	-2573.842	-2899.607	325.7644	1.888813	0.426639	1.007016
1596	-2567.346	-2892.793	325.4465	1.888813	0.5658134	1.089039
1602	-2572.881	-2898.479	325.5979	1.928487	0.5404786	0.9387671
1608	-2567.951	-2893.742	325.7908	1.881744	0.437708	0.9669087
1614	-2576.59	-2901.854	325.2644	1.652809	0.519916	1.490975
1620	-2562.008	-2887.216	325.2079	1.665145	0.5663715	1.469559
1626	-2564.834	-2890.165	325.3314	1.771079	0.4684739	1.415136
1632	-2570.616	-2895.826	325.2104	1.800217	0.4733696	1.478826
1638	-2571.212	-2896.588	325.3756	1.800217	0.4869572	1.33266
1644	-2567.877	-2893.163	325.2863	1.651432	0.5361317	1.455919
1650	-2552.116	-2877.457	325.3413	1.713327	0.5063472	1.402826
1656	-2558.062	-2883.718	325.6553	1.768904	0.3790841	1.291574
1662	-2552.395	-2877.79	325.3946	1.770509	0.4489001	1.393178
1668	-2558.741	-2884.233	325.4928	1.776325	0.3930662	1.393178
1674	-2548.906	-2874.315	325.4084	1.666269	0.5545849	1.326533
1680	-2569.567	-2895.28	325.7136	1.856277	0.4785689	0.9982934
1686	-2569.529	-2895.024	325.4949	1.825483	0.5249815	1.159696
1692	-2569.657	-2895.117	325.4603	1.786296	0.5113539	1.241757
1698	-2576.457	-2901.969	325.5127	1.79112	0.4137634	1.334473
1704	-2553.38	-2878.862	325.4826	1.899273	0.4910979	1.15431
1710	-2551.102	-2876.775	325.6729	1.988871	0.5276693	0.8031735
1716	-2545.316	-2870.979	325.6629	2.007201	0.5090422	0.8311948
1722	-2561.983	-2887.411	325.4282	2.030182	0.678458	0.7819931
1728	-2563.67	-2889.284	325.6133	2.065718	0.5465009	0.7362705
1734	-2571.375	-2896.867	325.4914	2.017426	0.6808324	0.6992159
1740	-2571.995	-2897.701	325.7062	2.148723	0.453805	0.6992159
1746	-2572.599	-2898.225	325.6264	2.150703	0.4788421	0.7543255
1752	-2565.234	-2890.829	325.5955	2.131051	0.5091841	0.7543255
1758	-2577.691	-2903.372	325.681	2.202469	0.4112705	0.775873
1764	-2569.067	-2894.865	325.7973	1.787841	0.3993704	1.119855
1770	-2560.393	-2885.822	325.4294	2.167545	0.6195503	0.6921619
1776	-2582.205	-2907.706	325.501	2.21054	0.5631218	0.6265107
1782	-2562.325	-2887.678	325.3525	2.21054	0.6814343	0.5663832
1788	-2555.635	-2881.239	325.6041	2.205635	0.5018543	0.6235172
1794	-2550.223	-2875.787	325.5647	2.220284	0.5162197	0.6266813
1800	-2558.268	-2883.887	325.6191	2.233279	0.4687152	0.6540957
1806	-2564.947	-2890.4	325.4535	2.187507	0.5931479	0.6811969
1812	-2557.416	-2882.953	325.5368	2.159932	0.5742289	0.6215991
1818	-2556.325	-2881.941	325.6153	2.245888	0.4712646	0.6236955
1824	-2559.593	-2885.236	325.6437	2.071996	0.4812098	0.8321387
1830	-2575.805	-2901.21	325.4054	1.737088	0.485774	1.360732
1836	-2574.736	-2899.937	325.2015	1.61986	0.5338469	1.545867
1842	-2577.672	-2902.839	325.1675	1.59428	0.4928027	1.637869
1848	-2560.838	-2885.929	325.0907	1.545148	0.5936855	1.615007
1854	-2564.625	-2890.333	325.7081	1.817624	0.4663991	1.061582
1860	-2557.138	-2882.551	325.4134	1.769534	0.5672513	1.221492
1866	-2563.422	-2888.789	325.3666	1.852103	0.5672513	1.190992
1872	-2549.183	-2874.856	325.6736	1.777546	0.4276603	1.190992
1878	-2561.632	-2887.241	325.609	1.761061	0.6016624	1.004874
1884	-2567.496	-2892.713	325.2172	1.679193	0.4235603	1.628621
1890	-2568.707	-2894.039	325.3319	1.625088	0.4331131	1.571764
1896	-2569.137	-2894.252	325.1156	1.651156	0.4652485	1.667989
1902	-2583.861	-2909.102	325.241	1.731157	0.3696975	1.649306
1908	-2579.247	-2903.622	324.3754	1.47953	0.5590563	2.181762
1914	-2557.091	-2882.199	325.1078	1.492341	0.4503051	1.803475
1920	-2548.365	-2873.53	325.1658	1.53236	0.5619375	1.60424
1926	-2556.391	-2881.819	325.4272	1.738837	0.4930357	1.332357
1932	-2552.026	-2877.408	325.3827	1.794843	0.5813817	1.208133
1938	-2544.475	-2870.162	325.6873	1.835269	0.4744952	1.051341
1944	-2563.332	-2888.982	325.6498	1.979228	0.4493145	0.9900932
1950	-2558.352	-2883.845	325.4927	1.954291	0.6403293	0.862638
1956	-2574.675	-2900.135	325.4604	1.993526	0.5779993	0.9547509
1962	-2563.142	-2888.78	325.6382	1.817302	0.5045603	1.067069
1968	-2555.962	-2881.614	325.6521	1.891581	0.4153955	1.129751
1974	-2563.523	-2889.177	325.654	2.074367	0.4564561	0.8686293
1980	-2562.289	-2887.865	325.5756	2.026547	0.5228477	0.8857841
1986	-2578.298	-2903.974	325.6755	2.145284	0.4232596	0.8292062
1992	-2573.858	-2899.542	325.6837	2.113	0.4574632	0.7793082
1998	-2578.519	-2904.017	325.4981	2.202582	0.4945339	0.8227248
2004	-2574.021	-2899.558	325.5368	1.779835	0.4174627	1.31862
2010	-2555.958	-2881.259	325.3015	1.71251	0.5138567	1.424757
2016	-2545.765	-2871.09	325.3251	1.637626	0.540319	1.431753
2022	-2551.635	-2876.931	325.2962	1.629807	0.4357927	1.59089
2028	-2547.69	-2872.866	325.1765	1.759142	0.5660545	1.422051
2034	-2553.364	-2879.038	325.6741	1.69538	0.4235535	1.266282
2040	-2556.79	-2882.18	325.3896	1.73523	0.4445957	1.430332
2046	-2575.272	-2900.872	325.6002	1.662812	0.512069	1.227005
2052	-2567.743	-2892.97	325.2271	1.747292	0.5079807	1.462339
2058	-2567.633	-2893.222	325.5891	1.784021	0.4423691	1.23458
2064	-2564.341	-2889.693	325.3519	1.721261	0.6320742	1.23458
2070	-2573.059	-2898.379	325.3201	1.791155	0.6361177	1.197371
2076	-2558.067	-2883.442	325.375	1.615303	0.5823435	1.360332
2082	-2557.927	-2883.003	325.0757	1.793825	0.6534564	1.375734
2088	-2570.598	-2896.188	325.5904	1.729986	0.3826167	1.369153
2094	-2565.747	-2891.199	325.4525	1.809115	0.4642297	1.29478
2100	-2562.97	-2887.982	325.0115	1.571253	0.6147593	1.63132
2106	-2559.196	-2884.044	324.8483	1.506315	0.6147593	1.792548
2112	-2568.31	-2893.287	324.9768	1.543058	0.5178519	1.779877
2118	-2578.628	-2903.524	324.8958	1.579096	0.5346706	1.792438
2124	-2560.661	-2885.536	324.8757	1.454438	0.6312933	1.793268
2130	-2569.505	-2894.014	324.5097	1.383326	0.5382055	2.178021
2136	-2569.924	-2894.385	324.4606	1.527446	0.6046847	2.050224
2142	-2550.322	-2875.008	324.6864	1.429851	0.401957	2.18636
2148	-2552.868	-2878.098	325.2299	1.541015	0.4359163	1.702092
2154	-2560.781	-2886.05	325.2684	1.637902	0.5053721	1.516808
2160	-2561.765	-2887.02	325.2557	1.545061	0.4068642	1.719216
2166	-2568.882	-2894.111	325.2292	1.612615	0.4777169	1.598412
2172	-2578.157	-2903.393	325.2359	1.64943	0.6293389	1.389501
2178	-2570.991	-2896.259	325.2681	1.580761	0.6293389	1.417826
2184	-2556.598	-2881.987	325.3899	1.580761	0.4953999	1.480943
2190	-2564.68	-2890.157	325.4768	1.833822	0.3683954	1.399116
2196	-2550.94	-2876.503	325.5635	1.701224	0.4234716	1.351185
2202	-2565.94	-2891.537	325.5975	1.784414	0.4234716	1.256083
2208	-2572.753	-2898.327	325.5737	1.757282	0.4515324	1.256083
2214	-2546.954	-2872.261	325.3071	1.79794	0.5918827	1.256083
2220	-2568.93	-2894.56	325.6295	1.783779	0.483391	1.137978
2226	-2586.945	-2912.343	325.3976	1.824945	0.6237911	1.114552
2232	-2577.052	-2902.513	325.4613	1.756386	0.4251393	1.385813
2238	-2563.271	-2888.777	325.5056	1.740227	0.4244428	1.364683
2244	-2570.849	-2896.023	325.1744	1.743043	0.5727789	1.428293
2250	-2578.799	-2904.149	325.35	1.959916	0.7402164	0.8693341
2256	-2565.238	-2890.862	325.6239	1.882548	0.4410323	1.12073
2262	-2563.319	-2889.013	325.6938	1.965872	0.4472828	0.9623892
2268	-2580.987	-2906.64	325.653	1.909118	0.4675094	1.024751
2274	-2564.011	-2889.38	325.3687	1.619427	0.45057	1.525561
2280	-2563.94	-2889.238	325.2982	1.651075	0.4274593	1.585042
2286	-2564.397	-2889.936	325.5393	1.716876	0.4857873	1.268969
2292	-2568.618	-2894.163	325.5449	1.66985	0.5103392	1.269595
2298	-2568.033	-2893.38	325.3465	1.66985	0.3818931	1.599653
2304	-2557.786	-2883.403	325.6171	1.818073	0.4946052	1.101195
2310	-2560.223	-2885.821	325.5977	1.811125	0.4145089	1.247637
2316	-2561.144	-2886.642	325.4984	1.840545	0.5596739	1.094302
2322	-2581.892	-2907.104	325.2115	1.791416	0.6828322	1.23552
2328	-2579.379	-2904.77	325.3909	1.585687	0.442452	1.544859
2334	-2571.104	-2896.35	325.2455	1.937926	0.7217423	1.028117
2340	-2573.886	-2899.527	325.6408	1.913393	0.5535204	0.8855063
2346	-2556.221	-2881.631	325.4092	1.893624	0.5535204	1.135534
2352	-2559.348	-2884.902	325.5546	1.980466	0.5535204	0.9071202
2358	-2562.823	-2888.268	325.4445	2.131061	0.5956909	0.7794397
2364	-2554.772	-2880.206	325.4336	1.696564	0.4885803	1.366731
2370	-2568.317	-2893.733	325.4169	1.800829	0.4067211	1.412677
2376	-2548.062	-2873.648	325.586	1.735049	0.4181574	1.313974
2382	-2553.895	-2879.355	325.4603	1.860849	0.5688688	1.0978
2388	-2548.362	-2873.902	325.5401	1.804459	0.4497145	1.24747
2394	-2552.045	-2877.492	325.4476	1.932082	0.5443238	1.078509
2400	-2567.509	-2892.864	325.3554	1.844457	0.5863268	1.18265
2406	-2560.08	-2885.706	325.6261	1.908839	0.4940539	1.007135
2412	-2568.178	-2893.811	325.6327	1.948416	0.4940539	0.9601548
2418	-2568.517	-2893.981	325.4642	1.978312	0.5746221	0.9718247
2424	-2548.169	-2873.713	325.5446	1.956877	0.5107016	1.013036
2430	-2571.503	-2897.155	325.6521	2.076321	0.5356384	0.6811466
2436	-2585.009	-2910.556	325.5476	2.107923	0.5549371	0.7521322
2442	-2581.356	-2906.997	325.6408	2.014759	0.5549371	0.7521322
2448	-2567.866	-2893.33	325.4637	1.951721	0.6664485	0.8577182
2454	-2568.952	-2893.775	324.8232	1.562357	0.587099	1.798946
2460	-2573.176	-2898.65	325.4737	1.63203	0.587099	1.261365
2466	-2550.202	-2875.337	325.1343	1.708551	0.6374981	1.413652
2472	-2570.501	-2895.526	325.0246	1.668202	0.6150445	1.550831
2478	-2570.66	-2896.178	325.5182	1.875887	0.6150445	0.9607708
2484	-2576.016	-2901.469	325.453	1.748801	0.5431106	1.236913
2490	-2577.973	-2903.166	325.1934	1.664866	0.6352466	1.404121
2496	-2571.248	-2896.52	325.2717	1.78507	0.4623002	1.458441
2502	-2566.911	-2892.123	325.2121	1.669134	0.444873	1.611487
2508	-2581.594	-2906.438	324.8442	1.404303	0.4551913	2.035493
2514	-2577.082	-2901.882	324.8001	1.525948	0.4658142	1.971443
2520	-2558.113	-2883.059	324.9458	1.493566	0.4888214	1.8682
2526	-2563.927	-2888.453	324.5258	1.452814	0.5061936	2.155771
2532	-2581.784	-2906.216	324.4325	1.421423	0.5106515	2.231797
2538	-2585.602	-2910.585	324.9829	1.486087	0.5133423	1.820137
2544	-2586.145	-2911.883	325.7387	1.793136	0.3956353	1.173537
2550	-2571.568	-2897.074	325.5062	1.738412	0.6040774	1.120151
2556	-2562.351	-2887.658	325.3074	1.632582	0.4731692	1.531995
2562	-2550.424	-2875.966	325.5427	1.732232	0.4416736	1.316396
2568	-2548.834	-2874.546	325.712	1.739757	0.3890099	1.252673
2574	-2561.259	-2886.624	325.3651	1.744734	0.5913549	1.252673
2580	-2557.845	-2883.304	325.4587	1.693405	0.4228257	1.439838
2586	-2565.898	-2891.342	325.4445	1.674783	0.4228257	1.464906
2592	-2563.139	-2888.544	325.4046	1.674783	0.5611619	1.3147
2598	-2575.727	-2900.963	325.2356	1.69011	0.5206222	1.483745
2604	-2576.092	-2901.464	325.3724	1.750994	0.5680096	1.270276
2610	-2573.055	-2898.668	325.6126	1.734593	0.4695854	1.215973
2616	-2587.034	-2912.346	325.3123	1.776216	0.7359756	1.100669
2622	-2564.879	-2890.595	325.7163	1.805807	0.4446416	1.100669
2628	-2569.243	-2894.946	325.7021	1.86278	0.4211835	1.100669
2634	-2550.515	-2876.064	325.5483	1.86278	0.4671397	1.164532
2640	-2545.926	-2871.374	325.4472	1.86278	0.4813446	1.230405
2646	-2565.847	-2891.427	325.5801	1.86278	0.4747641	1.124656
2652	-2570.186	-2895.414	325.2282	1.776767	0.4426312	1.523609
2658	-2567.804	-2893.161	325.3571	1.736713	0.4937599	1.388489
2664	-2575.161	-2900.524	325.363	1.736413	0.4937599	1.384119
2670	-2561.126	-2886.573	325.4467	1.609736	0.4654816	1.454435
2676	-2558.824	-2884.133	325.3092	1.61769	0.4902498	1.520162
2682	-2568.962	-2894.347	325.3854	1.617815	0.4360778	1.533745
2688	-2567.859	-2892.898	325.0392	1.519406	0.5447233	1.722917
2694	-2573.66	-2898.48	324.8206	1.612154	0.6486372	1.704574
2700	-2564.169	-2888.653	324.4839	1.494123	0.5511519	2.109424
2706	-2554.212	-2878.896	324.6834	1.404408	0.5511519	2.037106
2712	-2568.136	-2893.647	325.5111	1.847492	0.5171991	1.136931
2718	-2571.643	-2897.234	325.5918	1.763006	0.5111494	1.149035
2724	-2552.217	-2877.001	324.7841	1.279985	0.4922718	2.114982
2730	-2549.844	-2874.492	324.648	1.416078	0.4922718	2.114982
2736	-2574.085	-2899.117	325.0317	1.613816	0.5473121	1.658366
2742	-2575.19	-2900.203	325.0128	1.667346	0.5659387	1.612877
2748	-2570.897	-2896.194	325.2975	1.667602	0.5961105	1.364223
2754	-2566.106	-2891.569	325.463	1.862481	0.594626	1.05802
2760	-2556.928	-2882.413	325.4854	1.758807	0.5168131	1.236326
2766	-2555.165	-2880.565	325.4007	1.758807	0.5711611	1.236326
2772	-2557.858	-2883.197	325.339	1.686456	0.486622	1.450469
2778	-2579.067	-2904.573	325.5061	1.686456	0.4217734	1.410192
2784	-2571.965	-2897.354	325.3893	1.657924	0.5258672	1.383945
2790	-2572.82	-2898.197	325.3766	1.739107	0.4658573	1.408357
2796	-2569.46	-2894.7	325.2399	1.65388	0.3916257	1.674071
2802	-2575.937	-2901.402	325.4653	1.860769	0.5826269	1.074113
2808	-2571.303	-2896.685	325.3819	1.743731	0.6530954	1.164615
2814	-2571.682	-2897.223	325.5413	1.649179	0.4434533	1.380938
2820	-2580.192	-2905.917	325.725	1.852677	0.3954681	1.133409
2826	-2573.132	-2898.805	325.6728	1.842473	0.476822	1.054436
2832	-2582.219	-2907.535	325.3168	1.754776	0.601501	1.272135
2838	-2578.384	-2903.893	325.509	1.746334	0.4755114	1.284009
2844	-2569.475	-2894.855	325.3801	1.833686	0.5416786	1.228675
2850	-2568.199	-2893.716	325.517	1.901837	0.5491245	1.03423
2856	-2562.712	-2888.541	325.8292	1.763075	0.4019569	1.108922
2862	-2560.24	-2885.775	325.5354	1.885272	0.5483037	1.033634
2868	-2564.831	-2890.204	325.3737	1.748154	0.5736778	1.264546
2874	-2553.803	-2879.043	325.2404	1.742611	0.5881628	1.359301
2880	-2566.186	-2891.784	325.5989	1.924545	0.537339	0.9470633
2886	-2570.879	-2896.476	325.597	1.924545	0.5552186	0.9192149
2892	-2570.668	-2896.209	325.5416	1.837126	0.4969129	1.148533
2898	-2572.23	-2897.656	325.4254	1.896611	0.6105661	1.039299
2904	-2562.111	-2887.697	325.5864	1.813124	0.4670941	1.174691
2910	-2570.084	-2895.658	325.5746	1.766159	0.4881791	1.194354
2916	-2564.407	-2889.829	325.4223	1.766159	0.4881791	1.320846
2922	-2568.86	-2894.2	325.3399	1.679312	0.426186	1.535245
2928	-2574.857	-2899.869	325.0124	1.596524	0.5591477	1.671507
2934	-2574.983	-2900.053	325.07	1.618591	0.6219568	1.54667
2940	-2582.666	-2908.202	325.5358	1.844614	0.5707537	1.039386
2946	-2584.256	-2909.862	325.6057	1.783295	0.5144195	1.113593
2952	-2575.122	-2900.366	325.2435	1.700261	0.4640423	1.540921
2958	-2572.59	-2897.705	325.1156	1.664992	0.5622316	1.543447
2964	-2556.361	-2881.534	325.1736	1.65842	0.5291635	1.543447
2970	-2559.806	-2885.015	325.2086	1.682422	0.5352888	1.492223
2976	-2568.375	-2893.843	325.468	1.840924	0.5056712	1.196751
2982	-2561.13	-2886.765	325.6344	1.852176	0.4417837	1.137384
2988	-2561.265	-2886.974	325.7091	1.777483	0.4417837	1.137384
2994	-2565.563	-2890.963	325.3999	1.826887	0.4994123	1.274462
3000	-2571.419	-2897.109	325.6904	1.846284	0.3789443	1.197737
3006	-2579.917	-2905.425	325.5086	1.721798	0.5544057	1.197737
3012	-2582.682	-2908.339	325.6575	2.097067	0.4624595	0.8237551
3018	-2561.841	-2887.569	325.7278	2.142477	0.4212777	0.7679044
3024	-2557.982	-2883.673	325.691	1.965541	0.4578005	0.9460396
3030	-2569.132	-2894.703	325.5707	2.126292	0.5095406	0.7951543
3036	-2568.207	-2893.93	325.7228	2.126292	0.467833	0.6640732
3042	-2576.848	-2902.506	325.6582	2.152005	0.4684906	0.7308515
3048	-2574.431	-2900.172	325.7403	1.991645	0.4524944	0.8726507
3054	-2597.568	-2923.282	325.7139	1.904238	0.4082856	1.073885
3060	-2574.672	-2900.468	325.7962	1.818725	0.4211697	1.054049
3066	-2574.815	-2900.305	325.4903	1.902202	0.4211697	1.250859
3072	-2570.937	-2896.782	325.8448	1.902202	0.3965345	0.9696402
3078	-2568.113	-2893.706	325.5926	1.989664	0.4879127	0.9696402
3084	-2576.273	-2901.766	325.4931	1.919509	0.6160813	0.9396792
3090	-2570.191	-2895.815	325.6238	1.940991	0.4442747	1.061558
3096	-2579.656	-2905.315	325.6586	1.890444	0.502705	0.9784915
3102	-2579.085	-2904.564	325.4788	2.18105	0.6045747	0.5999149
3108	-2583.39	-2908.935	325.5448	2.229114	0.5091726	0.6752595
3114	-2578.303	-2903.752	325.4494	1.78919	0.5210287	1.235351
3120	-2576.061	-2901.411	325.3501	1.578384	0.4967033	1.510938
3126	-2588.094	-2913.441	325.3472	1.698225	0.4895251	1.431485
3132	-2573.601	-2899.203	325.6015	1.751765	0.504689	1.159656
3138	-2580.628	-2905.987	325.3597	1.66082	0.4316983	1.526759
3144	-2584.191	-2908.909	324.7178	1.490562	0.5276505	1.981419
3150	-2575.851	-2901.076	325.2253	2.51312	0.5625468	0.4735236
3156	-2572.617	-2897.847	325.2307	2.505851	0.5626338	0.4613707
3162	-2567.514	-2892.809	325.2959	2.505851	0.5146303	0.4225664
3168	-2574.786	-2900.398	325.6127	2.381646	0.4113312	0.526061
3174	-2590.359	-2914.875	324.5167	1.397044	0.4106408	2.305936
3180	-2570.428	-2895.278	324.8505	1.451424	0.4450031	2.01203
3186	-2567.48	-2892.165	324.6846	1.449763	0.3318761	2.267059
3192	-2581.433	-2905.757	324.3232	1.346748	0.5943337	2.267059
3198	-2572.42	-2896.151	323.7309	1.363758	0.5943337	2.628729
3204	-2579.969	-2903.736	323.7674	1.272297	0.6059759	2.65218
3210	-2575.983	-2900.313	324.3293	1.552259	0.5840576	2.139949
3216	-2582.986	-2908.039	325.0531	1.650288	0.4814566	1.693273
3222	-2571.504	-2897.14	325.6355	2.125893	0.5134926	0.685683
3228	-2580.1	-2905.485	325.3846	2.214427	0.6331113	0.6506499
3234	-2573.711	-2898.599	324.8886	1.564679	0.4773397	1.872003
3240	-2569.254	-2894.733	325.479	2.188179	0.5957443	0.6156583
3246	-2564.508	-2890.067	325.5595	2.092664	0.5540833	0.7590788
3252	-2560.482	-2886.075	325.5928	2.093744	0.5320517	0.7590788
3258	-2571.816	-2897.315	325.4989	2.112148	0.5775271	0.7671481
3264	-2567.124	-2892.477	325.3532	2.112148	0.6920295	0.7458886
3270	-2565.279	-2890.757	325.478	2.128821	0.6156079	0.684425
3276	-2575.507	-2901.181	325.6745	2.029267	0.5026207	0.8012227
3282	-2568.451	-2893.522	325.071	1.413579	0.394349	1.953131
3288	-2570.926	-2896.129	325.2022	1.551627	0.397188	1.765117
3294	-2576.172	-2901.606	325.4336	1.909752	0.6656795	0.9401128
3300	-2574.941	-2899.93	324.9887	1.491501	0.4119975	1.933289
3306	-2575.102	-2899.91	324.8083	1.466105	0.5311404	1.933289
3312	-2572.977	-2898.019	325.042	1.463136	0.5026558	1.807273
3318	-2569.893	-2895.137	325.2445	1.604448	0.4373812	1.644576
3324	-2571.391	-2896.436	325.045	1.545677	0.4694469	1.786751
3330	-2561.981	-2887.422	325.4418	1.812611	0.5408467	1.1952
3336	-2565.154	-2890.486	325.3321	1.679408	0.5755294	1.351624
3342	-2580.64	-2906.061	325.4204	1.708473	0.3968852	1.494774
3348	-2573.627	-2898.828	325.2011	1.644146	0.4259889	1.662145
3354	-2559.402	-2884.976	325.5744	1.953672	0.4648907	1.061793
3360	-2547.93	-2873.389	325.4592	1.890911	0.5570677	1.087647
3366	-2566.174	-2891.636	325.4618	1.750115	0.4239956	1.391967
3372	-2560.89	-2886.506	325.6164	1.770161	0.3651669	1.344562
3378	-2553.261	-2878.851	325.5904	1.752826	0.4696804	1.219161
3384	-2567.464	-2892.963	325.4989	1.785072	0.5488195	1.158758
3390	-2557.474	-2882.751	325.2774	1.832668	0.5289099	1.330339
3396	-2558.33	-2883.935	325.6052	1.893728	0.4735095	1.075246
3402	-2558.625	-2884.333	325.7088	1.951009	0.432545	0.9895108
3408	-2573.217	-2898.85	325.6328	2.061681	0.4404055	0.9386939
3414	-2577.696	-2903.266	325.5698	2.02091	0.4967913	0.9452615
3420	-2598.21	-2923.667	325.4572	1.77552	0.4446971	1.345872
3426	-2602.235	-2927.808	325.5727	1.713737	0.5477409	1.157988
3432	-2561.773	-2887.579	325.8061	2.039671	0.3912309	0.8728389
3438	-2547.892	-2873.604	325.7117	2.051424	0.4953975	0.7330969
3444	-2543.426	-2869.095	325.6689	1.999064	0.4660717	0.9182132
3450	-2548.387	-2873.807	325.4202	1.990346	0.5879516	0.9843069
3456	-2554.857	-2880.692	325.8351	1.91077	0.4113579	0.9410855
3462	-2567.349	-2893.117	325.7681	1.930199	0.447953	0.9198211
3468	-2565.065	-2890.809	325.7447	1.931835	0.4461703	0.9467827
3474	-2572.973	-2898.911	325.938	1.989022	0.3600685	0.8507852
3480	-2574.108	-2899.712	325.6038	1.981907	0.4293449	1.067374
3486	-2580.107	-2905.731	325.6238	1.850562	0.4958292	1.062896
3492	-2569.068	-2894.753	325.6848	1.876473	0.5179698	0.9397305
3498	-2549.005	-2874.508	325.5036	1.876473	0.5371792	1.088512
3504	-2569.957	-2895.189	325.232	1.802486	0.688346	1.202557
3510	-2570.467	-2895.519	325.0528	1.718017	0.8307778	1.276952
3516	-2560.374	-2885.852	325.4781	1.71994	0.4889814	1.31208
3522	-2555.734	-2881.144	325.4093	1.760976	0.4865416	1.337631
3528	-2568.064	-2893.371	325.3065	1.80414	0.653213	1.177531
3534	-2552.495	-2877.979	325.4846	1.735216	0.5192099	1.253493
3540	-2561.475	-2886.826	325.3505	1.647538	0.4911638	1.465541
3546	-2566.034	-2891.461	325.4269	1.680095	0.5140795	1.351812
3552	-2542.622	-2868.122	325.5005	1.663751	0.4173358	1.438377
3558	-2544.63	-2870.257	325.6265	1.789601	0.4899414	1.125526
3564	-2545.223	-2870.585	325.3614	1.876929	0.6976181	1.004617
3570	-2534.135	-2859.506	325.3709	1.7621	0.4794749	1.376639
3576	-2559.222	-2884.491	325.2685	1.699796	0.4269823	1.571703
3582	-2563.718	-2888.315	324.5964	1.452943	0.5121826	2.103178
3588	-2563.69	-2888.553	324.8627	1.494595	0.4357462	1.986261
3594	-2583.891	-2909.346	325.4545	1.639863	0.4316066	1.471522
3600	-2569.396	-2894.969	325.573	1.76388	0.4936336	1.189872
3606	-2589.388	-2915.079	325.6914	1.762225	0.3902074	1.249192
3612	-2561.87	-2887.313	325.4428	1.858541	0.5688119	1.115953
3618	-2571.352	-2896.989	325.6373	1.86462	0.5039472	1.023475
3624	-2583.39	-2909.004	325.6146	1.926399	0.4838241	1.018103
3630	-2594.01	-2919.659	325.6487	1.860386	0.5168041	0.995667
3636	-2570.878	-2896.453	325.5749	1.879863	0.4406592	1.167319
3642	-2590.824	-2915.727	324.9035	1.591808	0.4463373	1.880307
3648	-2563.253	-2888.449	325.1967	1.563845	0.461059	1.67762
3654	-2565.238	-2890.388	325.1502	1.523958	0.4803425	1.715265
3660	-2553.964	-2878.894	324.9295	1.615065	0.5569062	1.719596
3666	-2552.708	-2877.511	324.8034	1.529765	0.4597468	1.973729
3672	-2557.381	-2882.666	325.2848	1.655728	0.4651325	1.541884
3678	-2564.676	-2889.765	325.0882	1.770956	0.3933187	1.696334
3684	-2572.448	-2897.777	325.329	1.596655	0.5656447	1.430285
3690	-2565.006	-2890.397	325.3909	1.621411	0.4617704	1.492748
3696	-2565.163	-2890.57	325.4066	1.771056	0.4928256	1.323333
3702	-2572.72	-2898.096	325.376	1.661429	0.6074364	1.29304
3708	-2576.403	-2901.243	324.84	1.644264	0.564642	1.753662
3714	-2573.991	-2899.58	325.5882	1.724532	0.4588327	1.260558
3720	-2555.196	-2880.591	325.3951	1.616787	0.560452	1.369301
3726	-2558.328	-2883.492	325.1645	1.666491	0.4935502	1.586795
3732	-2560.65	-2886.136	325.4862	1.690352	0.4962022	1.31966
3738	-2575.694	-2900.569	324.8747	1.645538	0.7138864	1.579394
3744	-2550.428	-2875.72	325.2916	1.697856	0.4790672	1.487507
3750	-2555.176	-2880.677	325.5012	1.599173	0.4988536	1.376721
3756	-2557.728	-2882.979	325.2512	1.717232	0.5830911	1.376721
3762	-2564.414	-2889.783	325.3693	1.689099	0.5246617	1.376721
3768	-2561.271	-2886.767	325.4961	1.61647	0.4153679	1.480549
3774	-2563.603	-2888.73	325.1266	1.47733	0.5537091	1.680991
3780	-2578.536	-2903.692	325.156	1.549492	0.4747064	1.69997
3786	-2562.138	-2887.448	325.3097	1.628558	0.5497194	1.439268
3792	-2586.963	-2912.601	325.6375	1.709229	0.402959	1.316501
3798	-2595.126	-2920.368	325.2426	1.608332	0.5655666	1.487212
3804	-2571.474	-2896.861	325.3874	1.647229	0.5152673	1.407045
3810	-2564.764	-2890.083	325.3183	1.69984	0.5255216	1.407045
3816	-2574.315	-2899.234	324.9181	1.512991	0.5041624	1.85643
3822	-2591.265	-2916.076	324.8109	1.434802	0.3587005	2.158319
3828	-2589.949	-2914.235	324.286	1.472463	0.7687628	2.058455
3834	-2564.776	-2889.562	324.7856	1.611936	0.6087468	1.768682
3840	-2571.746	-2896.936	325.1902	1.571749	0.4933988	1.637051
3846	-2591.171	-2916.02	324.8487	1.534608	0.4554906	1.945127
3852	-2588.305	-2913.416	325.1115	1.603425	0.358782	1.845268
3858	-2586.714	-2911.441	324.7262	1.569608	0.4670752	1.990142
3864	-2557.214	-2882.854	325.6402	1.76238	0.4578202	1.186095
3870	-2557.617	-2883.238	325.6213	1.886276	0.5229376	0.9871589
3876	-2560.312	-2885.912	325.5999	1.861435	0.5229376	1.033038
3882	-2571.629	-2897.03	325.4012	1.815438	0.6029941	1.146516
3888	-2553.354	-2878.523	325.1692	1.566373	0.4658476	1.68945
3894	-2566.645	-2891.484	324.839	1.498921	0.4658476	1.963384
3900	-2577.117	-2902.407	325.2897	1.573835	0.4617542	1.602669
3906	-2565.796	-2891.18	325.3842	1.654637	0.4617542	1.472777
3912	-2556.832	-2882.015	325.1823	1.623474	0.6090759	1.472777
3918	-2561.533	-2886.806	325.2728	1.666018	0.4948248	1.505584
3924	-2557.351	-2882.991	325.6397	1.752089	0.498399	1.134709
3930	-2557.677	-2883.153	325.4757	1.820029	0.5587752	1.134709
3936	-2560.463	-2886.063	325.5994	1.819258	0.5695893	1.00366
3942	-2581.218	-2906.817	325.5995	1.892239	0.4485251	1.12188
3948	-2572.031	-2897.457	325.4255	1.822223	0.6151574	1.102842
3954	-2560.666	-2886.01	325.3435	1.859226	0.611955	1.147462
3960	-2561.761	-2887.155	325.3939	1.975271	0.6292433	0.9657544
3966	-2554.191	-2879.655	325.4632	1.854137	0.5818723	1.083307
3972	-2562.035	-2887.754	325.719	1.817303	0.4846058	1.021443
3978	-2565.316	-2890.803	325.4868	1.740569	0.5222389	1.243142
3984	-2572.664	-2897.953	325.2893	1.819165	0.6370576	1.198644
3990	-2567.253	-2892.868	325.615	1.869875	0.5159555	1.02099
3996	-2576.662	-2902.253	325.5916	1.936081	0.4509058	1.085207
4002	-2569.093	-2894.612	325.5198	1.803764	0.5209424	1.16253
4008	-2571.006	-2896.454	325.4484	1.729262	0.5989607	1.185815
4014	-2570.291	-2895.716	325.4253	1.68159	0.4883614	1.385354
4020	-2566.524	-2892.112	325.5874	1.709197	0.4383289	1.303768
4026	-2555.663	-2881.126	325.4631	1.587889	0.4683358	1.454799
4032	-2573.379	-2898.768	325.3891	1.70873	0.5759336	1.281487
4038	-2564.348	-2889.601	325.2527	1.670239	0.5527731	1.447412
4044	-2556.012	-2881.418	325.4062	1.738984	0.4212535	1.447412
4050	-2554.48	-2879.894	325.4145	1.801283	0.4585563	1.339716
4056	-2558.037	-2883.401	325.3642	1.770393	0.5064694	1.339716
4062	-2560.267	-2885.703	325.4361	1.792402	0.4505299	1.340891
4068	-2558.268	-2883.706	325.4385	1.792402	0.4680347	1.314354
4074	-2549.718	-2874.628	324.9091	1.671498	0.6823527	1.565285
4080	-2560.577	-2886.157	325.5802	1.819639	0.480954	1.153528
4086	-2553.328	-2879.052	325.7238	1.857528	0.3820515	1.153528
4092	-2544.055	-2869.638	325.5834	1.788627	0.4975183	1.153528
4098	-2553.507	-2879.013	325.5062	1.82845	0.4144814	1.308588
4104	-2552.995	-2878.285	325.2908	1.7165	0.5900583	1.337754
4110	-2554.017	-2879.43	325.4129	1.792476	0.5296827	1.251577
4116	-2553.03	-2878.338	325.3086	1.732794	0.5892273	1.311355
4122	-2560.875	-2886.543	325.6676	1.816312	0.4386088	1.144851
4128	-2556.697	-2882.173	325.476	1.798476	0.5652768	1.144851
4134	-2560.799	-2886.304	325.5046	1.793039	0.531218	1.170896
4140	-2563.233	-2888.623	325.3901	1.759597	0.531218	1.295361
4146	-2556.656	-2882.084	325.4282	1.762693	0.4789337	1.331475
4152	-2574.83	-2900.416	325.5856	1.762693	0.4923145	1.181898
4158	-2576.629	-2901.829	325.2005	1.558459	0.4923145	1.64054
4164	-2566.909	-2891.764	324.8559	1.536284	0.5609968	1.82138
4170	-2565.423	-2890.065	324.6426	1.403494	0.5104115	2.107202
4176	-2563.244	-2888.045	324.8009	1.501867	0.4165646	2.046051
4182	-2558.167	-2882.501	324.3338	1.440079	0.5398595	2.253259
4188	-2569.785	-2894.199	324.4149	1.411652	0.4792722	2.282934
4194	-2562.969	-2888.658	325.6897	2.077816	0.4752587	0.7769411
4200	-2578.373	-2903.987	325.614	2.091449	0.4948826	0.8158395
4206	-2579.87	-2905.358	325.4878	2.091449	0.5748248	0.8158395
4212	-2557.796	-2883.44	325.6439	1.991182	0.5118661	0.8680604
4218	-2568.576	-2894.366	325.7898	2.12507	0.4391564	0.6311929
4224	-2577.088	-2902.278	325.1901	1.731528	0.6562475	1.331372
4230	-2573.011	-2898.599	325.5877	2.127498	0.5364563	0.7027223
4236	-2571.703	-2897.357	325.6539	2.12167	0.5175184	0.6440076
4242	-2586.386	-2911.961	325.5754	1.735834	0.3926203	1.360839
4248	-2582.432	-2907.788	325.356	1.725943	0.5575437	1.317026
4254	-2557.291	-2882.824	325.5325	2.21124	0.5329439	0.6593132
4260	-2550.763	-2876.209	325.4459	2.185595	0.5999672	0.680335
4266	-2571.306	-2896.67	325.3639	2.166057	0.6783878	0.665728
4272	-2579.221	-2904.361	325.1398	1.601395	0.5759396	1.557269
4278	-2571.751	-2896.681	324.9308	1.452657	0.4615626	1.937847
4284	-2579.09	-2903.804	324.7144	1.435227	0.4793996	2.073098
4290	-2577.611	-2903.07	325.4585	2.016467	0.5476311	0.9808195
4296	-2581.844	-2907.324	325.4805	1.84905	0.5434704	1.125564
4302	-2584.765	-2910.232	325.4666	1.839038	0.5589438	1.125564
4308	-2598.431	-2923.739	325.3079	1.802084	0.5800647	1.266436
4314	-2595.248	-2920.638	325.3896	1.675161	0.6131332	1.263914
4320	-2565.807	-2890.923	325.1169	1.674424	0.7777352	1.311009
4326	-2562.028	-2887.542	325.5143	1.896727	0.5593836	1.026469
4332	-2566.746	-2892.325	325.5789	1.943523	0.5593836	0.9112354
4338	-2576.858	-2902.19	325.3323	1.936445	0.6865985	0.9885912
4344	-2574.377	-2899.922	325.5446	1.791566	0.5116716	1.164688
4350	-2567.489	-2893.013	325.5234	1.851259	0.5515216	1.072716
4356	-2567.231	-2892.845	325.6131	1.997373	0.4980186	0.9218277
4362	-2570.793	-2896.654	325.8613	1.949206	0.4049407	0.8830794
4368	-2564.037	-2889.713	325.6766	1.784266	0.5016639	1.06648
4374	-2566.622	-2892.085	325.4633	1.75233	0.4534324	1.34707
4380	-2556.133	-2881.646	325.5134	1.834885	0.4534324	1.238846
4386	-2547.871	-2872.952	325.0813	1.761853	0.6289691	1.422608
4392	-2550.883	-2876.296	325.413	1.602222	0.5148098	1.422608
4398	-2555.161	-2880.393	325.232	1.659563	0.5050218	1.528265
4404	-2552.157	-2877.565	325.4087	2.074383	0.6462365	0.80751
4410	-2561.492	-2887.069	325.5771	2.044265	0.5249766	0.8593344
4416	-2555.469	-2881.127	325.6579	2.02824	0.4530804	0.923214
4422	-2552.828	-2878.471	325.6434	1.977308	0.4782067	0.9466491
4428	-2572.765	-2898.387	325.6218	2.040138	0.4228483	1.005255
4434	-2590.436	-2916.076	325.6393	1.883964	0.502203	1.005255
4440	-2582.025	-2907.368	325.3425	2.029024	0.5705086	1.04832
4446	-2558.497	-2883.882	325.3853	1.81837	0.4851294	1.312765
4452	-2559.341	-2884.909	325.5672	1.721244	0.443413	1.302929
4458	-2563.412	-2889.039	325.6271	1.836625	0.4871335	1.08644
4464	-2560.035	-2885.031	324.9961	1.65741	0.7008296	1.493037
4470	-2561.323	-2886.704	325.3811	1.761565	0.5465979	1.281413
4476	-2571.109	-2896.604	325.4946	1.741867	0.5468014	1.202656
4482	-2564.708	-2890.334	325.6267	1.697842	0.4279473	1.296439
4488	-2577.384	-2902.785	325.4001	1.792343	0.5733341	1.205618
4494	-2576.636	-2902.188	325.5517	1.895684	0.5634943	0.9840952
4500	-2569.28	-2894.082	324.8016	1.469582	0.4002746	2.087334
4506	-2570.14	-2894.607	324.4672	1.451269	0.6108406	2.090205
4512	-2561.023	-2886.837	325.8134	1.937433	0.3983563	0.962089
4518	-2563.667	-2889.265	325.598	1.625713	0.4548547	1.338653
4524	-2569.574	-2895.053	325.479	1.716835	0.4708028	1.338653
4530	-2565.878	-2891.597	325.7194	1.852965	0.4353365	1.06961
4536	-2563.229	-2888.718	325.4883	1.839692	0.514806	1.167384
4542	-2558.051	-2883.888	325.8368	2.046236	0.3820417	0.8500614
4548	-2561.077	-2886.673	325.596	1.934527	0.5141287	0.9783324
4554	-2569.9	-2895.461	325.5609	1.913466	0.4972363	1.060642
4560	-2558.416	-2884.041	325.6255	1.989012	0.4972363	0.9187471
4566	-2545.655	-2871.268	325.6132	2.05387	0.5070068	0.839104
4572	-2551.671	-2877.332	325.6605	2.014024	0.5274061	0.7865542
4578	-2552.821	-2878.588	325.7668	1.98276	0.4594638	0.8365897
4584	-2555.287	-2881.017	325.7295	2.073908	0.4349121	0.8240842
4590	-2545.979	-2871.713	325.7341	2.072744	0.4330128	0.8240842
4596	-2557.647	-2883.446	325.7992	2.04648	0.3876934	0.8810925
4602	-2561.648	-2887.276	325.6282	2.04648	0.4464406	0.9482313
4608	-2559.239	-2884.806	325.5667	1.913666	0.5164101	1.024717
4614	-2583.543	-2909.22	325.6764	1.845925	0.4514584	1.089207
4620	-2563.763	-2889.362	325.5994	1.932093	0.5674701	0.8871877
4626	-2566.867	-2892.702	325.8349	1.902825	0.4426292	0.8863614
4632	-2590.706	-2916.215	325.5094	1.788929	0.6118064	1.060217
4638	-2592.052	-2917.675	325.6223	1.837519	0.4798813	1.101353
4644	-2557.863	-2883.409	325.5462	1.961841	0.5182123	0.9944263
4650	-2556.101	-2881.522	325.421	1.882243	0.6078355	1.060987
4656	-2571.024	-2896.483	325.4589	1.971511	0.5802171	0.9757299
4662	-2593.589	-2919.294	325.7057	1.801229	0.4561021	1.095841
4668	-2569.667	-2895.372	325.7046	1.836454	0.4285492	1.110027
4674	-2558.737	-2884.491	325.754	1.744164	0.4145593	1.171333
4680	-2560.038	-2885.692	325.6547	1.771353	0.4703844	1.146363
4686	-2574.004	-2899.598	325.5946	1.771353	0.4004154	1.304917
4692	-2575.783	-2901.322	325.5391	1.742261	0.3491558	1.452425
4698	-2572.094	-2897.652	325.5581	1.682941	0.4149401	1.382419
4704	-2581.676	-2907.036	325.36	1.72214	0.5834744	1.285128
4710	-2583.618	-2908.446	324.8282	1.639022	0.5587294	1.771838
4716	-2569.27	-2894.358	325.0886	1.58919	0.5958704	1.582186
4722	-2562.391	-2887.747	325.3558	1.790676	0.5855082	1.229252
4728	-2556.82	-2882.238	325.4173	1.696526	0.6078681	1.229252
4734	-2556.488	-2882.095	325.6062	1.699742	0.4960944	1.21286
4740	-2547.943	-2873.594	325.6514	1.929915	0.4810109	0.9825158
4746	-2544.244	-2869.973	325.7297	1.962641	0.410028	0.9989623
4752	-2563.778	-2889.377	325.5985	1.962641	0.488894	0.9894699
4758	-2561.5	-2887.151	325.6516	1.930632	0.5321128	0.8916729
4764	-2565.045	-2890.644	325.599	1.912943	0.4386532	1.119654
4770	-2559.913	-2885.416	325.5032	1.873328	0.5764274	1.034905
4776	-2553.485	-2878.865	325.3801	1.860917	0.6722749	1.034905
4782	-2583.965	-2908.653	324.6877	1.503081	0.6572745	1.864503
4788	-2557.665	-2882.659	324.9938	1.636176	0.4209924	1.819685
4794	-2558.414	-2883.857	325.4431	1.808312	0.4427323	1.333762
4800	-2602.511	-2927.678	325.1663	1.631901	0.438958	1.678823
4806	-2578.463	-2903.648	325.1857	1.722992	0.5697759	1.438487
4812	-2567.658	-2893.141	325.4833	1.702372	0.524784	1.274338
4818	-2571.386	-2896.923	325.5373	1.618774	0.4462364	1.403926
4824	-2565.72	-2891.397	325.6769	1.824044	0.4460612	1.117554
4830	-2576.591	-2902.103	325.5121	1.858399	0.5752715	1.042426
4836	-2568.355	-2893.849	325.4931	1.994299	0.5731925	0.9267145
4842	-2560.343	-2885.943	325.5999	1.88744	0.5731925	0.9267145
4848	-2550.216	-2875.891	325.6755	1.900516	0.5121264	0.933987
4854	-2547.281	-2872.959	325.6779	1.837388	0.5121264	0.9969797
4860	-2551.507	-2877.237	325.7302	1.987558	0.3935971	1.005042
4866	-2557.497	-2883.084	325.5865	1.876899	0.4352291	1.16833
4872	-2557.823	-2883.395	325.5728	1.75244	0.4313101	1.290877
4878	-2572.726	-2898.153	325.4275	1.811078	0.5470284	1.200541
4884	-2581.443	-2906.866	325.4227	1.942315	0.6106788	0.9969139
4890	-2562.263	-2888.01	325.7471	2.023435	0.4202556	0.8956608
4896	-2561.18	-2886.588	325.4087	1.937109	0.597048	1.035163
4902	-2554.048	-2879.609	325.5605	1.936335	0.4997436	1.035163
4908	-2541.505	-2867.137	325.6314	1.926681	0.4636524	1.035163
4914	-2550.629	-2876.159	325.5303	1.898277	0.5044235	1.092342
4920	-2550.715	-2876.5	325.7848	1.93461	0.3969065	0.9970254
4926	-2551.618	-2877.163	325.5443	1.873622	0.5777099	0.9922311
4932	-2561.711	-2887.356	325.6445	1.681823	0.4838109	1.213007
4938	-2565.261	-2890.782	325.5206	1.778164	0.5696954	1.11706
4944	-2565.58	-2890.798	325.2178	1.753179	0.5905101	1.36605
4950	-2556.036	-2881.444	325.4083	1.684309	0.5657676	1.298247
4956	-2563.271	-2888.712	325.4412	1.658262	0.5240651	1.344992
4962	-2571.879	-2897.392	325.5132	1.915241	0.545464	1.030438
4968	-2566.953	-2892.428	325.4752	1.953638	0.4787587	1.131101
4974	-2578.883	-2904.284	325.4011	1.771456	0.5716649	1.224699
4980	-2569.584	-2895.091	325.5074	1.825187	0.4736243	1.222427
4986	-2562.528	-2888.081	325.5529	1.750266	0.4641714	1.260782
4992	-2548.436	-2874.071	325.6354	1.820213	0.5471691	1.001015
4998	-2564.069	-2889.605	325.5361	1.803353	0.4540755	1.245336
5004	-2569.443	-2894.876	325.4324	1.882414	0.61922	1.034313
5010	-2566.733	-2892.093	325.3596	1.600782	0.5079877	1.472957
5016	-2565.53	-2890.784	325.2538	1.53398	0.5728205	1.526246
5022	-2561.066	-2886.43	325.3634	1.63026	0.5125782	1.441992
5028	-2565.966	-2890.959	324.9933	1.458021	0.6619672	1.678465
5034	-2558.789	-2884.069	325.2791	1.528014	0.5277471	1.563522
5040	-2566.508	-2891.749	325.2405	1.699944	0.4485059	1.563522
5046	-2562.975	-2888.245	325.2706	1.637357	0.5493799	1.462852
5052	-2553.777	-2878.922	325.1452	1.466776	0.5113107	1.722817
5058	-2551.639	-2876.353	324.714	1.518641	0.5243398	1.968685
5064	-2542.077	-2867.587	325.5105	1.765124	0.4551589	1.296373
5070	-2572.967	-2898.409	325.4416	1.746937	0.5267988	1.269341
5076	-2587.57	-2913.1	325.53	1.755949	0.439207	1.311088
5082	-2577.17	-2902.586	325.4162	2.030118	0.6363808	0.8699502
5088	-2564.304	-2889.881	325.5775	1.777099	0.4963237	1.170577
5094	-2559.883	-2885.217	325.3342	1.795037	0.5721716	1.2603
5100	-2564.157	-2889.695	325.5373	1.777822	0.3848864	1.36974
5106	-2566.234	-2891.708	325.4736	1.760485	0.4337742	1.360454
5112	-2578.481	-2903.856	325.375	1.717286	0.4918721	1.392152
5118	-2579.778	-2905.255	325.477	1.781214	0.4918721	1.258835
5124	-2576.692	-2902.185	325.4938	1.831479	0.4944028	1.198777
5130	-2586.053	-2911.386	325.3327	1.735714	0.6421818	1.226708
5136	-2579.451	-2904.735	325.2843	1.717311	0.6162752	1.311816
5142	-2577.001	-2902.049	325.0478	1.658732	0.5678808	1.591569
5148	-2568.883	-2894.008	325.1246	1.623073	0.5393421	1.593597
5154	-2579.243	-2904.7	325.4575	1.716443	0.4594845	1.371591
5160	-2576.732	-2902.286	325.5537	1.785776	0.5109558	1.162771
5166	-2561.874	-2887.276	325.4019	1.96463	0.7253812	0.8229582
5172	-2563.179	-2888.682	325.5027	2.08195	0.5856085	0.7873692
5178	-2568.441	-2893.968	325.5271	2.208585	0.5285193	0.6885009
5184	-2574.552	-2899.943	325.3916	2.091102	0.7097686	0.6779361
5190	-2576.631	-2902.161	325.5308	2.099164	0.6017875	0.6783025
5196	-2570.227	-2896.039	325.8112	2.016711	0.3947068	0.8857385
5202	-2569.275	-2894.974	325.6997	1.98322	0.4334724	0.964064
5208	-2576.038	-2901.647	325.6092	1.903619	0.4553128	1.091725
5214	-2584.421	-2910.142	325.7205	1.802282	0.479831	1.042341
5220	-2570.479	-2896.084	325.6057	1.961144	0.517051	0.9353173
5226	-2568.492	-2893.925	325.4335	2.004756	0.6248967	0.8977535
5232	-2567.45	-2893.083	325.633	1.936058	0.4864991	0.9855932
5238	-2549.515	-2875.044	325.5284	1.77722	0.4796442	1.236534
5244	-2562.78	-2888.251	325.4703	1.902282	0.5446789	1.084536
5250	-2559.419	-2884.94	325.521	1.845031	0.4528401	1.22484
5256	-2575.741	-2900.97	325.2291	1.881738	0.6506226	1.180442
5262	-2560.646	-2886.005	325.3586	1.867574	0.5703728	1.180442
5268	-2567.887	-2893.25	325.3632	1.719005	0.5248709	1.35765
5274	-2559.96	-2885.348	325.3883	1.723048	0.4352382	1.453582
5280	-2557.875	-2883.297	325.422	1.619659	0.4550271	1.479526
5286	-2572.024	-2897.237	325.2132	1.661823	0.4096152	1.662763
5292	-2563.704	-2889.108	325.4042	1.601143	0.5162729	1.428431
5298	-2562.806	-2888.06	325.2544	1.66751	0.4741445	1.544184
5304	-2561.681	-2887.078	325.3969	1.548156	0.4378604	1.574188
5310	-2565.148	-2890.136	324.9883	1.54173	0.5681513	1.717761
5316	-2561.225	-2886.603	325.378	1.502401	0.5534888	1.478896
5322	-2555.489	-2880.734	325.2455	1.527155	0.4380771	1.698084
5328	-2575.407	-2900.642	325.2351	1.593206	0.5412457	1.532137
5334	-2592.272	-2917.418	325.1462	1.589882	0.5317369	1.610753
5340	-2571.383	-2896.853	325.4697	1.636464	0.4522238	1.434235
5346	-2565.924	-2891.245	325.3202	1.659056	0.5278067	1.434235
5352	-2555.222	-2880.457	325.2344	1.636363	0.5328473	1.510324
5358	-2557.944	-2882.99	325.046	1.561992	0.5355779	1.698146
5364	-2556.867	-2882.199	325.3315	1.582902	0.4416178	1.591606
5370	-2592.9	-2918.269	325.3696	1.582043	0.4416178	1.564419
5376	-2561.134	-2886.63	325.4959	1.74867	0.4887994	1.274347
5382	-2564.746	-2890.086	325.3397	1.762831	0.4829287	1.395886
5388	-2558.491	-2884.06	325.5696	1.762831	0.4145193	1.31033
5394	-2562.904	-2888.321	325.4175	1.896331	0.4245067	1.31033
5400	-2551.827	-2877.244	325.4173	1.73645	0.5171908	1.31033
5406	-2558.323	-2883.875	325.5524	1.778373	0.4153965	1.31033
5412	-2560.926	-2886.219	325.293	1.667194	0.5135302	1.466295
5418	-2567.408	-2892.584	325.1759	1.577402	0.4542119	1.691326
5424	-2568.874	-2894.062	325.1877	1.672267	0.5962278	1.445711
5430	-2580.065	-2905.755	325.6903	1.945566	0.424676	1.027646
5436	-2560.907	-2886.56	325.6527	1.849616	0.5011122	1.027646
5442	-2564.442	-2890.002	325.5602	1.792887	0.5011122	1.165032
5448	-2564.401	-2889.735	325.3343	1.789745	0.5310407	1.316369
5454	-2573.105	-2898.584	325.479	1.729132	0.4622543	1.340717
5460	-2557.123	-2882.667	325.5442	1.728474	0.4760307	1.269063
5466	-2556.096	-2881.725	325.6284	1.877183	0.4797043	1.05896
5472	-2567.401	-2892.936	325.5355	1.905904	0.543985	1.020046
5478	-2571.69	-2897.366	325.6753	1.964526	0.3971912	1.073517
5484	-2545.604	-2871.36	325.7558	1.908823	0.4565449	0.9398659
5490	-2567.237	-2892.801	325.5644	1.766866	0.5084805	1.173466
5496	-2575.512	-2900.895	325.3831	1.865582	0.6231044	1.091539
5502	-2576.375	-2902.052	325.6773	2.296412	0.4091418	0.62307
5508	-2565.575	-2891.245	325.6709	2.28441	0.4189499	0.62307
5514	-2570.371	-2895.947	325.5768	2.26974	0.4886457	0.5796418
5520	-2564.586	-2890.361	325.7754	1.955392	0.4150924	0.9496247
5526	-2563.401	-2888.936	325.5351	1.984674	0.5630872	0.9078947
5532	-2548.125	-2873.825	325.7001	1.922217	0.4366594	1.019382
5538	-2569.104	-2894.612	325.5087	1.915669	0.640918	0.8880659
5544	-2566.581	-2892.246	325.6653	2.024793	0.4529271	0.9191888
5550	-2559.985	-2885.59	325.6046	1.979179	0.5213901	0.9091275
5556	-2568.552	-2894.02	325.468	1.979179	0.6375771	0.8670159
5562	-2561.003	-2886.633	325.6295	1.927144	0.4542266	1.052491
5568	-2547.57	-2873.085	325.5146	1.93086	0.5201715	1.052491
5574	-2565.859	-2891.371	325.5113	1.873778	0.5609284	1.049191
5580	-2561.773	-2887.18	325.4074	1.873778	0.5772873	1.122631
5586	-2555.615	-2881.083	325.468	1.737456	0.3765625	1.467197
5592	-2554.494	-2880.023	325.5288	1.771808	0.4202968	1.32723
5598	-2576.959	-2902.661	325.7024	1.810831	0.3444388	1.277184
5604	-2554.903	-2880.034	325.1307	1.512809	0.4761962	1.741838
5610	-2569.08	-2894.045	324.9655	1.527513	0.5700187	1.741838
5616	-2577.407	-2902.633	325.2256	1.542117	0.4739619	1.656517
5622	-2568.448	-2893.99	325.5416	1.955073	0.5187696	1.004906
5628	-2559.399	-2885.064	325.6645	1.964828	0.4931409	0.9099911
5634	-2575.618	-2900.403	324.7847	1.589914	0.5016457	1.897748
5640	-2564.21	-2889.791	325.5807	2.00594	0.5579921	0.8387217
5646	-2564.759	-2890.502	325.7425	2.054868	0.4468077	0.8040493
5652	-2583.099	-2907.356	324.2568	1.338118	0.4916855	2.416791
5658	-2567.857	-2891.819	323.9624	1.263528	0.5100704	2.627957
5664	-2572.702	-2898.226	325.5236	1.902859	0.576342	0.9856678
5670	-2558.714	-2884.277	325.5624	2.045884	0.5698899	0.7871055
5676	-2544.482	-2870.156	325.6733	2.091942	0.4723565	0.7871055
5682	-2547.606	-2873.253	325.6469	2.150339	0.4761757	0.7304466
5688	-2568.152	-2893.827	325.6751	2.258913	0.4326289	0.6124077
5694	-2579.573	-2904.392	324.8181	1.527398	0.6121436	1.801403
5700	-2560.057	-2885.554	325.497	1.708958	0.3550278	1.500097
5706	-2571.116	-2896.554	325.4374	1.586777	0.4494563	1.500097
5712	-2566.671	-2892.002	325.3307	1.838669	0.4594104	1.3753
5718	-2577.003	-2902.221	325.2174	1.820632	0.6359367	1.259372
5724	-2558.75	-2883.989	325.2392	1.843575	0.7357925	1.106157
5730	-2579.639	-2905.255	325.6161	2.223026	0.4991757	0.5253642
5736	-2571.076	-2896.625	325.5495	2.179914	0.5408036	0.6633565
5742	-2552.877	-2878.499	325.6217	1.918512	0.4897876	1.008946
5748	-2560.591	-2886.291	325.7	1.918512	0.454759	0.9908839
5754	-2549.521	-2875.233	325.7118	1.912284	0.4745513	0.9496689
5760	-2559.789	-2885.383	325.5936	2.076579	0.5089733	0.8312434
5766	-2567.89	-2893.421	325.5311	2.122179	0.5384298	0.791732
5772	-2561.129	-2886.949	325.82	1.961395	0.4305221	0.8610092
5778	-2561.591	-2887.324	325.7325	1.9887	0.4454696	0.8993707
5784	-2548.379	-2873.996	325.6172	1.847126	0.4884976	1.083737
5790	-2538.253	-2863.786	325.5337	1.859513	0.5380585	1.075014
5796	-2553.07	-2878.393	325.3232	1.965991	0.6094935	1.071967
5802	-2554.327	-2879.74	325.413	1.965991	0.6437849	0.9340037
5808	-2547.516	-2872.967	325.4512	1.965991	0.5089401	1.095979
5814	-2556.764	-2882.088	325.3245	1.884451	0.5915505	1.167989
5820	-2585.008	-2910.671	325.6634	1.754692	0.6184055	0.9301744
5826	-2550.802	-2876.293	325.4914	1.662883	0.5121727	1.316409
5832	-2565.84	-2891.334	325.4935	1.787967	0.5750112	1.125455
5838	-2567.39	-2892.867	325.4765	1.787967	0.5015938	1.240186
5844	-2583.693	-2909.1	325.4065	1.755429	0.6116291	1.183581
5850	-2556.93	-2881.898	324.9677	1.565218	0.535759	1.750831
5856	-2557.845	-2883.16	325.3144	1.733338	0.3555207	1.615884
5862	-2561.976	-2887.094	325.1184	1.580785	0.4061033	1.79125
5868	-2554.552	-2879.822	325.2699	1.58484	0.5545316	1.497033
5874	-2559.503	-2884.688	325.1859	1.56183	0.4192515	1.740032
5880	-2586.173	-2911.931	325.7587	1.964613	0.4451919	0.8975824
5886	-2587.115	-2912.86	325.7446	2.027041	0.4416515	0.8484437
5892	-2566.388	-2891.418	325.0299	1.556954	0.597589	1.646229
5898	-2565.299	-2890.177	324.8774	1.562281	0.6325971	1.715382
5904	-2554.724	-2879.492	324.7684	1.425196	0.4159163	2.118712
5910	-2555.71	-2880.641	324.9316	1.436076	0.4159163	2.003749
5916	-2551.813	-2877.262	325.4499	1.63597	0.4595817	1.439844
5922	-2550.238	-2875.598	325.3603	1.695273	0.4681054	1.451641
5928	-2561.269	-2886.785	325.5154	1.760431	0.5234367	1.200496
5934	-2576.725	-2902.215	325.4905	1.900876	0.373584	1.327093
5940	-2574.301	-2899.506	325.2055	1.668854	0.5818597	1.450929
5946	-2587.522	-2912.748	325.2265	1.569671	0.5374602	1.560265
5952	-2580.956	-2905.817	324.861	1.592303	0.4809023	1.867825
5958	-2582.391	-2907.563	325.1719	1.626827	0.4768668	1.630689
5964	-2570.52	-2895.547	325.0269	1.52809	0.4287113	1.861361
5970	-2581.867	-2906.5	324.6326	1.588458	0.5422036	1.957499
5976	-2586.869	-2911.997	325.128	1.604754	0.5814421	1.557443
5982	-2580.98	-2906.021	325.0409	1.664574	0.4030996	1.790849
5988	-2588.029	-2912.949	324.9199	1.589474	0.523267	1.781083
5994	-2575.728	-2900.845	325.1163	1.62394	0.523267	1.617468
6000	-2569.506	-2894.97	325.464	1.800944	0.5153798	1.220788
6006	-2564.788	-2890.278	325.4899	1.928722	0.4933918	1.118125
6012	-2564.119	-2889.095	324.9763	1.568262	0.4571043	1.833511
6018	-2564.739	-2889.857	325.1182	1.588642	0.5621181	1.597667
6024	-2563.645	-2889.112	325.4676	1.787617	0.5361124	1.200927
6030	-2558.415	-2883.665	325.2495	1.633281	0.5539775	1.476489
6036	-2558.134	-2883.337	325.2032	1.703345	0.4828605	1.544509
6042	-2557.561	-2882.908	325.3462	1.617348	0.4777927	1.508524
6048	-2562.175	-2887.265	325.0894	1.617348	0.6569912	1.496904
6054	-2576.588	-2901.927	325.3389	1.577353	0.4760923	1.545844
6060	-2573.356	-2898.648	325.2911	1.65907	0.5165219	1.470233
6066	-2574.677	-2900.13	325.4529	1.565178	0.4737249	1.472765
6072	-2581.772	-2907.131	325.3592	1.773751	0.5690973	1.261035
6078	-2583.602	-2909.021	325.4191	1.829751	0.5308621	1.213366
6084	-2573.931	-2898.726	324.7949	1.489918	0.6966991	1.763265
6090	-2565.674	-2890.538	324.8645	1.400346	0.6062275	1.86272
6096	-2559.232	-2883.787	324.5546	1.347246	0.4402116	2.278579
6102	-2557.765	-2882.621	324.8556	1.520117	0.4016643	2.016437
6108	-2570.569	-2895.42	324.8503	1.516108	0.5066143	1.897796
6114	-2569.727	-2894.489	324.7625	1.513507	0.5122528	1.952668
6120	-2571.88	-2896.578	324.6976	1.435823	0.5720577	1.985547
6126	-2581.791	-2906.433	324.6417	1.510939	0.5374279	2.008227
6132	-2560.739	-2885.725	324.9857	1.622374	0.5374279	1.696069
6138	-2573.001	-2897.883	324.8811	1.541003	0.6062184	1.754088
6144	-2561.29	-2886.915	325.6254	1.825716	0.3753829	1.275652
6150	-2566.271	-2891.201	324.931	1.702664	0.4832477	1.74034
6156	-2574.441	-2899.209	324.7679	1.546414	0.4295713	2.022396
6162	-2570.655	-2896.09	325.4349	1.77165	0.4919127	1.301221
6168	-2561.992	-2887.311	325.319	1.75716	0.5130268	1.37749
6174	-2573.175	-2898.643	325.468	1.834027	0.6362119	1.023461
6180	-2568.568	-2893.574	325.0061	1.548709	0.52164	1.751201
6186	-2566.08	-2890.892	324.812	1.553539	0.4845937	1.923185
6192	-2555.442	-2881.09	325.6485	1.920668	0.4899303	0.9795927
6198	-2542.086	-2867.767	325.6804	1.899462	0.462863	1.015276
6204	-2546.047	-2871.755	325.7075	1.836485	0.4155578	1.129184
6210	-2564.104	-2889.326	325.2223	1.674146	0.5524195	1.467963
6216	-2567.599	-2892.954	325.3555	1.595237	0.5179839	1.467963
6222	-2566.742	-2891.839	325.0968	1.595237	0.4533549	1.735659
6228	-2564.603	-2890.099	325.4958	1.642685	0.5083646	1.334096
6234	-2561.476	-2886.856	325.3804	1.68823	0.4861981	1.417886
6240	-2570.445	-2895.873	325.428	1.750699	0.4996422	1.313355
6246	-2569.784	-2895.194	325.4098	1.70013	0.4508774	1.433144
6252	-2570.642	-2895.776	325.1337	1.529639	0.5046084	1.694258
6258	-2567.522	-2892.82	325.2975	1.626319	0.3628498	1.693758
6264	-2560.721	-2886.266	325.5447	1.699233	0.4761812	1.292381
6270	-2554.922	-2879.781	324.8583	1.413827	0.4761812	1.995512
6276	-2560.946	-2885.582	324.6351	1.450214	0.6060075	1.984245
6282	-2558.263	-2883.142	324.8793	1.466231	0.5515888	1.863293
6288	-2562.036	-2887.566	325.5295	1.640566	0.4107926	1.443343
6294	-2551.138	-2876.499	325.3608	1.697591	0.409737	1.52905
6300	-2544.221	-2869.797	325.5759	1.969817	0.5137793	0.9631894
6306	-2544.467	-2870.198	325.7311	1.975028	0.4449727	0.9171045
6312	-2549.269	-2875.066	325.7975	1.795787	0.3609452	1.18049
6318	-2560.646	-2886.31	325.6636	1.810027	0.4219874	1.180645
6324	-2568.571	-2893.951	325.3801	1.731052	0.4963366	1.371481
6330	-2559.022	-2884.832	325.8101	1.979474	0.3266981	1.069543
6336	-2557.746	-2883.151	325.4053	2.002886	0.5609351	1.026965
6342	-2552.79	-2878.087	325.2965	1.882415	0.6084351	1.172815
6348	-2548.977	-2874.507	325.5301	1.782654	0.5203839	1.172815
6354	-2561.103	-2886.884	325.781	1.837247	0.3344696	1.207254
6360	-2548.743	-2874.241	325.4975	1.768737	0.399581	1.385578
6366	-2541.041	-2866.45	325.4091	1.730925	0.4687315	1.385578
6372	-2555.818	-2881.084	325.2651	1.752461	0.562962	1.361801
6378	-2545.817	-2871.462	325.6448	1.752461	0.4501271	1.202336
6384	-2566.905	-2892.35	325.4457	1.798675	0.5207996	1.230795
6390	-2570.851	-2896.513	325.6618	2.002796	0.460499	0.9324323
6396	-2552.017	-2877.703	325.6859	2.051194	0.4866376	0.7923017
6402	-2557.809	-2883.349	325.5398	1.773629	0.4769894	1.233734
6408	-2570.826	-2896.506	325.6799	1.795825	0.3537007	1.291858
6414	-2558.499	-2884.044	325.5444	1.758472	0.4892228	1.225169
6420	-2553.453	-2879.26	325.8074	1.898287	0.3741013	1.054334
6426	-2553.279	-2879.097	325.8184	1.942023	0.3920972	0.9647477
6432	-2554.269	-2880.151	325.8818	1.867631	0.348397	1.063155
6438	-2550.858	-2876.328	325.4702	1.913013	0.5320458	1.093037
6444	-2558.582	-2884.476	325.8936	1.859554	0.3635129	1.029423
6450	-2581.685	-2907.154	325.4691	1.787371	0.5875724	1.131144
6456	-2574.504	-2899.943	325.439	1.702054	0.4328854	1.43413
6462	-2557.365	-2882.517	325.1523	1.84568	0.6572698	1.268167
6468	-2555.694	-2881.53	325.8359	1.874466	0.3901381	1.019041
6474	-2570.141	-2895.409	325.2681	1.731428	0.5750268	1.361658
6480	-2565.528	-2890.746	325.2177	1.764518	0.6638235	1.273831
6486	-2569.567	-2894.777	325.2097	1.869902	0.808182	1.026486
6492	-2550.72	-2876	325.2796	1.857218	0.7048537	1.092734
6498	-2546.331	-2871.842	325.5113	1.82456	0.6181352	1.015217
6504	-2554.779	-2880.327	325.5486	1.833916	0.4213928	1.25879
6510	-2567.84	-2893.452	325.6114	1.982549	0.5224288	0.8958672
6516	-2565.406	-2890.878	325.4715	1.905189	0.6414311	0.9399414
6522	-2573.935	-2899.274	325.3398	1.763437	0.5447747	1.315816
6528	-2564.031	-2889.578	325.547	1.730921	0.4913935	1.243102
6534	-2579.785	-2905.283	325.4978	1.89163	0.5794208	1.018021
6540	-2568.935	-2894.717	325.7823	2.213261	0.3799885	0.6955708
6546	-2568.217	-2893.85	325.633	2.213261	0.4599001	0.6955708
6552	-2564.45	-2889.873	325.4226	2.219159	0.6084934	0.6330036
6558	-2553.084	-2878.692	325.6083	2.211322	0.4831411	0.6705649
6564	-2560.271	-2885.938	325.6668	2.033498	0.4831411	0.8471187
6570	-2576.699	-2901.772	325.0724	1.514916	0.4739882	1.783691
6576	-2590.185	-2915.332	325.1473	1.571476	0.553326	1.598832
6582	-2587.312	-2912.558	325.2463	1.604763	0.5130985	1.548483
6588	-2569.544	-2894.553	325.0094	1.632175	0.6539969	1.548483
6594	-2573.059	-2898.488	325.4292	1.725196	0.4969456	1.336451
6600	-2577	-2902.296	325.2957	1.725196	0.492824	1.446024
6606	-2569.229	-2894.49	325.2615	1.7051	0.492824	1.487236
6612	-2574.802	-2899.836	325.0338	1.649484	0.5082499	1.67582
6618	-2573.417	-2898.615	325.1979	1.766533	0.5487774	1.420287
6624	-2561.068	-2886.457	325.389	1.73905	0.4635951	1.40189
6630	-2557.441	-2882.778	325.3362	1.735679	0.4946625	1.404365
6636	-2573.567	-2898.781	325.2137	1.64389	0.4277217	1.651004
6642	-2565.002	-2890.519	325.5171	1.790768	0.4490257	1.278891
6648	-2561.48	-2886.941	325.4602	1.790768	0.4490257	1.325036
6654	-2584.782	-2910.019	325.2367	1.670492	0.3946237	1.660333
6660	-2572.6	-2898.003	325.4029	1.797658	0.4599055	1.350013
6666	-2563.088	-2888.693	325.6047	1.792132	0.418728	1.25102
6672	-2566.232	-2891.879	325.647	1.969643	0.4282631	1.039782
6678	-2561.97	-2887.505	325.5345	1.862546	0.5108225	1.111594
6684	-2566.949	-2892.481	325.5325	1.80374	0.3748272	1.368929
6690	-2567.634	-2893.087	325.4536	1.762713	0.4522651	1.34815
6696	-2572.352	-2897.842	325.4904	1.781193	0.5117551	1.220111
6702	-2559.618	-2885.098	325.4803	1.776702	0.5100007	1.234869
6708	-2560.614	-2886.045	325.4304	1.776702	0.5412469	1.234869
6714	-2551.739	-2876.701	324.9619	1.573787	0.6110376	1.668965
6720	-2547.533	-2872.542	325.0086	1.598384	0.4646893	1.781206
6726	-2561.147	-2886.485	325.3378	1.633939	0.5300025	1.437352
6732	-2566.939	-2892.364	325.4251	1.681271	0.4235225	1.47367
6738	-2559.963	-2885.208	325.2453	1.652646	0.5252298	1.499064
6744	-2562.213	-2887.564	325.3515	1.677853	0.4083446	1.552471
6750	-2565.678	-2891.183	325.5058	1.706101	0.4678326	1.329926
6756	-2564.146	-2889.885	325.7385	1.802615	0.4529096	1.0693
6762	-2581.675	-2907.239	325.5634	1.84891	0.5512799	1.037281
6768	-2580.63	-2906.153	325.5239	1.817057	0.595926	1.041504
6774	-2567.875	-2893.462	325.5879	1.949094	0.49714	0.9999684
6780	-2565.757	-2891.462	325.7046	1.761659	0.4392226	1.159485
6786	-2555.56	-2881.204	325.6437	1.88889	0.4494957	1.082998
6792	-2555.493	-2881.254	325.7605	1.888496	0.393496	1.071635
6798	-2561.481	-2887.043	325.562	1.887517	0.5051959	1.071635
6804	-2573.402	-2898.866	325.464	1.746844	0.467788	1.330846
6810	-2547.938	-2873.416	325.4777	1.807018	0.5499036	1.156625
6816	-2559.658	-2885.029	325.3709	1.828061	0.6612215	1.088739
6822	-2570.726	-2896.033	325.307	1.832019	0.5997843	1.217825
6828	-2556.706	-2882.095	325.3897	1.828165	0.5821337	1.17236
6834	-2592.251	-2917.742	325.491	1.84633	0.5514393	1.107356
6840	-2563.147	-2888.504	325.3574	1.776856	0.5935004	1.229591
6846	-2576.213	-2901.528	325.3155	1.794079	0.627655	1.208966
6852	-2571.388	-2897.009	325.6207	1.830724	0.4676328	1.128011
6858	-2569.582	-2895.209	325.6267	1.850055	0.5036565	1.048329
6864	-2575.006	-2900.266	325.2601	1.652254	0.5740258	1.430753
6870	-2559.616	-2885.149	325.5332	1.682186	0.44824	1.354598
6876	-2560.374	-2885.794	325.4203	1.739017	0.6002933	1.199924
6882	-2556.798	-2882.354	325.5555	1.763374	0.4227748	1.30882
6888	-2571.977	-2897.228	325.2507	1.789952	0.7467178	1.1319
6894	-2563.915	-2889.392	325.4774	1.79056	0.5477244	1.174255
6900	-2570.422	-2895.857	325.4355	1.786551	0.5532738	1.206406
6906	-2578.421	-2903.98	325.5585	1.886831	0.5088178	1.070062
6912	-2567.695	-2893.328	325.6333	1.884466	0.502898	1.009613
6918	-2574.661	-2900.371	325.7091	1.79921	0.3926532	1.198913
6924	-2569.471	-2895.18	325.709	1.82591	0.4777244	1.034173
6930	-2556.414	-2882.283	325.8691	2.087285	0.3789571	0.7613229
6936	-2557.694	-2883.376	325.6828	1.996651	0.5355929	0.7613229
6942	-2550.119	-2875.831	325.7125	2.063308	0.4812432	0.7502478
6948	-2556.369	-2882.03	325.6604	2.1059	0.5065682	0.6971857
6954	-2569.72	-2895.246	325.5268	1.918213	0.5872838	0.9496264
6960	-2565.92	-2891.559	325.6398	2.27447	0.4512181	0.567168
6966	-2569.214	-2894.74	325.5253	2.257018	0.4512181	0.8134962
6972	-2556.907	-2882.622	325.7154	2.098767	0.4512181	0.7702541
6978	-2572.376	-2897.989	325.6124	1.929546	0.5114803	0.9709791
6984	-2564.747	-2890.451	325.7043	1.941179	0.495185	0.8879061
6990	-2558.128	-2883.548	325.4202	1.93803	0.6974956	0.8765983
6996	-2557.731	-2883.387	325.6552	2.103076	0.4742188	0.7921821
7002	-2556.211	-2881.934	325.7231	2.023119	0.4772948	0.801343
7008	-2565.021	-2890.54	325.5183	2.025028	0.5314322	0.9358971
7014	-2585.048	-2910.601	325.553	1.971657	0.5314322	0.9556585
7020	-2568.885	-2894.616	325.7303	2.06871	0.4149057	0.8744342
7026	-2582.772	-2908.471	325.6991	2.048332	0.4930706	0.7626168
7032	-2576.121	-2902.002	325.8811	1.957487	0.4492246	0.7394189
7038	-2553.173	-2878.795	325.6216	2.017792	0.547248	0.7918935
7044	-2548.39	-2874.064	325.6746	2.237637	0.4292183	0.6754759
7050	-2563.453	-2889.076	325.6229	2.150416	0.5069602	0.6833997
7056	-2563.687	-2889.407	325.7202	2.163274	0.4426876	0.6833997
7062	-2563.278	-2889.031	325.7534	2.11153	0.4684392	0.6265049
7068	-2567.408	-2893.205	325.7971	2.139037	0.4096095	0.6987395
7074	-2578.283	-2903.943	325.6597	2.043513	0.5399667	0.7136242
7080	-2566.431	-2892.187	325.756	2.085849	0.4523261	0.7255923
7086	-2561.941	-2887.744	325.8036	2.159087	0.4134609	0.6301436
7092	-2567.706	-2893.404	325.6989	2.084605	0.481698	0.7372431
7098	-2556.228	-2881.852	325.6242	2.084605	0.5036392	0.7922423
7104	-2555.567	-2881.334	325.7669	2.087498	0.4400372	0.7404482
7110	-2569.618	-2895.333	325.715	2.025344	0.4519757	0.8638451
7116	-2567.485	-2893.188	325.703	1.992805	0.4790506	0.8608448
7122	-2561.087	-2886.833	325.7457	2.055696	0.4581687	0.7710134
7128	-2562.8	-2888.434	325.634	2.101694	0.4999317	0.763178
7134	-2566.674	-2892.296	325.6223	2.049239	0.5126831	0.8218615
7140	-2565.946	-2891.443	325.4967	1.949919	0.5658489	0.9812093
7146	-2576.358	-2902.134	325.7762	2.028548	0.4009613	0.8982831
7152	-2578.112	-2903.789	325.6765	1.937953	0.5299085	0.8581951
7158	-2553.386	-2878.941	325.555	2.02268	0.5435644	0.8762563
7164	-2561.049	-2886.651	325.6019	2.036532	0.5245669	0.8393862
7170	-2569.63	-2895.123	325.493	1.991345	0.6262777	0.8411878
7176	-2570.36	-2896.022	325.6617	2.028674	0.4567432	0.9114186
7182	-2574.037	-2899.568	325.531	1.815288	0.5865977	1.049492
7188	-2562.975	-2888.806	325.8309	1.966773	0.3190821	1.077793
7194	-2556.071	-2881.911	325.8397	1.921805	0.4151403	0.9163863
7200	-2580.483	-2905.964	325.4809	1.989903	0.5237478	1.022469
7206	-2570.391	-2895.982	325.5915	1.920707	0.4208497	1.1487
7212	-2567.498	-2893.391	325.8923	1.887876	0.3076888	1.117495
7218	-2565.345	-2890.668	325.3233	1.775767	0.4892103	1.390349
7224	-2575.12	-2900.706	325.5862	1.85355	0.3833167	1.271903
7230	-2565.841	-2891.158	325.3172	1.721236	0.5661008	1.341505
7236	-2560.329	-2885.957	325.6279	1.714209	0.3892644	1.341505
7242	-2554.399	-2879.802	325.4027	1.733649	0.5049158	1.340327
7248	-2554.257	-2879.772	325.5148	1.71961	0.4183384	1.382597
7254	-2574.188	-2899.339	325.1505	1.834326	0.5671389	1.382597
7260	-2563.446	-2888.865	325.419	1.692656	0.4875737	1.382597
7266	-2579.094	-2904.606	325.5123	1.74936	0.5542206	1.171001
7272	-2564.527	-2889.715	325.1877	1.751269	0.5385509	1.452074
7278	-2553.594	-2878.982	325.3883	1.715751	0.5349871	1.327483
7284	-2565.101	-2890.472	325.3705	1.789353	0.5579916	1.252716
7290	-2560.508	-2885.776	325.2682	1.67367	0.379013	1.657528
7296	-2561.406	-2886.533	325.1275	1.65657	0.6027013	1.496074
7302	-2552.896	-2878.179	325.2832	1.732063	0.4575688	1.496074
7308	-2560.823	-2886.285	325.4615	1.764517	0.4418091	1.355288
7314	-2572.628	-2898.166	325.5382	1.745096	0.4555712	1.289534
7320	-2567.206	-2892.664	325.4585	1.800858	0.4972104	1.250525
7326	-2575.233	-2900.728	325.4946	1.936281	0.5236541	1.061053
7332	-2562.363	-2887.854	325.4909	1.726789	0.5903047	1.161979
7338	-2550.357	-2876.118	325.7612	1.801268	0.4377858	1.074723
7344	-2573.322	-2898.813	325.4914	2.056681	0.5667047	0.8692905
7350	-2568.204	-2893.848	325.6439	2.09141	0.4747422	0.8212578
7356	-2556.301	-2882.063	325.762	1.97288	0.4710756	0.8297466
7362	-2564.297	-2889.853	325.5563	1.97288	0.6150976	0.8042627
7368	-2558.192	-2884.073	325.8808	1.97288	0.4012998	0.8398456
7374	-2556.565	-2882.15	325.5845	1.959938	0.5581802	0.8885729
7380	-2561.897	-2887.295	325.3985	1.890606	0.5580619	1.141629
7386	-2570.105	-2895.351	325.2463	1.785341	0.6880691	1.205286
7392	-2576.404	-2902.002	325.598	1.857326	0.5508697	0.9955831
7398	-2563.139	-2888.667	325.5286	1.918965	0.5508697	1.003308
7404	-2581.819	-2907.151	325.3325	1.767578	0.6071553	1.24169
7410	-2573.731	-2899.159	325.428	1.802387	0.4943586	1.278359
7416	-2579.06	-2904.536	325.4767	1.678491	0.4943586	1.339242
7422	-2572.022	-2897.461	325.439	1.674985	0.5825568	1.260087
7428	-2571.694	-2897.224	325.5301	1.734404	0.4123474	1.367795
7434	-2577.087	-2902.032	324.9451	1.601567	0.5918965	1.680883
7440	-2567.678	-2892.996	325.3177	1.667258	0.466067	1.507616
7446	-2572.979	-2898.428	325.4496	1.700207	0.4806643	1.361823
7452	-2581.791	-2907.188	325.3976	1.762575	0.3439185	1.551579
7458	-2564	-2889.184	325.1841	1.67298	0.4438766	1.630234
7464	-2571.03	-2895.913	324.8835	1.560351	0.7164576	1.632427
7470	-2569.102	-2894.011	324.9085	1.488689	0.5837939	1.794224
7476	-2592.971	-2917.949	324.978	1.598843	0.5837939	1.667956
7482	-2583.12	-2908.308	325.1878	1.622123	0.5505529	1.535032
7488	-2555.368	-2880.543	325.1745	1.59251	0.5866878	1.526376
7494	-2553.738	-2879.008	325.27	1.672097	0.4719711	1.531941
7500	-2551.267	-2875.951	324.684	1.556586	0.6212859	1.864641
7506	-2571.481	-2896.037	324.5559	1.403559	0.5437014	2.129168
7512	-2583.419	-2908.281	324.8624	1.449336	0.6175639	1.819385
7518	-2589.107	-2914.202	325.0947	1.589529	0.4547749	1.739406
7524	-2562.143	-2887.189	325.0467	1.45826	0.5376465	1.768272
7530	-2589.194	-2914.732	325.5384	1.923749	0.4932862	1.078312
7536	-2585.557	-2911.247	325.6901	1.932403	0.4560043	0.9846753
7542	-2569.1	-2894.403	325.3033	1.610483	0.5761695	1.427159
7548	-2563.656	-2888.156	324.4994	1.51487	0.6071307	2.030532
7554	-2577.408	-2902.47	325.0622	1.579337	0.5359179	1.673917
7560	-2568.165	-2892.81	324.6451	1.512249	0.705327	1.843676
7566	-2560.828	-2885.933	325.1053	1.662014	0.5743845	1.539702
7572	-2570.446	-2895.612	325.1661	1.579815	0.5564754	1.575472
7578	-2561.147	-2886.4	325.2528	1.679471	0.5796209	1.408915
7584	-2571.211	-2896.481	325.2706	1.657321	0.5733568	1.419536
7590	-2570.299	-2895.695	325.3962	1.787337	0.4586184	1.365256
7596	-2575.384	-2900.779	325.3952	1.778093	0.4865274	1.335297
7602	-2587.047	-2912.552	325.5047	1.781489	0.4865274	1.243015
7608	-2585.765	-2911.044	325.2782	1.669505	0.7183385	1.243015
7614	-2574.568	-2899.18	324.6117	1.430308	0.4945043	2.126993
7620	-2556.91	-2882.201	325.2912	1.69981	0.5447939	1.404519
7626	-2555.347	-2880.727	325.3799	1.574115	0.568897	1.404519
7632	-2554.54	-2880.026	325.4867	1.723214	0.4840567	1.309184
7638	-2545.512	-2871.017	325.5051	1.707836	0.4400835	1.368073
7644	-2548.037	-2873.457	325.4193	1.722275	0.5638458	1.260494
7650	-2553.77	-2879.218	325.448	1.820717	0.5538107	1.165374
7656	-2567.268	-2892.758	325.4896	1.743383	0.5573096	1.191693
7662	-2554.851	-2880.434	325.5827	1.872256	0.4809699	1.104089
7668	-2567.181	-2892.353	325.1714	1.685415	0.6296949	1.411262
7674	-2572.356	-2897.443	325.0866	1.592198	0.534585	1.648772
7680	-2574.54	-2899.927	325.3874	1.711142	0.534585	1.332392
7686	-2573.235	-2898.52	325.2851	1.770177	0.5091977	1.398627
7692	-2577.331	-2902.587	325.2562	1.723597	0.5210872	1.442038
7698	-2565.774	-2891.406	325.6321	1.808943	0.3975208	1.247812
7704	-2562.051	-2887.153	325.1019	1.571699	0.3703427	1.857307
7710	-2569.221	-2893.614	324.3933	1.289372	0.5318328	2.319726
7716	-2546.331	-2871.196	324.8653	1.422522	0.4856774	1.974226
7722	-2573.506	-2897.779	324.2732	1.287446	0.5284639	2.400543
7728	-2560.457	-2884.347	323.8905	1.270312	0.556488	2.622851
7734	-2562.399	-2886.673	324.2742	1.383051	0.5396412	2.328114
7740	-2565.592	-2889.593	324.0009	1.317813	0.6244786	2.462339
7746	-2561.059	-2885.362	324.3029	1.355375	0.7618263	2.129848
7752	-2565.329	-2889.744	324.4152	1.39134	0.6474542	2.129848
7758	-2563.555	-2889	325.4446	1.690382	0.4927569	1.357429
7764	-2568.257	-2893.705	325.448	1.734513	0.5483446	1.246238
7770	-2567.922	-2892.991	325.0693	1.704881	0.6690597	1.433325
7776	-2578.216	-2903.452	325.236	1.65336	0.5945891	1.424998
7782	-2574.454	-2899.814	325.3603	1.606037	0.5136705	1.461469
7788	-2568.343	-2893.377	325.0335	1.587915	0.5559778	1.666056
7794	-2576.189	-2901.688	325.4997	1.857909	0.5875367	1.03724
7800	-2579.527	-2904.907	325.3805	1.638136	0.3909096	1.585018
7806	-2561.837	-2887.023	325.1859	1.648447	0.4288473	1.666189
7812	-2564.227	-2889.821	325.5941	1.68109	0.390497	1.392388
7818	-2562.26	-2887.637	325.3767	1.680117	0.3442071	1.626548
7824	-2549.941	-2874.908	324.9665	1.636362	0.6652726	1.565653
7830	-2547.256	-2872.639	325.3831	1.754788	0.5080161	1.33508
7836	-2549.072	-2874.658	325.5859	1.819871	0.5578716	1.03379
7842	-2552.851	-2878.227	325.3754	1.876439	0.6650383	1.03379
7848	-2550.347	-2876.043	325.6954	1.87595	0.436774	1.068152
7854	-2566.056	-2891.636	325.5799	1.877949	0.5359022	1.016312
7860	-2554.522	-2880.088	325.5658	1.92509	0.574262	0.9211257
7866	-2566.463	-2891.977	325.5142	1.753225	0.5607667	1.157094
7872	-2572.524	-2898.339	325.815	2.024008	0.4300391	0.789018
7878	-2574.851	-2900.563	325.7118	2.001399	0.5021116	0.7896815
7884	-2573.11	-2898.593	325.4825	2.001399	0.6553341	0.7896815
7890	-2564.774	-2890.429	325.654	1.861395	0.3986324	1.182746
7896	-2583.972	-2909.461	325.4883	1.953824	0.4461128	1.169745
7902	-2578.688	-2904.601	325.9134	1.933108	0.4074893	0.8340821
7908	-2574.685	-2900.468	325.7825	1.96547	0.4483842	0.8623961
7914	-2582.625	-2908.284	325.6592	1.944565	0.4811209	0.9591752
7920	-2564.035	-2889.654	325.619	2.000929	0.5095299	0.8901008
7926	-2553.868	-2879.358	325.4901	2.171672	0.5772098	0.6865446
7932	-2577.559	-2903.145	325.586	1.880414	0.4867213	1.084516
7938	-2575.343	-2900.87	325.5269	1.934488	0.594436	0.9206816
7944	-2570.441	-2896.112	325.6705	1.986838	0.4839841	0.8957818
7950	-2570.43	-2895.844	325.4143	2.080702	0.6718097	0.7415013
7956	-2571.458	-2897	325.5423	2.093199	0.5507129	0.7899342
7962	-2574.618	-2900.48	325.8619	2.071421	0.38328	0.7819022
7968	-2565.935	-2891.674	325.7383	2.074314	0.4474569	0.7819022
7974	-2559.856	-2885.522	325.6665	2.006986	0.5301665	0.7819022
7980	-2561.331	-2887.107	325.7758	2.027976	0.4496491	0.7887191
7986	-2562.048	-2887.831	325.7834	1.923648	0.4663091	0.8734946
7992	-2564.305	-2889.862	325.5573	2.191143	0.5266675	0.6699678
7998	-2584.743	-2910.305	325.5619	2.133524	0.5653142	0.6554941
8004	-2578.842	-2904.496	325.6534	2.133524	0.5114148	0.6406141
8010	-2574.775	-2900.412	325.6372	2.077045	0.4958442	0.8022461
8016	-2586.885	-2912.512	325.6273	2.0495	0.4446836	0.9493277
8022	-2563.981	-2889.42	325.4393	1.665787	0.4584693	1.42657
8028	-2565.33	-2890.79	325.4595	1.743243	0.4786031	1.322396
8034	-2573.262	-2898.919	325.6579	1.891307	0.4434306	1.077602
8040	-2571.54	-2897.138	325.5988	1.802806	0.4795104	1.154193
8046	-2572.522	-2898.089	325.5671	1.813755	0.5275928	1.101708
8052	-2569.896	-2895.438	325.5417	1.879836	0.5024859	1.101708
8058	-2576.629	-2902.472	325.8434	1.929188	0.349919	1.038067
8064	-2579.776	-2905.274	325.4978	1.873372	0.5059832	1.141974
8070	-2565.14	-2890.784	325.6433	1.888165	0.4728668	1.045507
8076	-2582.021	-2907.602	325.5812	1.843141	0.496333	1.108442
8082	-2588.39	-2914.006	325.6164	1.917718	0.5064006	0.9875015
8088	-2583.621	-2909.341	325.7199	1.979698	0.3942342	1.021738
8094	-2566.229	-2891.727	325.4984	1.863402	0.5194805	1.130753
8100	-2553.291	-2878.886	325.5948	1.899593	0.4286214	1.151704
8106	-2561.05	-2886.578	325.5284	1.797764	0.5083668	1.178112
8112	-2587.154	-2912.813	325.659	1.845509	0.4245081	1.149508
8118	-2579.206	-2904.826	325.6196	1.859281	0.5008915	1.050561
8124	-2562.593	-2888.005	325.4117	1.781851	0.5805601	1.195406
8130	-2552.574	-2878.116	325.5417	1.781851	0.457027	1.254255
8136	-2551.793	-2877.292	325.4994	1.741917	0.5054343	1.254255
8142	-2553.045	-2878.417	325.3725	1.759095	0.5881876	1.238419
8148	-2578.975	-2904.226	325.2509	1.745842	0.5329508	1.414476
8154	-2578.245	-2903.537	325.2922	1.83006	0.5329508	1.315423
8160	-2574.968	-2900.265	325.2967	1.615102	0.5329508	1.479359
8166	-2575.206	-2900.611	325.405	1.77141	0.3759163	1.490184
8172	-2578.54	-2904.002	325.4618	1.695999	0.508853	1.317945
8178	-2577.773	-2903.182	325.409	1.688452	0.5402676	1.326109
8184	-2565.052	-2890.389	325.3377	1.745445	0.6004756	1.263818
8190	-2566.5	-2892.038	325.5384	1.77484	0.4888716	1.216941
8196	-2566.695	-2891.965	325.2697	1.824605	0.6318422	1.216941
8202	-2577.431	-2903.042	325.611	1.824605	0.41968	1.216941
8208	-2558.277	-2883.859	325.5827	1.805649	0.5344925	1.084698
8214	-2568.763	-2894.524	325.7606	1.748014	0.3658728	1.243944
8220	-2573.868	-2899.13	325.2614	1.696602	0.3841472	1.638611
8226	-2557.334	-2882.593	325.2587	1.668009	0.5232805	1.479726
8232	-2558.726	-2883.952	325.226	1.636632	0.4996662	1.556149
8238	-2554.013	-2879.494	325.4807	1.677436	0.395077	1.475375
8244	-2557.095	-2882.547	325.4518	1.733362	0.395077	1.454883
8250	-2567.312	-2892.487	325.1752	1.615517	0.5028593	1.604953
8256	-2579.704	-2904.531	324.8274	1.454532	0.5072613	1.954159
8262	-2567.474	-2892.616	325.1419	1.616935	0.4515819	1.690734
8268	-2594.793	-2919.927	325.1338	1.601877	0.4647137	1.690734
8274	-2588.387	-2913.392	325.0051	1.657271	0.4912326	1.710608
8280	-2596.483	-2921.611	325.1277	1.653657	0.4179554	1.718116
8286	-2588.551	-2913.328	324.7772	1.618912	0.4672611	1.922609
8292	-2556.845	-2882.047	325.2025	1.68635	0.4672611	1.577205
8298	-2566.48	-2891.525	325.0452	1.560775	0.5698742	1.661975
8304	-2566.442	-2891.906	325.4639	1.751191	0.4197964	1.395599
8310	-2565.321	-2890.76	325.4384	1.751191	0.5240364	1.272097
8316	-2542.995	-2868.2	325.205	1.615925	0.5565294	1.519991
8322	-2575.389	-2900.41	325.0209	1.490652	0.4727649	1.837464
8328	-2565.137	-2890.424	325.287	1.509424	0.4009476	1.730209
8334	-2560.981	-2886.222	325.2413	1.699402	0.5229104	1.469581
8340	-2566.884	-2891.958	325.0739	1.647892	0.639825	1.503291
8346	-2561.253	-2886.246	324.9936	1.647892	0.4626165	1.759658
8352	-2558.63	-2883.628	324.998	1.438655	0.4148863	1.9589
8358	-2570.537	-2895.592	325.0546	1.468905	0.4448495	1.862836
8364	-2563.129	-2888.239	325.1094	1.679331	0.4110884	1.722046
8370	-2568.446	-2893.962	325.5161	1.763225	0.4218522	1.341923
8376	-2578.951	-2904.707	325.756	1.751786	0.3738419	1.231034
8382	-2568.979	-2894.033	325.0542	1.601359	0.4374828	1.781023
8388	-2571.933	-2896.833	324.9	1.638651	0.4926397	1.795512
8394	-2567.461	-2892.607	325.1463	1.506357	0.5021239	1.704689
8400	-2572.98	-2897.418	324.4386	1.415746	0.5028427	2.239737
8406	-2566.746	-2891.756	325.0097	1.53165	0.4545843	1.838736
8412	-2561.627	-2886.941	325.3137	1.671064	0.407157	1.586838
8418	-2561.548	-2887.223	325.6756	1.836015	0.4726698	1.064649
8424	-2551.478	-2876.924	325.4458	1.739952	0.4732773	1.343325
8430	-2554.409	-2880.002	325.5931	1.775515	0.4532992	1.221986
8436	-2561.405	-2886.708	325.3034	1.716044	0.4532992	1.498552
8442	-2564.589	-2890.147	325.558	1.948891	0.3912647	1.202465
8448	-2560.715	-2886.378	325.663	1.886753	0.4484779	1.068614
8454	-2557.459	-2883.031	325.5712	2.044175	0.4824294	0.9446122
8460	-2566.166	-2891.712	325.546	2.08963	0.4957326	0.8980811
8466	-2577.896	-2903.474	325.5785	1.982678	0.4657464	1.028687
8472	-2577.732	-2903.216	325.4835	2.050598	0.4935539	1.008766
8478	-2574.281	-2899.743	325.4621	1.853739	0.6370261	1.008766
8484	-2560.418	-2885.895	325.4765	1.786663	0.517706	1.219098
8490	-2576.53	-2902.008	325.4785	1.824789	0.3386099	1.452799
8496	-2556.352	-2881.893	325.5407	1.763806	0.4565027	1.270752
8502	-2566.178	-2891.683	325.5055	2.008771	0.4988783	1.019553
8508	-2550.352	-2876.08	325.7273	1.954225	0.4988783	0.837707
8514	-2543.172	-2868.753	325.5813	2.067255	0.4668947	0.9376239
8520	-2555.415	-2880.917	325.5018	1.890926	0.5459907	1.063848
8526	-2560.239	-2885.737	325.4981	1.890926	0.5459907	1.067302
8532	-2588.847	-2914.351	325.5036	1.839961	0.3905656	1.338337
8538	-2590.386	-2915.263	324.8771	1.676471	0.5104015	1.764771
8544	-2574.243	-2899.685	325.4425	1.80615	0.422068	1.365949
8550	-2586.02	-2911.347	325.3271	1.651041	0.3789014	1.631655
8556	-2582.31	-2908.013	325.7025	1.685258	0.4212772	1.254629
8562	-2570.349	-2895.749	325.4007	1.786717	0.3945662	1.453906
8568	-2565.099	-2890.455	325.3552	1.841118	0.57035	1.206186
8574	-2565.762	-2891.2	325.4385	1.945824	0.57035	1.036283
8580	-2574.158	-2899.726	325.5679	1.973375	0.5758906	0.8608976
8586	-2567.597	-2893.224	325.6273	1.947892	0.4764426	0.9965685
8592	-2554.289	-2879.982	325.6932	1.925837	0.5145778	0.8817411
8598	-2558.778	-2884.455	325.6771	1.982945	0.4816368	0.897278
8604	-2558.293	-2883.905	325.6115	1.982945	0.5112755	0.915491
8610	-2563.551	-2889.202	325.6514	2.1222	0.4883871	0.7350945
8616	-2573.403	-2899.009	325.6066	2.013439	0.4794735	0.9449733
8622	-2565.951	-2891.503	325.5517	2.013439	0.4836903	0.9943594
8628	-2558.832	-2884.342	325.509	1.915816	0.5040485	1.096323
8634	-2576.041	-2901.39	325.3487	1.924088	0.7033052	0.9621032
8640	-2571.579	-2897.167	325.5883	2.072151	0.5325668	0.7944901
8646	-2574.645	-2900.054	325.4091	2.100075	0.6153669	0.8296269
8652	-2553.483	-2878.699	325.2154	1.575778	0.5232321	1.580442
8658	-2549.549	-2874.324	324.7749	1.577355	0.4615007	1.958845
8664	-2583.548	-2908.912	325.3636	2.117138	0.6674739	0.7711865
8670	-2558.298	-2883.563	325.265	1.696499	0.4709532	1.518814
8676	-2562.426	-2887.545	325.1194	1.627974	0.3562583	1.826581
8682	-2566.946	-2891.179	324.2325	1.375075	0.4809587	2.420197
8688	-2576.711	-2901.37	324.6597	1.591592	0.4809587	2.003979
8694	-2564.961	-2890.374	325.4134	1.608244	0.4528185	1.49753
8700	-2567.742	-2893.089	325.3478	1.721699	0.5011005	1.397972
8706	-2566.571	-2892.204	325.6329	1.831426	0.4206498	1.190816
8712	-2572.597	-2897.529	324.9324	1.565472	0.4018313	1.934457
8718	-2573.015	-2897.807	324.7913	1.417439	0.5725642	1.934457
8724	-2569.157	-2893.351	324.1947	1.349519	0.5085415	2.431165
8730	-2567.448	-2893.111	325.663	1.801435	0.4847925	1.08938
8736	-2573.949	-2899.414	325.4652	1.809079	0.4847925	1.255368
8742	-2562.684	-2887.815	325.1306	1.617424	0.4062546	1.757021
8748	-2568.531	-2893.064	324.533	1.512387	0.8405359	1.80792
8754	-2579.177	-2903.706	324.5287	1.384168	0.5686019	2.134604
8760	-2581.272	-2905.245	323.9729	1.313573	0.67019	2.443011
8766	-2575.129	-2899.866	324.7374	1.589074	0.5137202	1.917029
8772	-2554.557	-2879.524	324.9667	1.526935	0.4462359	1.881557
8778	-2563.28	-2888.411	325.131	1.533971	0.4191657	1.797884
8784	-2564.022	-2889	324.9783	1.501336	0.3777531	1.978399
8790	-2571.453	-2896.141	324.6876	1.495361	0.5466226	1.978399
8796	-2580.058	-2904.903	324.8449	1.688174	0.5867939	1.69587
8802	-2564.987	-2889.754	324.7665	1.518835	0.4466367	2.021087
8808	-2566.886	-2890.936	324.0501	1.314343	0.5724056	2.481173
8814	-2573.607	-2898.706	325.0989	1.652453	0.4037807	1.758007
8820	-2570.62	-2895.869	325.2495	1.56334	0.4182597	1.695461
8826	-2567.667	-2892.867	325.2	1.653788	0.517266	1.541492
8832	-2567.104	-2892.437	325.3327	1.686292	0.4217734	1.541492
8838	-2571.015	-2896.46	325.4448	1.70701	0.5405126	1.281711
8844	-2583.009	-2908.213	325.2047	1.764285	0.4122651	1.591323
8850	-2569.539	-2894.996	325.4574	1.831259	0.5354228	1.172964
8856	-2583.359	-2908.702	325.3433	1.577279	0.4619618	1.560725
8862	-2567.195	-2892.601	325.4055	1.558476	0.4619618	1.528639
8868	-2560.995	-2886.102	325.1073	1.664235	0.5941872	1.514778
8874	-2564.945	-2890.073	325.1281	1.707069	0.5518304	1.514778
8880	-2559.211	-2884.174	324.9628	1.510473	0.6118086	1.712464
8886	-2555.202	-2880.342	325.1396	1.629723	0.5583428	1.556145
8892	-2565.614	-2891.177	325.5631	1.729805	0.3882878	1.381937
8898	-2556.118	-2881.915	325.7969	1.785433	0.451373	1.032593
8904	-2539.489	-2864.674	325.1843	1.793774	0.5974732	1.352382
8910	-2543.403	-2868.813	325.4104	1.648511	0.3819166	1.568541
8916	-2564.14	-2889.655	325.5146	1.745845	0.3389501	1.484755
8922	-2566.163	-2891.448	325.2846	1.700576	0.6447836	1.292695
8928	-2556.697	-2882.094	325.397	1.691712	0.4646469	1.430863
8934	-2576.228	-2901.632	325.404	1.620321	0.5006022	1.433515
8940	-2559.058	-2884.648	325.5897	1.783139	0.4277392	1.25706
8946	-2562.106	-2887.831	325.7246	1.624195	0.4409674	1.25706
8952	-2571.38	-2896.805	325.4247	1.684501	0.6017219	1.240633
8958	-2586.444	-2911.681	325.2365	1.762748	0.6737193	1.248687
8964	-2567.923	-2893.418	325.495	1.823214	0.5733324	1.094316
8970	-2574.85	-2899.473	324.6224	1.42071	0.5545051	2.063247
8976	-2581.11	-2906.167	325.0572	1.638452	0.5624144	1.605493
8982	-2569.142	-2894.791	325.6486	1.855969	0.4141466	1.166492
8988	-2571.867	-2897.536	325.6689	1.948554	0.4295184	1.036832
8994	-2566.905	-2892.439	325.5342	1.702593	0.5109306	1.250514
9000	-2565.66	-2890.569	324.9092	1.75717	0.6973309	1.486818
9006	-2555.002	-2880.465	325.4636	1.720468	0.3776821	1.481715
9012	-2544.216	-2869.801	325.5858	1.828659	0.4434051	1.197921
9018	-2554.889	-2880.521	325.6322	1.917136	0.4229319	1.111899
9024	-2547.42	-2873.012	325.5919	1.694105	0.4678723	1.269626
9030	-2563.026	-2888.43	325.4036	1.699181	0.4787395	1.401205
9036	-2572.342	-2897.769	325.4274	1.703965	0.4622113	1.401205
9042	-2557.903	-2883.355	325.4515	1.745534	0.5411347	1.243438
9048	-2560.526	-2885.815	325.2889	1.59768	0.5807588	1.442837
9054	-2558.226	-2883.386	325.1594	1.714321	0.6068231	1.423356
9060	-2557.876	-2883.316	325.4398	1.657461	0.4510616	1.4426
9066	-2555.391	-2880.509	325.1173	1.714314	0.6581813	1.40032
9072	-2560.558	-2885.691	325.1332	1.567666	0.5870524	1.574769
9078	-2575.041	-2900.34	325.2991	1.584696	0.4721189	1.574769
9084	-2566.361	-2891.474	325.1124	1.546335	0.4925238	1.711682
9090	-2559.567	-2884.667	325.0996	1.559185	0.4925238	1.711682
9096	-2556.554	-2881.516	324.9626	1.500598	0.5278302	1.80806
9102	-2571.609	-2896.857	325.2471	1.669815	0.4948852	1.521816
9108	-2566.388	-2891.635	325.2476	1.591162	0.5326337	1.534421
9114	-2577.768	-2903.024	325.2559	1.62711	0.5326337	1.501421
9120	-2565.489	-2890.648	325.1595	1.599946	0.4887914	1.644435
9126	-2544.211	-2869.507	325.2961	1.530125	0.3952415	1.71702
9132	-2560.042	-2885.342	325.2997	1.601107	0.4004418	1.656866
9138	-2567.505	-2892.506	325.0002	1.553091	0.6841795	1.583506
9144	-2557.001	-2882.389	325.3889	1.670263	0.46728	1.44997
9150	-2563.638	-2888.978	325.3402	1.641572	0.5029654	1.463036
9156	-2567.078	-2892.356	325.2781	1.541527	0.4120538	1.698894
9162	-2564.215	-2889.209	324.9948	1.567567	0.5644352	1.698894
9168	-2578.863	-2903.659	324.796	1.509108	0.5327222	1.91088
9174	-2563.516	-2888.27	324.7537	1.428265	0.6287987	1.897284
9180	-2566.989	-2892.66	325.6705	1.7842	0.3935795	1.24276
9186	-2570.439	-2895.716	325.2771	1.606161	0.4660529	1.582832
9192	-2564.362	-2889.708	325.3458	1.669333	0.6208171	1.295633
9198	-2564.689	-2890.279	325.5899	1.701241	0.5138782	1.200575
9204	-2568.928	-2894.28	325.3525	1.698689	0.5318357	1.373416
9210	-2571.008	-2896.608	325.6009	1.842076	0.5147304	1.063191
9216	-2551.288	-2876.697	325.4089	1.80552	0.5147304	1.263972
9222	-2562.258	-2887.596	325.3381	1.782635	0.5591994	1.283482
9228	-2566.443	-2891.898	325.4552	1.785699	0.4563608	1.322746
9234	-2568.617	-2894.022	325.4046	1.654046	0.5486557	1.346661
9240	-2561.763	-2887.141	325.3774	1.582826	0.4556244	1.539636
9246	-2576.807	-2901.874	325.0675	1.718694	0.6247607	1.470719
9252	-2571.108	-2896.171	325.0629	1.592093	0.6170333	1.576529
9258	-2565.467	-2890.185	324.7184	1.504699	0.4972169	2.00454
9264	-2579.943	-2904.746	324.8037	1.350041	0.3510962	2.228142
9270	-2570.254	-2895.564	325.3099	1.736656	0.5866273	1.310343
9276	-2573.003	-2898.036	325.0323	1.659543	0.546106	1.626397
9282	-2566.505	-2891.644	325.1387	1.733611	0.5777984	1.457108
9288	-2570.017	-2895.348	325.3317	1.678001	0.5052531	1.438813
9294	-2561.448	-2886.2	324.7518	1.532856	0.5366961	1.92048
9300	-2579.785	-2904.706	324.9215	1.712386	0.6189926	1.589915
9306	-2584.894	-2910.504	325.6099	1.572449	0.3824419	1.475825
9312	-2575.439	-2900.925	325.4857	1.79823	0.5447657	1.164289
9318	-2590.316	-2915.888	325.5717	1.869009	0.5778286	0.9687245
9324	-2573.317	-2898.893	325.5762	1.872296	0.490669	1.094949
9330	-2554.771	-2880.448	325.6767	1.865646	0.4967425	0.9952642
9336	-2551.81	-2877.279	325.4696	1.890516	0.6105943	1.00192
9342	-2555.123	-2880.45	325.3279	1.698502	0.5408413	1.381707
9348	-2545.719	-2871.016	325.2972	1.812724	0.5950914	1.248076
9354	-2545.941	-2871.357	325.4166	1.714347	0.4827265	1.373873
9360	-2563.971	-2889.339	325.3676	1.703053	0.5903757	1.286218
9366	-2569.824	-2894.935	325.1116	1.715221	0.570804	1.499389
9372	-2566.84	-2892.402	325.5622	2.012319	0.5554293	0.8583048
9378	-2574.425	-2899.75	325.3256	2.053668	0.7306974	0.7975171
9384	-2557.559	-2883.178	325.6182	1.985101	0.4742162	0.9719335
9390	-2559.894	-2885.505	325.6105	1.992781	0.4742162	0.9719335
9396	-2557.297	-2882.977	325.6796	1.92294	0.4875477	0.9490923
9402	-2577.1	-2902.534	325.4337	1.872203	0.5029119	1.20323
9408	-2577.573	-2903.215	325.6424	1.832061	0.4426546	1.146773
9414	-2557.787	-2883.172	325.3851	1.845295	0.5626904	1.186874
9420	-2569.129	-2894.702	325.5725	1.79125	0.4024125	1.30357
9426	-2581.714	-2907.443	325.7289	1.765282	0.432958	1.144855
9432	-2569.561	-2895.044	325.4828	1.821717	0.445689	1.286495
9438	-2566.899	-2892.381	325.4819	1.739313	0.4801669	1.305349
9444	-2576.611	-2902.004	325.3929	1.681904	0.4333274	1.483901
9450	-2559.862	-2885.121	325.2599	1.670154	0.5177681	1.483901
9456	-2545.743	-2871.168	325.4252	1.719866	0.4289883	1.436557
9462	-2561.092	-2886.336	325.244	1.658231	0.4479943	1.592151
9468	-2565.895	-2891.261	325.3654	1.755929	0.6022183	1.229812
9474	-2563.773	-2889.408	325.6353	1.783252	0.4969619	1.112766
9480	-2558.541	-2884.158	325.6169	1.783252	0.5081515	1.112766
9486	-2566.906	-2892.479	325.5728	1.751902	0.5081515	1.179617
9492	-2570.45	-2896.029	325.5789	1.882712	0.5435408	1.000735
9498	-2554.461	-2880.093	325.6321	2.026672	0.548671	0.7616132
9504	-2554.709	-2880.266	325.557	2.209484	0.5393544	0.5709664
9510	-2561.744	-2887.394	325.6496	2.217642	0.4784144	0.5661051
9516	-2554.507	-2880.277	325.77	2.136297	0.4416857	0.6405393
9522	-2548.109	-2873.867	325.7579	2.089192	0.4340115	0.7674979
9528	-2565.102	-2890.955	325.8532	1.916412	0.3729994	0.9940878
9534	-2558.247	-2884.048	325.8019	1.916412	0.3729994	1.04449
9540	-2562.796	-2888.401	325.6045	1.916412	0.4593286	1.077621
9546	-2556.112	-2881.971	325.8591	1.916412	0.3736053	0.9868535
9552	-2556.695	-2882.348	325.6532	1.884205	0.4792586	1.029167
9558	-2557.743	-2883.394	325.6506	1.891806	0.5126084	0.9686504
9564	-2549.633	-2875.236	325.6033	1.87342	0.4207495	1.179952
9570	-2560.658	-2886.157	325.4993	1.838397	0.4512725	1.250893
9576	-2560.501	-2886.102	325.6005	1.750218	0.4512725	1.240012
9582	-2556.985	-2882.549	325.5631	1.869474	0.4512725	1.170045
9588	-2555.443	-2880.943	325.4999	1.625696	0.462984	1.404581
9594	-2560.646	-2886.042	325.3964	1.564523	0.4857511	1.500383
9600	-2563.45	-2888.908	325.4581	1.826421	0.4538898	1.290958
9606	-2559.478	-2885.085	325.6068	1.750111	0.414196	1.290958
9612	-2558.495	-2883.906	325.4107	1.754923	0.3879713	1.480245
9618	-2574.531	-2900.079	325.548	1.672459	0.3879713	1.43849
9624	-2566.613	-2891.489	324.8765	1.462157	0.4472082	1.984906
9630	-2560.198	-2884.811	324.6127	1.374829	0.4893781	2.168106
9636	-2556.308	-2880.803	324.4957	1.307537	0.517379	2.257368
9642	-2555.712	-2880.512	324.8007	1.600323	0.4812057	1.903052
9648	-2560.637	-2885.87	325.2324	1.600323	0.4812057	1.600695
9654	-2579.785	-2905.028	325.2427	1.53628	0.4660535	1.658217
9660	-2583.925	-2908.838	324.9129	1.436417	0.4538294	1.969877
9666	-2577.296	-2902.249	324.9535	1.591746	0.503515	1.778461
9672	-2568.229	-2893.82	325.591	2.079518	0.4538572	0.9385859
9678	-2560.897	-2886.557	325.6599	2.079518	0.4240561	0.922447
9684	-2563.287	-2889.054	325.7669	1.845453	0.4260116	1.047946
9690	-2570.029	-2895.446	325.4176	2.013963	0.6562614	0.8549079
9696	-2572.446	-2898.045	325.5988	1.936569	0.499828	0.9970746
9702	-2579.36	-2904.681	325.3201	1.706202	0.4682507	1.473646
9708	-2572.57	-2897.904	325.3336	1.677121	0.4649817	1.489718
9714	-2564.477	-2890.142	325.6653	1.790232	0.4846652	1.097835
9720	-2567.105	-2892.462	325.357	1.702527	0.5073496	1.397679
9726	-2598.41	-2923.985	325.5754	1.789871	0.4692707	1.201039
9732	-2579.437	-2905.111	325.6736	2.036427	0.5081784	0.7803199
9738	-2571.824	-2897.553	325.7286	1.999394	0.4838031	0.8108087
9744	-2564.813	-2890.609	325.7956	1.823338	0.4867142	0.9330588
9750	-2575.311	-2900.82	325.5085	1.939639	0.5404753	1.018728
9756	-2566.963	-2892.658	325.6951	1.832014	0.481651	1.035205
9762	-2563.464	-2889.19	325.725	1.920264	0.4709167	0.933684
9768	-2576.049	-2901.81	325.7601	1.680713	0.3791579	1.277883
9774	-2557.317	-2882.925	325.6071	2.002248	0.5498163	0.8260372
9780	-2578.717	-2904.029	325.312	1.641851	0.4581348	1.541059
9786	-2565.101	-2890.594	325.4927	1.860189	0.502265	1.163472
9792	-2568.381	-2894.185	325.804	2.032811	0.4126642	0.8340036
9798	-2571.077	-2896.738	325.661	1.9411	0.5420816	0.8499662
9804	-2564.875	-2890.43	325.5547	1.789413	0.4310447	1.275804
9810	-2578.485	-2903.676	325.1915	1.70785	0.5811087	1.432614
9816	-2557.615	-2882.958	325.343	1.804952	0.5338814	1.293398
9822	-2554.817	-2880.23	325.4137	2.006593	0.6646642	0.8547161
9828	-2556.032	-2881.751	325.7188	1.962073	0.4875314	0.8615936
9834	-2556.814	-2882.41	325.5963	1.921633	0.4875314	1.034448
9840	-2556.789	-2882.498	325.7087	1.904692	0.3027987	1.270858
9846	-2565.681	-2891.05	325.3683	1.779778	0.5248305	1.304957
9852	-2556.149	-2881.422	325.2729	1.51042	0.5997116	1.499932
9858	-2560.659	-2885.613	324.9538	1.668765	0.6274372	1.589405
9864	-2566.036	-2891.404	325.3681	1.731485	0.5020961	1.373107
9870	-2565.998	-2891.413	325.415	1.765813	0.471488	1.349716
9876	-2565.83	-2891.282	325.4522	1.686987	0.5355577	1.298348
9882	-2557.002	-2882.309	325.3074	1.807674	0.5030385	1.359689
9888	-2571.332	-2896.828	325.496	1.884623	0.4971477	1.146523
9894	-2572.793	-2898.022	325.2296	1.615053	0.4556052	1.624164
9900	-2588.611	-2913.873	325.2618	1.717536	0.5093525	1.456935
9906	-2578.916	-2904.511	325.5956	1.746918	0.4941778	1.184225
9912	-2578.343	-2903.933	325.5899	1.867545	0.4427255	1.16171
9918	-2568.279	-2893.659	325.3803	1.736643	0.538993	1.312003
9924	-2558.312	-2883.696	325.3836	1.572265	0.4209206	1.589027
9930	-2556.357	-2881.678	325.3215	1.612192	0.36596	1.682192
9936	-2559.652	-2884.502	324.8494	1.416323	0.5272104	1.943367
9942	-2568.34	-2893.794	325.4544	1.779643	0.5662429	1.178992
9948	-2555.113	-2880.616	325.5033	1.760536	0.4859442	1.262471
9954	-2560.328	-2885.893	325.5651	1.935332	0.522821	0.9945777
9960	-2566.59	-2891.947	325.3578	1.758225	0.6232313	1.208799
9966	-2570.976	-2896.644	325.6677	1.774331	0.4213515	1.208799
9972	-2564.725	-2890.072	325.3473	1.742567	0.4705734	1.422046
9978	-2571.411	-2896.426	325.0147	1.556148	0.4912057	1.774816
9984	-2593.753	-2919.014	325.261	1.643496	0.5722015	1.438931
9990	-2573.274	-2898.58	325.3059	1.706574	0.5275211	1.408941
9996	-2564.026	-2889.126	325.0995	1.599712	0.6793202	1.479909
10002	-2566.488	-2891.443	324.9545	1.546165	0.4055305	1.927788
10008	-2562.312	-2887.653	325.341	1.691591	0.5515546	1.363782
10014	-2547.915	-2873.321	325.406	1.678638	0.5515546	1.322304
10020	-2576.009	-2901.213	325.204	1.637721	0.5785838	1.479374
10026	-2572.459	-2897.845	325.3863	1.853903	0.4623146	1.31488
10032	-2548.378	-2873.456	325.0782	1.620424	0.494091	1.681585
10038	-2564.026	-2889.324	325.2976	1.626849	0.3992711	1.641536
10044	-2580.791	-2906.533	325.742	1.812925	0.4032362	1.140295
10050	-2571.338	-2896.914	325.5764	1.877686	0.4581932	1.140295
10056	-2569.482	-2895.076	325.5933	1.814374	0.4581932	1.181126
10062	-2576.369	-2901.665	325.2963	1.939927	0.6149541	1.113582
10068	-2562.98	-2888.588	325.6082	1.903596	0.5349533	0.9633184
10074	-2575.805	-2899.643	323.8384	1.338814	0.6098187	2.563681
10080	-2573.447	-2897.635	324.1883	1.444937	0.6094657	2.27651
10086	-2570.436	-2895.496	325.0597	1.58165	0.4431225	1.783779
10092	-2553.31	-2878.923	325.6128	1.569573	0.338324	1.544058
10098	-2556.352	-2881.165	324.8133	1.487468	0.4826071	1.969034
10104	-2551.177	-2875.908	324.7303	1.449869	0.5412175	1.985942
10110	-2556.275	-2881.001	324.7264	1.530535	0.4788915	2.002533
10116	-2563.683	-2888.086	324.4029	1.467307	0.6508661	2.085062
10122	-2566.641	-2891.582	324.9401	1.594863	0.4776928	1.815522
10128	-2558.383	-2883.276	324.8932	1.488547	0.4811722	1.916176
10134	-2559.111	-2884.457	325.3462	1.584762	0.4302025	1.594711
10140	-2571.17	-2896.484	325.314	2.030315	0.7727385	0.7741392
10146	-2562.169	-2888.001	325.8315	1.983589	0.4492003	0.7741392
10152	-2585.82	-2911.229	325.4091	1.602075	0.4556934	1.501557
10158	-2565.994	-2891.547	325.5528	1.79561	0.3964866	1.325186
10164	-2559.263	-2884.624	325.361	1.532637	0.4345722	1.615993
10170	-2571.341	-2896.216	324.875	1.708675	0.7213419	1.525526
10176	-2576.571	-2901.427	324.8564	1.39093	0.578592	1.90227
10182	-2563.768	-2888.751	324.9832	1.436412	0.4557941	1.920279
10188	-2575.784	-2900.778	324.9942	1.36377	0.4622107	1.954223
10194	-2562.969	-2887.116	324.147	1.379642	0.4719417	2.480724
10200	-2563.87	-2888.059	324.1893	1.318882	0.4556506	2.509976
10206	-2571.836	-2896.194	324.3578	1.427105	0.4470234	2.345365
10212	-2564.036	-2888.257	324.2202	1.433312	0.548116	2.322071
10218	-2561.765	-2886.89	325.125	1.542878	0.4352928	1.775192
10224	-2569.578	-2894.422	324.844	1.593939	0.5489096	1.80263
10230	-2573.264	-2898.355	325.0907	1.623291	0.380163	1.815981
10236	-2575.574	-2900.641	325.0668	1.516399	0.556356	1.692857
10242	-2570.145	-2895.34	325.1955	1.621703	0.5422216	1.539245
10248	-2585.92	-2910.992	325.0721	1.546129	0.3807247	1.880851
10254	-2577.32	-2902.391	325.0702	1.557406	0.5102194	1.713022
10260	-2558.146	-2883.383	325.2371	1.557406	0.3824497	1.756933
10266	-2556.397	-2881.57	325.1733	1.555599	0.4685916	1.69081
10272	-2556.174	-2881.479	325.3057	1.592036	0.4685916	1.569024
10278	-2566.31	-2891.253	324.943	1.592036	0.5225132	1.764036
10284	-2560.481	-2885.338	324.8574	1.455805	0.5828913	1.85304
10290	-2564.26	-2889.412	325.152	1.646708	0.4760442	1.631694
10296	-2563.344	-2887.96	324.6159	1.534929	0.5565744	1.989664
10302	-2574.796	-2900.301	325.5055	1.993363	0.5615583	0.9333373
10308	-2589.802	-2915.31	325.5082	2.105653	0.5577658	0.8043976
10314	-2572.069	-2897.544	325.4748	1.672276	0.3361858	1.573432
10320	-2581.797	-2907.336	325.5391	1.754027	0.3352665	1.46601
10326	-2563.239	-2888.777	325.5378	1.699209	0.4869702	1.283102
10332	-2568.329	-2894.106	325.7776	1.997191	0.4136481	0.9048226
10338	-2564.397	-2890.015	325.6187	2.026556	0.5506846	0.7764737
10344	-2571.176	-2896.546	325.3704	2.004474	0.7375084	0.7919314
10350	-2567.341	-2892.99	325.6484	2.004474	0.5379486	0.7933693
10356	-2551.082	-2876.674	325.5921	2.133319	0.5494593	0.6431808
10362	-2558.284	-2883.783	325.4998	2.163938	0.5838415	0.66366
10368	-2550.475	-2875.931	325.4565	2.157606	0.6025735	0.7049021
10374	-2556.45	-2881.93	325.4793	2.174358	0.6025735	0.6247779
10380	-2574.885	-2900.402	325.5162	2.140909	0.6025735	0.6159498
10386	-2555.831	-2881.251	325.4197	2.245935	0.6025735	0.5909731
10392	-2561.837	-2887.41	325.5726	2.217643	0.5243227	0.5709879
10398	-2553.853	-2879.498	325.645	2.295686	0.4313382	0.6002373
10404	-2555.877	-2881.472	325.5951	2.295686	0.4430647	0.6681773
10410	-2561.388	-2886.881	325.4929	2.282965	0.5248141	0.6146319
10416	-2564.057	-2889.577	325.52	2.224769	0.5248141	0.6827509
10422	-2558.15	-2883.523	325.3737	2.282605	0.6003384	0.6262565
10428	-2550.104	-2875.383	325.2788	2.220581	0.6520571	0.7744075
10434	-2552.211	-2877.796	325.5853	2.220581	0.5021943	0.6314792
10440	-2559.514	-2884.855	325.3405	2.290849	0.636538	0.5202801
10446	-2552.653	-2878.131	325.478	2.322926	0.5220091	0.5343237
10452	-2553.019	-2878.48	325.4615	2.179778	0.5768643	0.722717
10458	-2557.831	-2882.971	325.14	2.231795	0.8132134	0.645533
10464	-2540.305	-2865.864	325.5586	2.254778	0.5100795	0.5705432
10470	-2546.87	-2872.275	325.4041	2.254778	0.604144	0.6045846
10476	-2552.9	-2878.502	325.6026	2.184943	0.5221277	0.5931271
10482	-2558.215	-2883.621	325.4061	2.184943	0.6551494	0.5931271
10488	-2561.072	-2886.329	325.2568	2.259209	0.711335	0.5950763
10494	-2561.986	-2887.371	325.3846	2.293318	0.6024588	0.5377416
10500	-2581.365	-2906.958	325.5937	1.854107	0.4976838	1.084779
10506	-2571.062	-2896.661	325.5994	1.870707	0.4843686	1.084779
10512	-2557.395	-2883.023	325.6277	1.870707	0.4678617	1.084779
10518	-2563.661	-2889.168	325.5076	1.89692	0.5772358	1.006373
10524	-2560.619	-2886.264	325.6453	2.003819	0.4635599	0.9432066
10530	-2560.984	-2886.368	325.3837	1.864751	0.5509524	1.18677
10536	-2564.702	-2890.145	325.4427	1.828499	0.4501627	1.307092
10542	-2555.696	-2880.984	325.2884	1.734663	0.5282459	1.399807
10548	-2567.395	-2892.757	325.3626	1.757959	0.5479203	1.297828
10554	-2576.31	-2901.972	325.6628	1.808388	0.3591727	1.286296
10560	-2569.698	-2895.482	325.7841	1.919086	0.4745551	0.8612147
10566	-2552.998	-2878.606	325.6086	2.003227	0.4947203	0.9263112
10572	-2573.618	-2899.143	325.5248	2.101266	0.5740645	0.7527514
10578	-2561.994	-2887.597	325.6026	2.153505	0.5024813	0.725643
10584	-2554.532	-2880.067	325.5355	2.295495	0.5024813	0.5456385
10590	-2576.366	-2901.541	325.1752	1.722541	0.6180215	1.392318
10596	-2573.331	-2898.698	325.3668	1.690527	0.5054752	1.401831
10602	-2571.878	-2897.242	325.364	1.622256	0.5054752	1.456499
10608	-2586.567	-2911.898	325.3307	1.728448	0.4353953	1.492854
10614	-2566.328	-2892.039	325.7109	2.072635	0.4873734	0.7220553
10620	-2573.87	-2899.407	325.5371	1.628902	0.4784803	1.351966
10626	-2550.358	-2875.408	325.05	1.654303	0.5314868	1.633948
10632	-2562.157	-2886.759	324.6021	1.452403	0.5199579	2.091506
10638	-2570.629	-2895.305	324.6758	1.481676	0.6971445	1.850914
10644	-2567.276	-2892.858	325.5822	1.869609	0.5379209	1.019134
10650	-2558.621	-2884.288	325.6667	1.871173	0.5129968	0.9726481
10656	-2568.144	-2893.686	325.5421	1.873993	0.4611872	1.169169
10662	-2562.339	-2887.825	325.4859	1.916881	0.5764984	1.009172
10668	-2565.606	-2890.923	325.3172	1.937186	0.5332503	1.205432
10674	-2552.441	-2877.458	325.0175	1.543012	0.4652679	1.812703
10680	-2558.286	-2883.569	325.283	1.580755	0.4502273	1.617227
10686	-2563.01	-2887.999	324.9888	1.666538	0.6404749	1.552002
10692	-2560.948	-2886.279	325.331	1.724773	0.5043574	1.404408
10698	-2561.127	-2886.381	325.2544	1.563286	0.5040111	1.583877
10704	-2567.382	-2892.707	325.3246	1.575865	0.4805117	1.551975
10710	-2568.216	-2892.906	324.6899	1.558208	0.532064	1.950014
10716	-2568.887	-2894.397	325.5095	1.741962	0.3599971	1.457889
10722	-2579.739	-2904.972	325.2323	1.578572	0.4220877	1.691757
10728	-2568.532	-2893.877	325.345	1.550023	0.4220877	1.6316
10734	-2575.868	-2901.377	325.5092	1.947869	0.6121879	0.8969071
10740	-2568.377	-2893.951	325.5739	2.148207	0.5205084	0.7330389
10746	-2559.05	-2884.759	325.7085	2.157376	0.4618838	0.6506931
10752	-2556.427	-2882.157	325.7301	2.150246	0.4589747	0.629179
10758	-2565.392	-2890.899	325.5067	2.23211	0.5444743	0.6299094
10764	-2563.926	-2889.435	325.5092	2.184107	0.5882347	0.5664685
10770	-2560.122	-2885.86	325.7378	2.120952	0.4643863	0.6564884
10776	-2563.909	-2889.466	325.5571	2.087883	0.5945813	0.6694332
10782	-2561.063	-2886.845	325.7824	2.108088	0.4166286	0.7509981
10788	-2551.523	-2877.26	325.7366	2.008888	0.4110974	0.9420621
10794	-2565.425	-2890.909	325.4837	1.823237	0.6135335	1.049664
10800	-2567.028	-2892.548	325.5194	1.817204	0.3644995	1.385108
10806	-2583.361	-2909.022	325.6615	1.83789	0.430373	1.144442
10812	-2556.873	-2882.33	325.457	2.206487	0.5961817	0.6233738
10818	-2553.603	-2879.316	325.7135	2.206487	0.4315619	0.6509901
10824	-2563.866	-2889.433	325.5668	1.864948	0.4002418	1.251147
10830	-2566.266	-2891.902	325.6365	1.699228	0.4763223	1.215841
10836	-2550.319	-2875.838	325.5191	1.669582	0.4375233	1.390768
10842	-2552.179	-2877.805	325.6252	1.668837	0.3905683	1.377533
10848	-2559.589	-2885.186	325.5973	1.772338	0.3921324	1.314942
10854	-2574.417	-2900.172	325.7545	1.879037	0.336936	1.189493
10860	-2571.812	-2897.394	325.5828	1.932841	0.5213699	0.9815227
10866	-2580.558	-2906.107	325.5491	1.98951	0.5072348	0.9815227
10872	-2557.209	-2882.255	325.0452	1.528498	0.4207616	1.858604
10878	-2558.67	-2883.822	325.1526	1.461703	0.3993529	1.858604
10884	-2562.922	-2887.981	325.0594	1.747685	0.4417938	1.668803
10890	-2563.295	-2888.347	325.0524	1.681139	0.483941	1.668803
10896	-2562.306	-2887.383	325.0776	1.660963	0.4244849	1.73965
10902	-2554.698	-2879.828	325.1296	1.660963	0.5557466	1.543445
10908	-2554.349	-2879.995	325.6451	1.70956	0.3872312	1.334691
10914	-2571.262	-2897.007	325.7448	1.766524	0.3249252	1.313248
10920	-2547.634	-2873.117	325.4823	1.766524	0.536086	1.20637
10926	-2559.092	-2884.372	325.2808	1.705873	0.5148234	1.444488
10932	-2559.992	-2885.211	325.2197	1.563074	0.5208358	1.589384
10938	-2553.732	-2878.211	324.4795	1.449107	0.5208358	2.172832
10944	-2552.207	-2877.365	325.1586	1.59559	0.4035175	1.756379
10950	-2557.864	-2883.082	325.2176	1.544736	0.5504953	1.570195
10956	-2569.298	-2894.626	325.3277	1.642063	0.3996521	1.608251
10962	-2587.499	-2912.924	325.4243	1.634936	0.3550417	1.608251
10968	-2552.027	-2877.314	325.2869	1.593722	0.5012474	1.540983
10974	-2561.27	-2886.204	324.9341	1.685103	0.5411293	1.684029
10980	-2560.957	-2886.019	325.0613	1.575902	0.537696	1.675039
10986	-2566.007	-2891.284	325.2767	1.652033	0.6236937	1.361648
10992	-2575.751	-2901.379	325.628	1.717118	0.4034183	1.317061
10998	-2576.746	-2902.545	325.7981	1.917211	0.3864358	1.021373
11004	-2582.189	-2908.047	325.8575	1.975111	0.3676531	0.9401139
11010	-2592.056	-2917.611	325.5558	1.844944	0.4378243	1.218177
11016	-2568.422	-2893.542	325.1202	1.668824	0.4951556	1.615387
11022	-2573.439	-2898.57	325.1314	1.643435	0.4951556	1.625686
11028	-2560.405	-2885.171	324.7658	1.476894	0.4913528	1.998015
11034	-2556.551	-2880.994	324.4431	1.407953	0.5119442	2.232301
11040	-2559.629	-2884.17	324.5418	1.364773	0.487133	2.222986
11046	-2576.559	-2901.278	324.719	1.423906	0.4046426	2.165706
11052	-2559.298	-2884.485	325.1876	1.676207	0.446676	1.621801
11058	-2565.846	-2891.04	325.1939	1.634624	0.5229556	1.553378
11064	-2572.948	-2898.421	325.4732	1.615981	0.4472092	1.454016
11070	-2553.059	-2878.57	325.5107	1.78864	0.4846035	1.234754
11076	-2564.125	-2889.505	325.3794	1.813982	0.5649581	1.215579
11082	-2556.742	-2882.264	325.5219	1.804815	0.5217173	1.158727
11088	-2563.301	-2888.607	325.3058	1.790764	0.5976102	1.256132
11094	-2568.686	-2894.135	325.4489	1.886416	0.5976102	1.044558
11100	-2567.862	-2893.518	325.6566	1.784181	0.3925979	1.255993
11106	-2560.793	-2886.464	325.6708	1.721282	0.4576185	1.195422
11112	-2574.519	-2899.819	325.2992	1.625989	0.5638729	1.432671
11118	-2560.373	-2885.664	325.2912	1.66821	0.5062931	1.47582
11124	-2569.548	-2894.916	325.3685	1.629054	0.5062931	1.446795
11130	-2577.121	-2902.485	325.3634	1.716027	0.5025232	1.388397
11136	-2550.732	-2876.147	325.4147	1.775432	0.4559722	1.363714
11142	-2568.076	-2893.499	325.4232	1.776348	0.5338811	1.250872
11148	-2578.652	-2903.945	325.2928	1.691834	0.5498366	1.403399
11154	-2555.397	-2880.838	325.4402	1.773122	0.5513936	1.216299
11160	-2550.078	-2875.575	325.4968	1.87216	0.5636973	1.060555
11166	-2575.992	-2901.647	325.6553	1.731671	0.4289903	1.243358
11172	-2576.048	-2901.427	325.3792	1.780756	0.5079981	1.317381
11178	-2575.67	-2901.378	325.7081	1.780756	0.4572449	1.110581
11184	-2562.338	-2888.072	325.7346	1.780756	0.3449319	1.274601
11190	-2555.42	-2881.11	325.6905	1.826058	0.4228012	1.141574
11196	-2559.879	-2885.475	325.5957	1.887507	0.4643407	1.104407
11202	-2558.608	-2884.152	325.5446	1.67714	0.4643407	1.32685
11208	-2568.632	-2893.806	325.1738	1.651618	0.7249143	1.336144
11214	-2564.828	-2889.98	325.152	1.659738	0.5897117	1.489534
11220	-2548.442	-2873.846	325.4044	1.793347	0.6181111	1.144071
11226	-2559.977	-2885.45	325.4731	1.81635	0.4739737	1.258058
11232	-2575.878	-2901.414	325.5351	1.872353	0.5902688	0.9839138
11238	-2557.69	-2883.29	325.6003	1.884637	0.4545023	1.118484
11244	-2574.659	-2900.258	325.5984	1.80291	0.4545023	1.192231
11250	-2581.684	-2907.31	325.6261	2.234626	0.4807331	0.5765136
11256	-2569.295	-2894.976	325.6806	2.234626	0.4224208	0.6930613
11262	-2563.976	-2889.672	325.6957	2.16673	0.4265577	0.7651097
11268	-2558.026	-2883.615	325.5893	2.041641	0.5575991	0.7816213
11274	-2555.961	-2881.592	325.6315	2.041374	0.5103238	0.8250084
11280	-2560.606	-2886.499	325.8921	1.995837	0.3898017	0.8250084
11286	-2560.468	-2886.152	325.6836	2.061309	0.4686514	0.8223069
11292	-2557.656	-2883.321	325.6648	2.076156	0.4686514	0.8273118
11298	-2580.303	-2905.499	325.1954	1.930815	0.6864303	1.12428
11304	-2566.733	-2892.063	325.3299	2.005341	0.6864303	0.9189895
11310	-2556.158	-2881.687	325.5286	1.863923	0.5322146	1.084246
11316	-2558.383	-2884.014	325.631	1.665986	0.4733431	1.25274
11322	-2555.735	-2881.189	325.4537	1.776117	0.549941	1.204172
11328	-2557.312	-2882.587	325.2749	1.776117	0.6718806	1.207132
11334	-2566.943	-2892.376	325.4329	1.657399	0.5288412	1.346219
11340	-2570.906	-2896.397	325.4912	1.746083	0.4418843	1.346219
11346	-2573.265	-2898.687	325.4214	1.807044	0.4468392	1.346219
11352	-2580.046	-2905.44	325.3945	1.82035	0.4157603	1.401604
11358	-2559.132	-2884.645	325.5126	1.690168	0.3770708	1.468487
11364	-2571.624	-2896.764	325.1394	1.684797	0.6650507	1.398784
11370	-2582.454	-2907.424	324.9697	1.681715	0.5350591	1.667867
11376	-2584.32	-2909.377	325.0574	1.709581	0.4652265	1.667867
11382	-2571.009	-2896.365	325.3562	1.740772	0.4606031	1.429947
11388	-2581.663	-2906.857	325.1944	1.596925	0.6595715	1.429947
11394	-2576.332	-2901.493	325.1608	1.798147	0.6611944	1.29583
11400	-2571.933	-2897.14	325.2063	1.580826	0.4502472	1.672274
11406	-2563.688	-2888.497	324.8091	1.571635	0.6421845	1.747459
11412	-2580.999	-2906.497	325.4979	1.655117	0.4737082	1.368678
11418	-2573.613	-2899.007	325.3942	1.65225	0.4047878	1.544868
11424	-2563.116	-2888.672	325.5561	1.879691	0.4505902	1.168345
11430	-2573.672	-2899.197	325.5251	1.877467	0.4768048	1.157377
11436	-2570.865	-2896.419	325.5534	1.768916	0.5253848	1.157377
11442	-2578.556	-2903.855	325.2988	1.701162	0.5392036	1.404319
11448	-2563.13	-2888.55	325.4194	1.607302	0.5175139	1.410365
11454	-2566.49	-2891.981	325.4915	1.822253	0.5386264	1.146487
11460	-2574.695	-2900.183	325.4885	1.784747	0.5238468	1.202127
11466	-2573.914	-2899.251	325.3371	1.705441	0.5977513	1.300321
11472	-2559.742	-2884.967	325.2255	1.560385	0.5020732	1.609382
11478	-2554.577	-2880.112	325.5351	1.688172	0.4276795	1.377727
11484	-2571.762	-2897.076	325.3137	1.706331	0.45787	1.492079
11490	-2564.94	-2890.642	325.7018	1.90675	0.5017459	0.9170941
11496	-2589.164	-2914.792	325.628	1.986308	0.5276812	0.8625455
11502	-2571.779	-2897.578	325.7989	2.024121	0.4370247	0.793308
11508	-2579.768	-2905.351	325.5829	2.185472	0.5169148	0.6613354
11514	-2562.112	-2887.35	325.2385	1.635206	0.5610932	1.475116
11520	-2567.378	-2892.871	325.4921	1.733556	0.5039637	1.269214
11526	-2562.996	-2888.681	325.6845	1.77582	0.5039637	1.063381
11532	-2565.856	-2891.033	325.177	1.735789	0.6699674	1.323531
11538	-2568.837	-2894.122	325.2851	1.613572	0.5114143	1.515187
11544	-2569.731	-2894.911	325.1797	1.595971	0.5069187	1.611013
11550	-2572.377	-2897.193	324.8161	1.644838	0.545346	1.790556
11556	-2563.255	-2888.308	325.0522	1.597656	0.5586813	1.642722
11562	-2557.765	-2882.783	325.0185	1.510107	0.4466212	1.857194
11568	-2561.598	-2886.553	324.9558	1.540677	0.4648754	1.857194
11574	-2567.666	-2892.878	325.2123	1.710822	0.4365384	1.591957
11580	-2555.182	-2880.412	325.2306	1.632301	0.4705994	1.591957
11586	-2555.667	-2880.803	325.136	1.693979	0.522986	1.552237
11592	-2571.045	-2896.394	325.3484	1.664214	0.4584081	1.496964
11598	-2568.796	-2894.274	325.4784	1.833653	0.4815489	1.228338
11604	-2557.481	-2883.109	325.6275	1.833653	0.4039997	1.220416
11610	-2559.106	-2884.621	325.5157	1.811335	0.430299	1.290892
11616	-2554.176	-2879.699	325.5236	1.727091	0.4534943	1.31893
11622	-2568.452	-2894.012	325.5604	1.807627	0.3626536	1.363402
11628	-2578.711	-2904.327	325.6163	1.738022	0.3626536	1.374155
11634	-2568.524	-2893.71	325.1862	1.764032	0.5087126	1.479775
11640	-2555.3	-2880.82	325.5198	1.801986	0.4065662	1.331026
11646	-2563.075	-2888.579	325.5044	1.871767	0.5003974	1.145707
11652	-2568.914	-2894.591	325.6771	1.826271	0.4274489	1.145707
11658	-2566.234	-2891.554	325.3204	1.782328	0.5960055	1.25299
11664	-2556.61	-2881.887	325.2769	1.613142	0.5353261	1.492979
11670	-2577.843	-2903.253	325.4098	1.693138	0.5353261	1.327906
11676	-2576.247	-2901.589	325.3422	1.723489	0.5353261	1.35763
11682	-2584.779	-2910.246	325.4673	1.687833	0.4417735	1.410851
11688	-2575.262	-2900.443	325.1809	1.805309	0.5241029	1.433466
11694	-2570.329	-2895.802	325.4734	1.705507	0.4239077	1.417727
11700	-2569.311	-2894.478	325.1665	1.650296	0.5902194	1.485188
11706	-2577.01	-2902.252	325.2428	1.594122	0.5844043	1.476433
11712	-2559.594	-2884.279	324.685	1.495556	0.6831381	1.84767
11718	-2553.45	-2878.202	324.7517	1.462011	0.4364127	2.080683
11724	-2566.161	-2891.59	325.4296	1.681086	0.3952886	1.510762
11730	-2591.46	-2916.773	325.3129	1.78918	0.5064871	1.365447
11736	-2586.064	-2911.463	325.3994	1.67305	0.4148643	1.511386
11742	-2565.415	-2890.809	325.3936	1.613878	0.3977282	1.583471
11748	-2573.738	-2898.677	324.9393	1.598915	0.6243971	1.653495
11754	-2574.95	-2899.7	324.7498	1.539903	0.6243971	1.827896
11760	-2568.846	-2893.868	325.0221	1.525565	0.4076835	1.893157
11766	-2568.599	-2893.352	324.7525	1.560531	0.5296482	1.908822
11772	-2563.36	-2888.002	324.6416	1.398973	0.4846122	2.138763
11778	-2564.539	-2889.391	324.8528	1.523728	0.5183903	1.877918
11784	-2573.455	-2898.661	325.2057	1.582051	0.403845	1.73239
11790	-2584.311	-2909.428	325.1175	1.631465	0.5673038	1.561112
11796	-2570.377	-2895.842	325.4656	1.740808	0.4669379	1.335553
11802	-2563.818	-2889.45	325.6315	1.798772	0.4235174	1.215407
11808	-2570.267	-2895.878	325.6117	1.837802	0.457636	1.145255
11814	-2554.235	-2879.499	325.2636	1.675454	0.6015191	1.378501
11820	-2558.601	-2884.019	325.4177	1.759949	0.5901098	1.196965
11826	-2558.943	-2884.524	325.5816	1.79972	0.4648343	1.193865
11832	-2567.169	-2892.586	325.4178	1.84943	0.5337171	1.193865
11838	-2576.658	-2902.331	325.673	1.684771	0.4784721	1.193865
11844	-2571.062	-2896.507	325.445	1.771611	0.636186	1.104084
11850	-2569.295	-2894.739	325.4442	1.688793	0.5235975	1.318728
11856	-2567.982	-2893.278	325.2966	1.782661	0.557932	1.318728
11862	-2557.737	-2883.038	325.3006	1.729055	0.5038897	1.425235
11868	-2553.022	-2878.257	325.2348	1.668438	0.5463345	1.470003
11874	-2575.715	-2901.339	325.6238	1.781861	0.5193942	1.090962
11880	-2579.227	-2904.878	325.651	1.816741	0.4366915	1.162201
11886	-2591.035	-2916.234	325.1997	1.751684	0.4633213	1.536159
11892	-2579.621	-2905.149	325.5282	1.78374	0.5172356	1.177928
11898	-2582.419	-2907.921	325.5023	1.904989	0.4917302	1.130782
11904	-2573.766	-2899.582	325.8159	2.028853	0.3440994	0.9786447
11910	-2560.327	-2886.17	325.8434	1.943272	0.3842956	0.9533779
11916	-2562.319	-2887.923	325.6033	2.026448	0.508774	0.880194
11922	-2574.273	-2899.823	325.5499	2.03568	0.508774	0.929558
11928	-2573.087	-2898.479	325.3917	1.990301	0.6384908	0.9386104
11934	-2553.603	-2878.038	324.4351	1.453525	0.3788771	2.361202
11940	-2551.839	-2876.506	324.6673	1.413952	0.4228036	2.183503
11946	-2559.215	-2884.454	325.2393	1.48846	0.4339344	1.735083
11952	-2549.005	-2873.942	324.9369	1.576654	0.5716073	1.725685
11958	-2563.017	-2888.147	325.1301	1.503555	0.4721067	1.753673
11964	-2562.183	-2887.605	325.4223	1.503555	0.4806199	1.533078
11970	-2570.205	-2895.952	325.7472	1.882802	0.4068339	1.065288
11976	-2560.234	-2885.686	325.4522	1.910607	0.5166806	1.133869
11982	-2562.296	-2887.811	325.5149	1.97025	0.5433892	0.9771357
11988	-2568.441	-2894.192	325.7513	1.97025	0.4386961	0.9126099
11994	-2571.53	-2897.149	325.6195	1.929314	0.4818948	1.013606
12000	-2561.818	-2887.445	325.626	1.845518	0.4677294	1.109646
12006	-2559.493	-2885.177	325.684	1.879666	0.4300817	1.086702
12012	-2576.696	-2901.707	325.0115	1.664918	0.4147301	1.795705
12018	-2571.196	-2896.272	325.076	1.550099	0.5503585	1.668919
12024	-2562.376	-2887.442	325.0657	1.508343	0.4829136	1.782354
12030	-2566.544	-2892.217	325.6732	1.826742	0.4203616	1.160293
12036	-2559.875	-2885.127	325.2517	1.735211	0.5647348	1.383792
12042	-2567.785	-2893.27	325.4852	1.80969	0.4388265	1.304398
12048	-2554.073	-2879.388	325.3156	1.585676	0.4477838	1.593184
12054	-2564.892	-2889.771	324.8791	1.541963	0.5881996	1.773129
12060	-2570.331	-2894.642	324.3108	1.53459	0.6568423	2.095971
12066	-2572.728	-2897.466	324.7375	1.486404	0.588673	1.90803
12072	-2573.078	-2897.751	324.6731	1.402533	0.4528467	2.151727
12078	-2570.543	-2895.367	324.8249	1.443211	0.549576	1.91806
12084	-2560.722	-2885.746	325.0232	1.563869	0.5058106	1.746623
12090	-2568.226	-2893.441	325.2149	1.599959	0.4931337	1.599124
12096	-2569.274	-2894.06	324.7867	1.495735	0.587946	1.868977
12102	-2569.165	-2894.732	325.5666	1.777444	0.4415162	1.260179
12108	-2568.451	-2893.992	325.5411	1.753522	0.4721922	1.256347
12114	-2568.129	-2893.699	325.57	1.635207	0.4124687	1.413923
12120	-2573.279	-2898.787	325.5075	1.59581	0.4772039	1.402839
12126	-2571.729	-2897.187	325.4574	1.65151	0.4739616	1.402839
12132	-2558.108	-2883.699	325.5907	1.680047	0.3859367	1.402839
12138	-2563.888	-2889.43	325.5417	1.608448	0.4503137	1.402839
12144	-2559.865	-2885.451	325.5858	1.893847	0.4793275	1.083856
12150	-2557.514	-2883.092	325.5785	2.126462	0.5271296	0.7432746
12156	-2562.361	-2887.984	325.6233	1.95017	0.5349514	0.896551
12162	-2575.602	-2901.268	325.6656	2.011939	0.4906829	0.8592237
12168	-2571.535	-2897.096	325.5613	2.031965	0.5427781	0.8592237
12174	-2565.59	-2891.173	325.5826	1.807629	0.4686538	1.18041
12180	-2558.656	-2884.274	325.6184	2.00461	0.5339168	0.840089
12186	-2561.139	-2886.781	325.6412	2.00461	0.5339168	0.8111405
12192	-2562.239	-2887.859	325.62	2.044228	0.5223313	0.8111405
12198	-2553.321	-2878.98	325.659	2.079761	0.4772632	0.8111405
12204	-2579.459	-2904.817	325.3583	2.285273	0.6284161	0.4986889
12210	-2552.337	-2877.837	325.4997	2.095761	0.5997786	0.7417196
12216	-2557.536	-2883.376	325.8394	2.110201	0.4048985	0.6907309
12222	-2545.482	-2871.018	325.536	1.88232	0.5739879	0.9973759
12228	-2552.467	-2878.159	325.6921	1.909179	0.4547949	1.008098
12234	-2562.317	-2887.944	325.6269	1.812102	0.5611314	0.9961596
12240	-2549.61	-2875.051	325.4401	1.712058	0.60774	1.196795
12246	-2561.124	-2886.75	325.6262	1.770473	0.3662191	1.334801
12252	-2555.347	-2880.948	325.6009	2.168433	0.5307211	0.6067232
12258	-2559.568	-2885.189	325.6209	2.143398	0.5179442	0.6662441
12264	-2553.683	-2879.217	325.5338	2.017523	0.5891095	0.8243815
12270	-2557.391	-2883.133	325.7422	2.017523	0.4739227	0.7909072
12276	-2553.994	-2879.533	325.5386	2.040982	0.6052629	0.7536865
12282	-2560.791	-2886.501	325.7097	2.040982	0.4760299	0.7982556
12288	-2551.984	-2877.63	325.6463	2.040982	0.5025874	0.8228429
12294	-2569.04	-2894.652	325.6116	2.11903	0.5025874	0.7641211
12300	-2566.55	-2892.033	325.4824	2.11903	0.5853913	0.7641211
12306	-2556.772	-2882.217	325.4455	2.206903	0.6105986	0.5962665
12312	-2560.518	-2886.11	325.592	2.117356	0.5451186	0.6889346
12318	-2579.221	-2904.717	325.4962	2.153546	0.5984863	0.6476917
12324	-2559.8	-2885.356	325.5561	2.229709	0.5301941	0.548121
12330	-2559.397	-2884.882	325.4849	2.310324	0.5231289	0.5575318
12336	-2555.977	-2881.333	325.3559	2.310324	0.6081429	0.5575318
12342	-2565.183	-2889.017	323.8346	1.28652	0.5092105	2.693377
12348	-2575.65	-2899.344	323.6941	1.183811	0.674248	2.693377
12354	-2567.303	-2892.581	325.2782	2.06641	0.7518991	0.8083495
12360	-2560.791	-2886.264	325.4733	2.06641	0.6389904	0.7417317
12366	-2562.455	-2888.111	325.6559	2.063857	0.4774077	0.835119
12372	-2572.211	-2897.079	324.8672	1.544763	0.669247	1.699443
12378	-2567.227	-2892.002	324.7752	1.531617	0.6125691	1.82774
12384	-2553.903	-2879.55	325.6475	2.060927	0.4990676	0.8029485
12390	-2565.003	-2890.544	325.5409	2.084517	0.5675047	0.7681409
12396	-2560.7	-2886.396	325.6958	2.083303	0.4911023	0.7189834
12402	-2576.448	-2901.968	325.5198	2.083303	0.5808698	0.7714282
12408	-2568.056	-2893.588	325.5316	2.044178	0.5994555	0.7714282
12414	-2555.143	-2880.858	325.715	2.103441	0.450774	0.7653828
12420	-2558.505	-2883.844	325.339	2.0031	0.7796825	0.7653828
12426	-2568.314	-2893.926	325.6128	2.150624	0.5059631	0.7040417
12432	-2566.039	-2891.386	325.3467	2.150624	0.6874553	0.7040417
12438	-2567.499	-2893.101	325.6025	2.066219	0.558866	0.7223246
12444	-2557.866	-2883.104	325.2385	1.798794	0.5618867	1.347498
12450	-2558.617	-2884.209	325.5922	1.700289	0.3830058	1.390353
12456	-2575.96	-2901.313	325.3531	1.700289	0.5165243	1.390875
12462	-2577.696	-2903.271	325.5757	1.966184	0.4973729	0.9946601
12468	-2577.16	-2902.833	325.6726	1.938794	0.4566804	0.9946601
12474	-2566.322	-2892.004	325.6815	1.878106	0.5481656	0.8887848
12480	-2563.798	-2889.33	325.5318	1.980364	0.5794172	0.8887848
12486	-2563.851	-2889.47	325.6189	2.036179	0.5192361	0.8292606
12492	-2576.992	-2902.932	325.9403	2.003167	0.3605438	0.8292606
12498	-2581.056	-2906.917	325.8603	2.104257	0.3504106	0.8292606
12504	-2564.956	-2890.549	325.5931	1.825911	0.5367493	1.052542
12510	-2569.251	-2894.988	325.7367	1.811948	0.3774276	1.190091
12516	-2583.814	-2908.842	325.0288	1.695276	0.5288318	1.622775
12522	-2590.167	-2915.725	325.5582	1.948958	0.4968144	1.029882
12528	-2571.886	-2897.493	325.6077	2.005263	0.4181209	1.061298
12534	-2565.679	-2891.476	325.7974	2.081256	0.3429187	0.9460203
12540	-2568.309	-2894.035	325.7259	1.963823	0.4419481	0.9407989
12546	-2554.461	-2880.156	325.695	1.97243	0.5346347	0.7805398
12552	-2560.83	-2886.452	325.6228	2.102369	0.5407907	0.6719285
12558	-2559.506	-2885.202	325.6969	2.051135	0.4788572	0.7953546
12564	-2562.042	-2887.721	325.6796	2.003601	0.4788572	0.8760614
12570	-2566.293	-2891.878	325.5859	1.86038	0.5946262	0.9367912
12576	-2572.819	-2898.601	325.7816	1.943637	0.3473316	1.087946
12582	-2580.896	-2906.334	325.4378	1.896454	0.6154858	1.020508
12588	-2571.23	-2896.667	325.4365	1.918728	0.5806072	1.049429
12594	-2561.902	-2887.406	325.5037	1.836403	0.617124	1.012507
12600	-2563.517	-2888.788	325.2711	1.813086	0.7052853	1.139895
12606	-2555.348	-2880.88	325.5323	1.850237	0.5004969	1.139895
12612	-2575.925	-2901.546	325.6211	1.867769	0.4426322	1.133997
12618	-2579.325	-2904.986	325.6603	1.958858	0.499999	0.9085792
12624	-2559.598	-2884.804	325.206	1.720062	0.4982282	1.510906
12630	-2563.258	-2888.512	325.2537	1.689889	0.4877298	1.510906
12636	-2575.67	-2901.032	325.3618	1.710771	0.4528007	1.459098
12642	-2564.052	-2889.764	325.7114	2.069059	0.3927441	0.942286
12648	-2570.546	-2895.984	325.4379	2.09955	0.603239	0.8158008
12654	-2557.589	-2882.434	324.8449	1.487982	0.5765402	1.846026
12660	-2562.831	-2887.06	324.2296	1.406133	0.4763242	2.407402
12666	-2581.378	-2905.354	323.9766	1.284676	0.428377	2.693225
12672	-2580.535	-2904.179	323.6444	1.305394	0.5225146	2.785014
12678	-2579.801	-2904.305	324.5032	1.313689	0.3653728	2.423844
12684	-2575.313	-2900.32	325.0075	1.476011	0.3991926	1.947531
12690	-2555.964	-2881.105	325.1416	1.583753	0.3802447	1.808054
12696	-2549.792	-2874.751	324.9587	1.596357	0.4681742	1.812978
12702	-2561.984	-2887.036	325.0515	1.481542	0.4681742	1.828134
12708	-2552.62	-2877.91	325.2904	1.581918	0.3775319	1.709112
12714	-2606.113	-2931.628	325.5153	2.082601	0.6060331	0.7234844
12720	-2573.624	-2899.445	325.8206	2.087727	0.4088249	0.7463711
12726	-2569.059	-2894.831	325.7721	1.943284	0.4585965	0.8794407
12732	-2557.313	-2882.147	324.8342	1.576444	0.6374478	1.731089
12738	-2567.108	-2892.663	325.5549	1.737339	0.3473416	1.447028
12744	-2567.663	-2893.338	325.6757	1.948098	0.5154393	0.8745588
12750	-2569.957	-2895.437	325.4797	1.819555	0.5709606	1.114861
12756	-2570.132	-2895.599	325.4678	1.788931	0.5997249	1.114861
12762	-2573.11	-2898.64	325.5296	1.812488	0.4771542	1.209253
12768	-2569.631	-2894.984	325.3527	1.970646	0.6084124	1.040939
12774	-2569.781	-2895.538	325.7573	1.853029	0.4310494	1.040939
12780	-2567.063	-2892.816	325.7534	1.793506	0.4180568	1.122355
12786	-2563.453	-2889.295	325.8418	1.872941	0.4195094	0.9577549
12792	-2566.695	-2892.129	325.4336	1.862418	0.4425036	1.298072
12798	-2569.071	-2894.535	325.4639	1.767407	0.4857062	1.289484
12804	-2569.099	-2894.625	325.5259	1.951285	0.5036011	1.048006
12810	-2568.87	-2894.588	325.7184	1.911763	0.5036011	0.8895002
12816	-2567.657	-2893.361	325.7041	1.96183	0.4745115	0.9042715
12822	-2566.519	-2892.191	325.6717	1.972089	0.4771645	0.9236714
12828	-2563.96	-2889.675	325.7159	2.060647	0.4104206	0.9096189
12834	-2585.865	-2911.63	325.7653	2.008158	0.4118543	0.9100255
12840	-2575.765	-2901.237	325.4726	1.987812	0.5514157	0.9896322
12846	-2567.098	-2892.645	325.547	1.916629	0.5632764	0.9677274
12852	-2565.332	-2890.912	325.5803	1.921551	0.5106172	1.012843
12858	-2563.503	-2889.054	325.5512	1.921551	0.4491468	1.137937
12864	-2555.88	-2881.077	325.1967	1.718116	0.6494329	1.344234
12870	-2557.436	-2882.784	325.3482	1.694895	0.5734203	1.328963
12876	-2563.394	-2888.886	325.4913	1.715772	0.5181766	1.265449
12882	-2572.898	-2898.29	325.3916	1.634205	0.4492446	1.499175
12888	-2557.101	-2882.444	325.3427	1.694914	0.4466325	1.493854
12894	-2559.373	-2884.743	325.3699	1.648112	0.4466325	1.508487
12900	-2572.281	-2897.48	325.1992	1.706334	0.5126702	1.508487
12906	-2583.323	-2908.62	325.2975	1.746194	0.5126702	1.403241
12912	-2572.828	-2898.158	325.3298	1.724055	0.4693612	1.451267
12918	-2559.947	-2885.317	325.3697	1.724055	0.401103	1.51498
12924	-2589.434	-2914.568	325.1337	1.557332	0.616584	1.550452
12930	-2570.663	-2895.697	325.0341	1.619691	0.6114097	1.583271
12936	-2575.511	-2900.727	325.2156	1.745202	0.5260199	1.450496
12942	-2576.207	-2901.448	325.241	1.700671	0.4543194	1.555063
12948	-2595.143	-2920.545	325.4023	1.783174	0.5117914	1.291675
12954	-2581.649	-2906.188	324.5384	1.390183	0.5485397	2.144426
12960	-2589.353	-2914.844	325.4914	1.667037	0.4530056	1.392654
12966	-2574.414	-2899.731	325.3178	1.681524	0.580536	1.355375
12972	-2566.233	-2891.331	325.0983	1.480968	0.6905429	1.558292
12978	-2561.473	-2886.422	324.9487	1.385792	0.458868	1.973854
12984	-2576.718	-2901.797	325.079	1.744796	0.6283933	1.438118
12990	-2566.522	-2892.255	325.7334	1.868337	0.4035256	1.097507
12996	-2565.846	-2891.164	325.3172	1.676494	0.6195027	1.314567
13002	-2543.857	-2868.87	325.013	1.55429	0.485212	1.784353
13008	-2556.711	-2881.666	324.9556	1.634929	0.4616021	1.796326
13014	-2570.312	-2895.755	325.4429	1.667319	0.4724989	1.403719
13020	-2565.218	-2890.309	325.0916	1.607385	0.548472	1.61861
13026	-2591.549	-2916.713	325.1644	1.557265	0.5217839	1.632585
13032	-2576.121	-2901.578	325.4563	1.895146	0.6081754	1.013902
13038	-2572.012	-2897.468	325.4563	1.925604	0.6091606	0.9819553
13044	-2574.133	-2899.363	325.2297	1.870438	0.6146504	1.23263
13050	-2554.726	-2880.154	325.4279	1.8121	0.4913811	1.274537
13056	-2557.963	-2883.408	325.4444	1.795666	0.4913811	1.274537
13062	-2556.199	-2881.969	325.7697	1.846409	0.407347	1.077419
13068	-2555.975	-2881.473	325.4981	1.862263	0.5832768	1.040663
13074	-2560.94	-2886.554	325.614	1.862263	0.4813822	1.083776
13080	-2578.52	-2903.788	325.2681	1.571505	0.4572802	1.625693
13086	-2580.333	-2905.558	325.2249	1.527885	0.5084633	1.625693
13092	-2564.467	-2889.841	325.3731	1.576935	0.4196381	1.595013
13098	-2572.456	-2897.81	325.354	1.599603	0.5059649	1.480588
13104	-2577.718	-2903.295	325.5777	1.86476	0.5470163	1.014326
13110	-2564.439	-2889.548	325.1093	1.589692	0.5158732	1.655743
13116	-2563.709	-2889.152	325.4425	1.621704	0.5303135	1.365022
13122	-2555.834	-2881.302	325.4673	1.679902	0.3321262	1.579809
13128	-2553.16	-2878.609	325.4491	1.679902	0.421768	1.458959
13134	-2560.129	-2885.672	325.544	1.702421	0.421768	1.368148
13140	-2548.124	-2873.243	325.1195	1.715972	0.6466395	1.409567
13146	-2556.862	-2882.293	325.4314	1.661066	0.4785026	1.409567
13152	-2561.232	-2886.591	325.3593	1.700884	0.4635883	1.454105
13158	-2566.308	-2891.917	325.6092	1.784092	0.500775	1.129862
13164	-2588.333	-2913.632	325.2986	1.871691	0.6663102	1.108697
13170	-2559.13	-2884.491	325.3609	1.827812	0.6527854	1.108697
13176	-2568.036	-2893.48	325.4444	1.824518	0.482778	1.262679
13182	-2563.631	-2889.363	325.7322	1.934475	0.471503	0.9091929
13188	-2568.543	-2893.977	325.4345	1.862214	0.5049705	1.208254
13194	-2568.702	-2894.271	325.5691	2.083007	0.588659	0.6726323
13200	-2563.052	-2888.4	325.348	2.124904	0.7127306	0.6890359
13206	-2584.111	-2909.633	325.5221	2.136851	0.5465512	0.7661936
13212	-2589.784	-2915.422	325.6379	2.128223	0.4852187	0.7545781
13218	-2567.917	-2893.406	325.4893	2.038222	0.5679101	0.8909696
13224	-2555.118	-2880.732	325.614	2.030941	0.4766103	0.9234869
13230	-2564.514	-2890.113	325.5997	1.914107	0.5445965	0.9452802
13236	-2578.433	-2904.321	325.8873	1.855447	0.3774054	1.012009
13242	-2572.833	-2898.216	325.3833	1.689899	0.5761378	1.301368
13248	-2569.546	-2894.872	325.326	1.691532	0.4954243	1.445278
13254	-2561.608	-2886.867	325.2591	1.773284	0.4954243	1.433885
13260	-2575.016	-2899.957	324.9404	1.632515	0.6858031	1.567543
13266	-2577.902	-2902.951	325.0488	1.609427	0.6858031	1.504326
13272	-2557.437	-2882.693	325.2559	1.579082	0.5479019	1.519459
13278	-2561.009	-2886.405	325.3961	1.765967	0.5479019	1.2638
13284	-2558.701	-2884.277	325.5765	1.765967	0.4819327	1.202004
13290	-2574.533	-2899.894	325.3614	1.749134	0.4323901	1.458143
13296	-2576.001	-2901.148	325.1479	1.746009	0.4548857	1.589364
13302	-2569.136	-2894.088	324.9518	1.720512	0.7013097	1.47841
13308	-2556.093	-2881.607	325.5144	1.844292	0.5073566	1.151051
13314	-2560.819	-2886.239	325.4201	1.799876	0.5770569	1.177121
13320	-2560.443	-2885.971	325.5277	1.841058	0.537517	1.098385
13326	-2574.305	-2899.54	325.2345	1.858126	0.6604502	1.184617
13332	-2574.92	-2900.557	325.6366	1.915944	0.4330158	1.091987
13338	-2577.716	-2903.165	325.4486	1.613245	0.5222802	1.376968
13344	-2575.053	-2900.381	325.3289	1.935788	0.6466995	1.045564
13350	-2568.535	-2894.114	325.5785	1.945327	0.5602732	0.9081665
13356	-2573.297	-2898.863	325.5659	1.991063	0.6248521	0.7455657
13362	-2579.458	-2905.017	325.5585	2.048203	0.567613	0.7939442
13368	-2571.92	-2897.507	325.5869	1.992631	0.5597954	0.8441261
13374	-2573.776	-2899.218	325.4421	2.07228	0.6233821	0.8082183
13380	-2580.023	-2905.604	325.5811	1.948803	0.5027889	0.9977101
13386	-2557.386	-2882.912	325.5264	1.908781	0.5078914	1.08093
13392	-2555.551	-2881.318	325.7669	1.921223	0.4224256	0.9796616
13398	-2560.767	-2886.246	325.4796	1.841124	0.5178634	1.169385
13404	-2570.605	-2896.207	325.6021	1.799771	0.4337941	1.223455
13410	-2574.935	-2900.496	325.5607	1.845824	0.4397766	1.210301
13416	-2564.68	-2890.269	325.5889	1.706801	0.4518676	1.284736
13422	-2550.622	-2875.728	325.1056	1.607485	0.5702377	1.584157
13428	-2559.412	-2884.419	325.0077	1.622234	0.5536438	1.662554
13434	-2579.422	-2904.035	324.6133	1.410202	0.4132062	2.232404
13440	-2572.754	-2897.663	324.909	1.490509	0.4132062	1.9859
13446	-2569.677	-2894.478	324.8011	1.490509	0.4642028	1.996311
13452	-2564.967	-2889.949	324.9816	1.431324	0.488728	1.886366
13458	-2562.07	-2887.238	325.1677	1.726182	0.488728	1.546556
13464	-2561.123	-2886.569	325.4468	1.686104	0.4763759	1.380827
13470	-2574.957	-2900.428	325.4706	1.756423	0.423534	1.380827
13476	-2575.941	-2901.638	325.6974	1.848067	0.4852386	1.011346
13482	-2564.091	-2889.724	325.6326	1.830942	0.4789349	1.099388
13488	-2564.784	-2890.155	325.3708	1.821906	0.5709163	1.208509
13494	-2568.06	-2893.509	325.449	1.776867	0.5510901	1.20604
13500	-2558.606	-2884.075	325.4687	1.800982	0.5232119	1.20604
13506	-2563.488	-2889.046	325.5586	1.765038	0.5232119	1.159319
13512	-2558.382	-2883.807	325.4248	1.786155	0.4986695	1.288437
13518	-2554.148	-2879.738	325.59	1.81743	0.5028802	1.113943
13524	-2557.098	-2882.707	325.6082	1.81743	0.415031	1.232749
13530	-2567.657	-2893.038	325.381	1.808292	0.4600662	1.358654
13536	-2563.183	-2888.382	325.1988	1.615176	0.442314	1.663208
13542	-2560.619	-2886.098	325.4781	2.163106	0.5980238	0.6670401
13548	-2573.625	-2899.388	325.7634	2.155642	0.4026343	0.747983
13554	-2570.884	-2896.228	325.3433	1.693499	0.6290087	1.268391
13560	-2568.014	-2893.557	325.5433	1.716327	0.4453433	1.323423
13566	-2564.224	-2889.649	325.4246	1.735963	0.5455219	1.26811
13572	-2566.781	-2891.975	325.1944	1.808786	0.6388594	1.284681
13578	-2559.311	-2884.802	325.4914	1.743956	0.5892295	1.147765
13584	-2564.297	-2889.618	325.321	1.774892	0.6236639	1.225361
13590	-2551.087	-2876.412	325.325	1.721259	0.488712	1.431898
13596	-2581.845	-2907.239	325.3942	1.745093	0.5233919	1.313925
13602	-2567.555	-2893.106	325.5514	2.047433	0.5557018	0.8278453
13608	-2559.548	-2885.209	325.6608	1.939579	0.5182232	0.896322
13614	-2556.965	-2882.598	325.633	1.867772	0.5415145	0.9640439
13620	-2574.046	-2899.594	325.5483	1.977428	0.5256801	0.9640439
13626	-2561.966	-2887.566	325.6002	2.078636	0.4858217	0.8673801
13632	-2568.664	-2894.017	325.3529	1.983171	0.7431832	0.8331306
13638	-2553.073	-2878.736	325.6626	1.989439	0.4916958	0.8870539
13644	-2561.119	-2886.823	325.7039	1.872719	0.4107344	1.107927
13650	-2555.946	-2881.573	325.6266	1.800237	0.5394613	1.040994
13656	-2563.635	-2889.275	325.6399	1.731313	0.4228904	1.265807
13662	-2563.519	-2888.872	325.3526	1.81621	0.5200879	1.294266
13668	-2566.208	-2891.817	325.6086	1.824307	0.4560181	1.16244
13674	-2563.511	-2889.186	325.6747	1.890849	0.4859445	0.9900365
13680	-2568.707	-2893.962	325.2544	1.636221	0.4933524	1.543278
13686	-2553.26	-2878.682	325.4216	1.847607	0.5849373	1.123177
13692	-2566.449	-2892.187	325.7376	1.83743	0.388001	1.148749
13698	-2568.071	-2893.689	325.6184	1.831084	0.4598643	1.141831
13704	-2554.722	-2880.2	325.478	1.831084	0.5449716	1.141831
13710	-2555.771	-2881.222	325.4502	1.78733	0.5493653	1.198346
13716	-2550.116	-2875.697	325.5814	1.878742	0.5493653	0.9930512
13722	-2545.939	-2871.606	325.6665	1.901644	0.5493653	0.8768834
13728	-2561.98	-2887.624	325.6444	2.05947	0.5199743	0.7619641
13734	-2553.706	-2879.21	325.504	1.978272	0.5744281	0.930206
13740	-2548.918	-2874.506	325.5879	2.157571	0.5234462	0.6855119
13746	-2548.255	-2873.837	325.5821	2.197054	0.513298	0.6509576
13752	-2556.987	-2882.608	325.6212	2.131249	0.513298	0.7022502
13758	-2554.152	-2879.786	325.6343	2.115533	0.5279247	0.6631673
13764	-2556.324	-2881.854	325.5296	2.252605	0.5279247	0.5800022
13770	-2562.283	-2887.545	325.2618	2.316172	0.6759101	0.516016
13776	-2580.729	-2906.056	325.3269	2.33978	0.6082236	0.5549158
13782	-2569.42	-2895.005	325.5845	2.238137	0.504378	0.5709966
13788	-2570.066	-2895.593	325.5267	2.295883	0.504378	0.5709966
13794	-2573.56	-2899.073	325.5132	2.251777	0.534566	0.6015667
13800	-2560.103	-2885.608	325.5048	2.193623	0.5704167	0.6315943
13806	-2563.454	-2889.131	325.6771	2.079855	0.470368	0.8028829
13812	-2563.977	-2889.128	325.1508	1.77169	0.6060038	1.386462
13818	-2558.117	-2883.753	325.6366	1.930065	0.4550856	1.041369
13824	-2567.709	-2893.316	325.6072	1.930065	0.482665	1.023653
13830	-2558.129	-2883.489	325.3594	1.752014	0.6140366	1.223849
13836	-2572.321	-2897.439	325.118	1.741506	0.5932136	1.449462
13842	-2571.429	-2896.626	325.1971	1.572864	0.5703391	1.542216
13848	-2553.653	-2879.228	325.5745	1.792381	0.4947857	1.16212
13854	-2557.377	-2882.976	325.5996	1.997553	0.5003605	0.9320732
13860	-2554.797	-2880.472	325.6755	1.838713	0.4193776	1.149365
13866	-2573.372	-2899.021	325.6487	1.920785	0.3498208	1.220804
13872	-2565.139	-2890.563	325.4237	1.764102	0.3620884	1.502732
13878	-2557.54	-2883.2	325.6605	1.791061	0.4924766	1.089354
13884	-2568.034	-2893.708	325.6742	1.805545	0.3424477	1.307919
13890	-2587.946	-2913.347	325.4006	1.74764	0.5108504	1.323048
13896	-2576.27	-2901.922	325.6515	1.845608	0.4922726	1.046848
13902	-2570.871	-2896.45	325.5791	1.866815	0.5235922	1.046848
13908	-2581.605	-2907.188	325.5832	1.948739	0.5235922	0.961074
13914	-2582.353	-2908.015	325.662	1.997161	0.4331021	0.9891813
13920	-2594.459	-2920.229	325.7701	1.699612	0.4842566	1.085387
13926	-2575.518	-2900.905	325.3876	1.746983	0.443818	1.423848
13932	-2570.918	-2896.502	325.5839	1.682877	0.5169168	1.217112
13938	-2564.372	-2889.994	325.6219	1.783834	0.4907967	1.133621
13944	-2554.216	-2879.787	325.5713	1.830632	0.4930518	1.133621
13950	-2559.03	-2884.647	325.6171	1.815177	0.4609496	1.155379
13956	-2569.623	-2895.211	325.5881	1.85358	0.4182065	1.214128
13962	-2570.919	-2896.412	325.4925	1.844063	0.562743	1.092199
13968	-2561.092	-2886.389	325.2971	1.90997	0.6525053	1.092199
13974	-2575.428	-2900.809	325.3807	1.922142	0.723764	0.9013183
13980	-2575.55	-2901.301	325.751	1.976749	0.4408578	0.9013183
13986	-2582.553	-2908.168	325.6154	2.060712	0.5051189	0.8317185
13992	-2571.067	-2896.724	325.6569	1.805687	0.4785416	1.100865
13998	-2575.325	-2900.718	325.3933	1.833266	0.5894999	1.155182
14004	-2558.605	-2884.05	325.444	1.716893	0.5838491	1.219108
14010	-2570.118	-2895.478	325.36	1.769123	0.6055667	1.219108
14016	-2567.194	-2892.613	325.4194	1.805695	0.5338763	1.229457
14022	-2585.806	-2911.184	325.3781	1.821509	0.5551785	1.223015
14028	-2571.051	-2896.634	325.5825	1.821509	0.432897	1.223015
14034	-2556.049	-2881.352	325.3026	1.657616	0.60385	1.359179
14040	-2565.577	-2890.967	325.3903	1.632598	0.6536566	1.251632
14046	-2555.738	-2880.85	325.1125	1.643183	0.5809702	1.541038
14052	-2547.117	-2872.543	325.4263	1.810235	0.49628	1.270708
14058	-2560.465	-2885.65	325.1855	1.691458	0.5644465	1.468838
14064	-2581.176	-2906.578	325.4016	1.691362	0.442914	1.456964
14070	-2558.538	-2884.084	325.5457	1.824331	0.4850348	1.173665
14076	-2557.363	-2882.779	325.4157	1.803759	0.6714619	1.056531
14082	-2583.965	-2909.313	325.3486	1.724502	0.5816095	1.294777
14088	-2572.561	-2897.812	325.2507	1.835426	0.639172	1.215237
14094	-2569.392	-2894.915	325.5234	1.750164	0.4414885	1.317778
14100	-2569.849	-2895.384	325.5359	1.918848	0.4837506	1.099937
14106	-2568.1	-2893.632	325.5322	1.718085	0.4877959	1.271088
14112	-2563.418	-2888.855	325.4375	1.786618	0.5475751	1.212159
14118	-2566.273	-2891.178	324.9051	1.651049	0.6680061	1.597133
14124	-2582.066	-2907.338	325.2719	1.722794	0.6680061	1.258845
14130	-2565.401	-2890.949	325.5484	1.702081	0.4523823	1.320653
14136	-2574.52	-2899.962	325.4425	1.738594	0.5159162	1.289757
14142	-2572.078	-2897.473	325.3945	1.662221	0.4067155	1.534583
14148	-2566.193	-2891.044	324.8514	1.46854	0.5755449	1.855936
14154	-2578.688	-2903.8	325.1119	1.719482	0.5956645	1.468085
14160	-2570.194	-2895.431	325.2368	1.679469	0.4099831	1.63262
14166	-2556.909	-2882.422	325.5134	1.736594	0.4222387	1.364628
14172	-2565.263	-2890.674	325.4114	1.702145	0.5304024	1.325698
14178	-2558.14	-2883.653	325.5126	1.654209	0.4975542	1.325698
14184	-2570.631	-2896.154	325.5235	1.692562	0.4411619	1.364077
14190	-2557.713	-2883.216	325.5027	1.708805	0.4436708	1.364077
14196	-2557.58	-2883.362	325.7816	1.839873	0.3065153	1.257049
14202	-2562.717	-2888.398	325.6818	1.857811	0.4680417	1.045673
14208	-2563.71	-2889.144	325.4334	1.809805	0.507779	1.249431
14214	-2559.669	-2885.251	325.5815	1.748541	0.5599193	1.102078
14220	-2558.699	-2883.972	325.2732	1.651069	0.5599193	1.438001
14226	-2561.819	-2886.761	324.9416	1.556888	0.5599193	1.748716
14232	-2566.251	-2891.645	325.3948	1.565206	0.4504053	1.5466
14238	-2561.738	-2886.755	325.0171	1.610285	0.5060698	1.717994
14244	-2569.905	-2894.593	324.6879	1.540402	0.5180957	1.978268
14250	-2564.08	-2889.59	325.5098	1.677958	0.3772	1.479624
14256	-2559.812	-2885.091	325.2789	1.715661	0.4324966	1.544983
14262	-2561.379	-2886.874	325.4953	1.740734	0.4970121	1.270143
14268	-2553.333	-2878.647	325.314	1.748894	0.5288216	1.36792
14274	-2576.307	-2901.769	325.4627	1.76149	0.5230502	1.244732
14280	-2579.144	-2904.481	325.3365	1.844058	0.5135397	1.293355
14286	-2585.194	-2910.419	325.2253	1.732957	0.6248716	1.336863
14292	-2577.81	-2901.707	323.8966	1.205917	0.6040083	2.615152
14298	-2576.081	-2900.422	324.3416	1.333528	0.407456	2.460724
14304	-2572.364	-2896.021	323.6567	1.254155	0.7037221	2.649209
14310	-2573.446	-2897.832	324.386	1.35749	0.5348809	2.277795
14316	-2556.057	-2880.571	324.5139	1.397779	0.4354454	2.277795
14322	-2554.654	-2879.683	325.0283	1.419367	0.5418172	1.803541
14328	-2580.127	-2904.852	324.725	1.404016	0.4796878	2.086303
14334	-2583.29	-2908.962	325.6719	2.042492	0.4595142	0.878764
14340	-2580.149	-2905.73	325.5807	1.991602	0.550397	0.8700962
14346	-2560.532	-2886.186	325.6533	1.956091	0.4802379	0.9548836
14352	-2575.345	-2900.883	325.5384	1.942795	0.5598374	0.9548836
14358	-2561.526	-2886.905	325.3795	1.833821	0.5676178	1.195118
14364	-2569.335	-2894.755	325.4196	1.845666	0.593812	1.11495
14370	-2574.293	-2899.933	325.6398	1.810035	0.4385848	1.174888
14376	-2568.227	-2893.842	325.6147	1.777176	0.4713759	1.174888
14382	-2574.465	-2899.994	325.5286	1.748883	0.541146	1.174888
14388	-2571.466	-2896.639	325.1724	1.591303	0.6997106	1.410092
14394	-2566.68	-2892.34	325.6606	1.591303	0.3490562	1.474959
14400	-2574.52	-2899.649	325.1291	1.509822	0.5037769	1.712536
14406	-2569.075	-2894.034	324.9594	1.558482	0.4850235	1.818733
14412	-2562.45	-2887.964	325.5145	1.785246	0.4968672	1.217017
14418	-2579.341	-2904.936	325.5951	1.755276	0.537746	1.114817
14424	-2576.522	-2902.098	325.5765	1.875667	0.5890199	0.9392862
14430	-2568.434	-2893.927	325.4921	1.899979	0.6305002	0.9398385
14436	-2567.576	-2893.406	325.8295	1.995933	0.4059658	0.8632679
14442	-2572.186	-2897.902	325.7159	1.758748	0.4879199	1.075034
14448	-2561.001	-2886.393	325.392	1.724978	0.4063476	1.490028
14454	-2561.383	-2886.589	325.2056	1.660796	0.4595503	1.603406
14460	-2554.071	-2879.434	325.3635	1.633406	0.4487689	1.521454
14466	-2548.707	-2873.899	325.1928	1.601302	0.5749523	1.519184
14472	-2572.225	-2897.856	325.6318	1.908359	0.4767452	1.03065
14478	-2583.591	-2909.093	325.5026	1.932703	0.5006239	1.091923
14484	-2579.422	-2904.933	325.5114	1.897467	0.4943996	1.1254
14490	-2567.788	-2893.399	325.6109	2.12553	0.4575077	0.8568826
14496	-2569.462	-2894.897	325.4343	1.933889	0.5717563	1.049654
14502	-2570.934	-2896.525	325.5917	1.992748	0.526044	0.9001116
14508	-2567.722	-2893.164	325.4426	1.778499	0.5716889	1.183099
14514	-2566.401	-2892.15	325.7493	1.890164	0.3814605	1.102421
14520	-2565.988	-2891.742	325.7537	1.858963	0.4222684	1.054279
14526	-2567.31	-2893.068	325.7581	1.800871	0.4456052	1.06476
14532	-2570.238	-2895.672	325.4339	1.686844	0.4631408	1.408161
14538	-2567.921	-2893.12	325.1998	1.644975	0.5380918	1.523518
14544	-2561.762	-2887.436	325.674	1.741472	0.4006184	1.264071
14550	-2578.407	-2903.678	325.2718	1.752989	0.4884756	1.448597
14556	-2575.325	-2900.797	325.4724	1.752773	0.5463871	1.212828
14562	-2576.262	-2901.941	325.6786	1.800901	0.5363549	0.9939971
14568	-2574.746	-2900.328	325.582	1.870931	0.5363549	1.02045
14574	-2549.201	-2874.758	325.5573	1.87507	0.4734725	1.136005
14580	-2543.836	-2869.343	325.5069	1.954865	0.5591717	0.9761365
14586	-2569.066	-2894.545	325.4795	1.895929	0.5591717	1.060954
14592	-2569.647	-2895.039	325.3919	1.770116	0.6088618	1.18695
14598	-2581.534	-2906.949	325.4146	1.762397	0.5976781	1.187977
14604	-2592.962	-2918.386	325.4244	1.853745	0.5273737	1.193078
14610	-2594.222	-2919.577	325.3551	1.764226	0.5740079	1.266166
14616	-2598.4	-2924.041	325.6409	1.82333	0.3827636	1.252525
14622	-2559.667	-2885.158	325.491	1.795545	0.452627	1.291133
14628	-2566.903	-2892.193	325.2905	1.675204	0.4921905	1.488711
14634	-2568.07	-2893.422	325.3513	1.614348	0.4921905	1.488711
14640	-2559.39	-2884.604	325.2133	1.698222	0.5253479	1.488711
14646	-2573.957	-2899.461	325.5045	1.98353	0.5065323	1.032894
14652	-2564.287	-2889.601	325.3136	1.828546	0.6450651	1.159826
14658	-2581.012	-2906.291	325.2798	1.708446	0.5990145	1.342534
14664	-2568.713	-2894.044	325.3306	1.680612	0.573904	1.353741
14670	-2581.141	-2906.727	325.5863	1.917933	0.573904	0.9069889
14676	-2580.608	-2906.071	325.4632	2.028554	0.5874457	0.8984326
14682	-2578.126	-2903.607	325.481	2.028554	0.6347783	0.7933924
14688	-2574.662	-2900.354	325.6926	1.981327	0.4759176	0.8925042
14694	-2580.461	-2906.084	325.6226	1.921562	0.4759176	1.028176
14700	-2571.122	-2896.729	325.6077	1.921562	0.4591185	1.07023
14706	-2563.869	-2889.294	325.4246	1.842602	0.5563687	1.163248
14712	-2554.464	-2880.099	325.6351	1.817784	0.4442432	1.163248
14718	-2569.612	-2895.061	325.4493	1.796218	0.5706079	1.163248
14724	-2552.361	-2877.885	325.5239	1.853949	0.5013143	1.142852
14730	-2568.05	-2893.789	325.7385	1.830892	0.4164903	1.104576
14736	-2562.935	-2888.514	325.5786	1.858259	0.4842174	1.115493
14742	-2559.011	-2884.428	325.4172	1.910464	0.6785429	0.9384695
14748	-2578.25	-2903.727	325.4777	1.937915	0.5859114	0.9821464
14754	-2570.872	-2896.403	325.5309	1.885518	0.6268771	0.9190014
14760	-2582.657	-2908.107	325.4494	1.780219	0.6303149	1.099771
14766	-2568.836	-2894.45	325.6149	1.758999	0.4869089	1.167497
14772	-2563.539	-2888.911	325.3721	1.792064	0.614145	1.178514
14778	-2562.882	-2888.543	325.6613	1.856748	0.4653745	1.070445
14784	-2563.221	-2888.589	325.3683	1.82028	0.5282245	1.267442
14790	-2569.844	-2895.111	325.2663	1.737763	0.5282245	1.414603
14796	-2553.647	-2879.032	325.3848	1.829552	0.5282245	1.246005
14802	-2547.048	-2872.509	325.461	1.814848	0.5527011	1.160629
14808	-2540.932	-2866.656	325.7238	1.849892	0.4029624	1.124003
14814	-2563.813	-2889.338	325.5249	1.866241	0.4498179	1.208055
14820	-2569.9	-2895.571	325.6713	1.874823	0.3971812	1.158411
14826	-2560.771	-2886.304	325.533	1.853971	0.5423049	1.074583
14832	-2567.287	-2892.81	325.5222	1.84845	0.4693436	1.196267
14838	-2558.411	-2883.873	325.4617	1.839519	0.5322226	1.166346
14844	-2569.314	-2894.794	325.4799	1.870187	0.5019842	1.166346
14850	-2571.776	-2897.203	325.4276	1.90988	0.5960716	1.044583
14856	-2568.648	-2894.12	325.4716	2.00597	0.5833321	0.9208683
14862	-2575.667	-2900.763	325.0956	1.627868	0.5106436	1.644273
14868	-2593.739	-2919.181	325.4423	1.502812	0.4621534	1.542312
14874	-2590.904	-2916.662	325.7583	1.748952	0.3682549	1.240966
14880	-2563.797	-2889.13	325.3327	1.700495	0.625376	1.275588
14886	-2567.154	-2892.365	325.2112	1.683071	0.573729	1.44499
14892	-2572.639	-2897.919	325.2801	1.713927	0.5624824	1.380952
14898	-2566.991	-2892.29	325.2988	1.766539	0.5169451	1.380952
14904	-2569.698	-2894.462	324.7633	1.601084	0.5069706	1.898781
14910	-2581.563	-2905.85	324.2879	1.456873	0.6504539	2.167422
14916	-2579.86	-2904.68	324.8196	1.46	0.4470213	2.024446
14922	-2589.353	-2914.734	325.381	1.831319	0.5166364	1.263125
14928	-2570.725	-2896.268	325.5422	1.815305	0.5108291	1.147055
14934	-2564.104	-2889.769	325.665	1.874073	0.4570174	1.064417
14940	-2559.62	-2885.19	325.5697	1.854923	0.477231	1.137171
14946	-2566.774	-2892.466	325.6918	1.888448	0.4635212	1.013809
14952	-2554.87	-2880.506	325.6355	1.768756	0.4637088	1.175732
14958	-2543.255	-2868.968	325.7136	1.775818	0.4637088	1.099675
14964	-2562.798	-2888.281	325.4827	1.791474	0.5991513	1.099675
14970	-2557.023	-2882.113	325.0897	1.791474	0.6475911	1.372904
14976	-2541.951	-2867.413	325.4617	1.72167	0.4531695	1.372904
14982	-2552.728	-2878.134	325.4068	1.74425	0.4724026	1.37199
14988	-2548.528	-2873.973	325.4453	1.743737	0.511469	1.289206
14994	-2561.258	-2886.998	325.7394	1.872052	0.3719096	1.144855
15000	-2562.337	-2887.587	325.2498	1.772715	0.6082542	1.304238
15006	-2563.327	-2888.865	325.5377	2.042021	0.6086853	0.7460341
15012	-2558.227	-2883.91	325.6834	2.06252	0.4932414	0.7643999
15018	-2551.613	-2877.319	325.706	2.061763	0.5159015	0.6660087
15024	-2553.614	-2879.152	325.5383	2.194716	0.5622246	0.563206
15030	-2561.709	-2887.135	325.4258	2.182405	0.6408415	0.6008739
15036	-2569.05	-2894.58	325.5299	2.172115	0.5769788	0.595087
15042	-2576.827	-2902.359	325.5324	2.136923	0.5358127	0.7752924
15048	-2560.284	-2885.685	325.4003	2.169737	0.6442728	0.6779469
15054	-2558.215	-2883.745	325.5298	2.150376	0.5423704	0.7444156
15060	-2563.419	-2889.099	325.6802	2.03282	0.509411	0.7733476
15066	-2567.128	-2892.843	325.7154	2.076792	0.4375018	0.8323601
15072	-2572.413	-2897.947	325.5335	2.116052	0.5665062	0.7343005
15078	-2567.014	-2892.524	325.5096	2.053071	0.6350846	0.7136658
15084	-2556.888	-2882.595	325.707	1.860883	0.4486591	1.051161
15090	-2559.538	-2885.198	325.6592	1.796189	0.4593995	1.137252
15096	-2560.517	-2886.047	325.5304	1.776354	0.4796152	1.23559
15102	-2574.695	-2900.191	325.4962	1.771596	0.5029149	1.23559
15108	-2587.216	-2912.775	325.5594	1.767176	0.4741915	1.226702
15114	-2589.993	-2915.594	325.6013	1.998455	0.5626955	0.8130235
15120	-2579.036	-2904.576	325.54	2.01285	0.5900313	0.8207401
15126	-2581.028	-2906.551	325.5224	2.01285	0.5806912	0.8596013
15132	-2573.238	-2898.496	325.2581	1.712071	0.4492626	1.540607
15138	-2555.14	-2880.454	325.3141	1.688835	0.4492626	1.516296
15144	-2562.456	-2887.859	325.4032	1.740698	0.5200157	1.314562
15150	-2564.833	-2890.318	325.4858	1.740698	0.5413394	1.218401
15156	-2550.767	-2876.361	325.5933	1.687149	0.4140005	1.352741
15162	-2549.241	-2874.69	325.4487	1.784227	0.4884856	1.284332
15168	-2558.762	-2884.116	325.3545	1.823953	0.4967155	1.317414
15174	-2561.224	-2886.643	325.4189	1.805127	0.4719256	1.3145
15180	-2573.296	-2898.573	325.2777	1.671051	0.4852087	1.510171
15186	-2572.474	-2897.351	324.8767	1.475634	0.4737962	1.944481
15192	-2574.6	-2899.863	325.2627	1.514635	0.3915114	1.756468
15198	-2565.267	-2890.29	325.0223	1.688794	0.4996696	1.66604
15204	-2557.859	-2883.226	325.3662	1.688065	0.4996696	1.4116
15210	-2564.346	-2889.775	325.4282	1.746154	0.4115421	1.439031
15216	-2566.01	-2891.557	325.5468	1.747517	0.5496787	1.148391
15222	-2557.685	-2883.17	325.4844	1.726032	0.5304476	1.246327
15228	-2559.728	-2885.056	325.3279	1.588278	0.4420289	1.589777
15234	-2555.809	-2881.096	325.2869	1.621126	0.4504714	1.584768
15240	-2554.194	-2879.516	325.322	1.643754	0.4504714	1.54228
15246	-2553.864	-2878.733	324.8696	1.568875	0.5862208	1.763063
15252	-2562.076	-2887.254	325.1784	1.531985	0.4223526	1.762132
15258	-2575.854	-2900.63	324.7754	1.598345	0.3806837	2.044937
15264	-2579.948	-2905.621	325.6733	1.892908	0.4220631	1.097964
15270	-2564.059	-2889.675	325.6156	1.687466	0.3953512	1.363013
15276	-2568.274	-2892.959	324.6844	1.381888	0.3953512	2.226869
15282	-2586.935	-2912.754	325.8196	2.11747	0.4079208	0.7026567
15288	-2586.436	-2911.891	325.4543	2.108769	0.6394471	0.7026567
15294	-2577.513	-2903.108	325.5954	2.165872	0.5040411	0.7130039
15300	-2584.53	-2910.272	325.7417	2.08608	0.4812805	0.6604615
15306	-2585.468	-2910.994	325.5261	2.193533	0.552657	0.6451023
15312	-2573.175	-2898.727	325.5518	2.135365	0.5249472	0.774385
15318	-2559.933	-2885.323	325.3904	2.038624	0.6985992	0.7858401
15324	-2567.841	-2893.554	325.7131	2.099671	0.4192089	0.8484904
15330	-2559.235	-2884.775	325.54	2.044851	0.5521014	0.8519855
15336	-2541.576	-2867.248	325.6718	2.013241	0.4898069	0.8519855
15342	-2564.05	-2889.678	325.6281	2.016461	0.46964	0.9368218
15348	-2571.601	-2897.235	325.6339	2.010662	0.46964	0.9368218
15354	-2562.92	-2888.444	325.5246	2.137537	0.5456691	0.7634943
15360	-2550.361	-2876.1	325.7392	2.031188	0.4791162	0.7634943
15366	-2559.599	-2885.241	325.6418	1.989198	0.5216766	0.8540675
15372	-2552.204	-2877.541	325.3372	1.970536	0.720706	0.9000853
15378	-2569.334	-2894.649	325.3143	2.134088	0.7250792	0.7045562
15384	-2576.743	-2902.355	325.6125	2.061172	0.5255819	0.7916373
15390	-2560.159	-2885.941	325.7819	2.041706	0.4101119	0.8559943
15396	-2560.222	-2886.011	325.7884	2.041706	0.3954757	0.8814548
15402	-2566.918	-2892.408	325.4908	2.148965	0.5703655	0.7404518
15408	-2584.5	-2910.21	325.7105	2.123745	0.4886074	0.6172278
15414	-2581.385	-2907.021	325.6361	2.104602	0.5178426	0.7097921
15420	-2577.239	-2902.614	325.3746	2.370704	0.5562688	0.5470341
15426	-2565.559	-2890.921	325.3613	2.30258	0.6130229	0.5277977
15432	-2563.028	-2888.234	325.2059	2.306321	0.7265449	0.5152941
15438	-2554.403	-2879.779	325.3754	2.259647	0.6189196	0.6121734
15444	-2584.193	-2909.653	325.4598	1.81854	0.4609332	1.285854
15450	-2559.544	-2885.071	325.5271	2.148232	0.5820077	0.6447166
15456	-2554.089	-2879.715	325.626	2.205292	0.4616942	0.7158023
15462	-2547.596	-2873.106	325.5105	2.175788	0.5749838	0.6437901
15468	-2557.989	-2883.248	325.259	2.216564	0.7339234	0.6272056
15474	-2556.448	-2881.891	325.443	2.218487	0.6129276	0.5462051
15480	-2560.747	-2885.934	325.1864	1.668411	0.5527841	1.49898
15486	-2566.322	-2891.781	325.4593	1.634681	0.3945702	1.524246
15492	-2572.912	-2897.105	324.1924	1.472033	0.594073	2.270856
15498	-2559.609	-2884.103	324.4936	1.365075	0.5497841	2.188619
15504	-2570.558	-2895.064	324.5061	1.367172	0.4402028	2.296846
15510	-2568.523	-2893.977	325.4538	2.195892	0.6130701	0.5936926
15516	-2569.145	-2894.667	325.5211	2.217242	0.500005	0.7590813
15522	-2560.275	-2885.933	325.658	2.050197	0.5184831	0.7590813
15528	-2563.066	-2888.73	325.6649	2.017348	0.5436913	0.7380667
15534	-2576.23	-2901.869	325.6396	2.104783	0.4918849	0.769867
15540	-2571.616	-2897.027	325.4114	2.104783	0.6721553	0.7065538
15546	-2556.715	-2882.15	325.4353	2.016568	0.6065965	0.9117666
15552	-2570.715	-2896.111	325.3964	2.011838	0.6033695	0.9635361
15558	-2578.483	-2904.278	325.7942	1.946411	0.3986225	0.9721422
15564	-2554.659	-2879.226	324.5669	1.411562	0.6862248	1.981749
15570	-2568.585	-2893.484	324.8995	1.570373	0.6732145	1.654392
15576	-2567.866	-2893.018	325.1516	1.636215	0.4965287	1.614637
15582	-2551.258	-2876.799	325.5405	1.911574	0.623129	0.8848635
15588	-2561.55	-2887.161	325.6109	2.128345	0.5056633	0.7438231
15594	-2559.545	-2884.975	325.4297	2.118868	0.6420686	0.720839
15600	-2559.199	-2884.851	325.6515	2.200211	0.4734742	0.6374566
15606	-2556.319	-2881.869	325.55	2.091857	0.5886403	0.6918059
15612	-2578.589	-2904.408	325.8189	2.122884	0.3965841	0.7308197
15618	-2551.769	-2877.44	325.6708	2.070919	0.5093045	0.7308197
15624	-2552.236	-2877.755	325.5183	2.100476	0.5886018	0.7308197
15630	-2551.392	-2876.993	325.6008	2.142626	0.5510193	0.5888159
15636	-2584.212	-2909.664	325.4512	2.160168	0.6315538	0.6271795
15642	-2566.754	-2892.346	325.5915	2.29627	0.4698188	0.5343982
15648	-2572.189	-2897.71	325.5209	2.337832	0.4881869	0.5041714
15654	-2555.982	-2881.447	325.4652	2.337832	0.5220917	0.5041714
15660	-2573.713	-2899.291	325.5781	1.859328	0.5148072	1.068346
15666	-2581.421	-2906.935	325.5149	1.886571	0.6014653	0.973388
15672	-2559.216	-2884.918	325.7026	1.860082	0.4729386	1.014993
15678	-2552.949	-2878.539	325.5901	1.850355	0.4703713	1.133597
15684	-2554.237	-2879.602	325.3651	1.705865	0.5018798	1.395782
15690	-2570.232	-2895.584	325.352	1.718945	0.5018798	1.395782
15696	-2566.678	-2891.936	325.2583	1.512565	0.5088379	1.61223
15702	-2565.081	-2890.358	325.2775	1.564094	0.4668063	1.61223
15708	-2568.913	-2893.971	325.0574	1.534097	0.5363325	1.70897
15714	-2579.035	-2903.934	324.8994	1.497171	0.6074712	1.7706
15720	-2588.357	-2913.215	324.8577	1.52816	0.3869284	2.02875
15726	-2579.884	-2905.156	325.2723	1.581067	0.3972738	1.695015
15732	-2565.467	-2890.49	325.0232	1.551628	0.5495026	1.706278
15738	-2574.769	-2900.139	325.3709	1.666219	0.4141191	1.538669
15744	-2574.236	-2899.557	325.3204	1.670835	0.4389765	1.538669
15750	-2561.69	-2887.111	325.4204	1.745854	0.4289854	1.420267
15756	-2556.633	-2882.009	325.3758	1.693506	0.4852489	1.418637
15762	-2555.69	-2881.166	325.4757	1.626956	0.4871038	1.390249
15768	-2572.998	-2898.154	325.1559	1.629179	0.4934593	1.620284
15774	-2558.731	-2883.81	325.0792	1.615899	0.454983	1.731448
15780	-2571.01	-2896.302	325.2918	1.674812	0.4330365	1.564822
15786	-2566.286	-2891.095	324.8087	1.596091	0.4557096	1.930352
15792	-2560.059	-2885.755	325.6963	1.918872	0.5084017	0.8976053
15798	-2552.81	-2878.361	325.5508	1.884191	0.4572053	1.158791
15804	-2577.036	-2902.555	325.5182	1.929344	0.5341047	1.029143
15810	-2579.941	-2905.493	325.5517	1.972655	0.553702	0.9186677
15816	-2564.491	-2890.163	325.6722	1.957494	0.4242247	1.034441
15822	-2564.577	-2890.276	325.6986	1.923955	0.4242247	1.041269
15828	-2560.65	-2886.318	325.6675	2.017036	0.453221	0.9246214
15834	-2558.352	-2883.916	325.5635	1.924872	0.5514183	0.9609333
15840	-2570.878	-2896.391	325.5132	2.004205	0.5158072	0.9888737
15846	-2558.061	-2883.814	325.7529	1.935067	0.4684339	0.8912826
15852	-2568.467	-2893.866	325.3988	1.861355	0.6066236	1.102599
15858	-2575.481	-2901.085	325.6042	1.886921	0.5558086	0.9509926
15864	-2585.757	-2911.5	325.7428	1.983915	0.4430401	0.8981013
15870	-2564.521	-2889.996	325.4753	2.031787	0.5930933	0.871206
15876	-2551.76	-2877.317	325.557	2.015287	0.5006438	0.9579144
15882	-2553.975	-2879.777	325.8024	1.935086	0.4510188	0.8692256
15888	-2564.215	-2889.934	325.7199	2.006705	0.461341	0.8606228
15894	-2580.65	-2906.206	325.5556	2.046381	0.529396	0.8739136
15900	-2550.63	-2876.273	325.6435	1.786618	0.5033052	1.092606
15906	-2558.131	-2883.683	325.5519	1.768483	0.3999712	1.342249
15912	-2564.2	-2889.386	325.1864	1.657191	0.5836917	1.472231
15918	-2572.84	-2897.762	324.9218	1.535796	0.4980316	1.845222
15924	-2577.467	-2903.253	325.7865	1.749611	0.3998348	1.162663
15930	-2572.477	-2897.705	325.228	1.686198	0.5428274	1.465818
15936	-2579.288	-2904.707	325.419	1.583998	0.5120782	1.43541
15942	-2574.891	-2900.245	325.3536	1.637894	0.5388713	1.411348
15948	-2578.844	-2904.185	325.3417	1.685138	0.4889913	1.446421
15954	-2582.152	-2907.077	324.9251	1.572242	0.5663088	1.742676
15960	-2580.187	-2905.287	325.1	1.519987	0.489367	1.742676
15966	-2574.928	-2900.09	325.1621	1.539712	0.489367	1.684933
15972	-2558.836	-2883.907	325.071	1.64926	0.4871087	1.674492
15978	-2567.953	-2893.069	325.116	1.590706	0.6091896	1.546749
15984	-2570.889	-2895.44	324.5501	1.572476	0.6139497	1.951674
15990	-2570.428	-2895.727	325.2995	1.619378	0.4696141	1.552124
15996	-2569.338	-2894.038	324.6997	1.569612	0.5637761	1.902483
16002	-2560.484	-2886.018	325.5346	1.788831	0.5149056	1.171214
16008	-2565.705	-2891.193	325.4884	1.824043	0.486365	1.221137
16014	-2571.002	-2896.543	325.5404	1.76656	0.5933551	1.07719
16020	-2558.65	-2883.399	324.7482	1.434392	0.4451501	2.090762
16026	-2564.123	-2888.642	324.5186	1.451208	0.5179112	2.149085
16032	-2573.065	-2897.972	324.9063	1.392708	0.3708254	2.107273
16038	-2570.168	-2895.439	325.2715	1.598092	0.4884893	1.564727
16044	-2581.518	-2907	325.4812	1.728936	0.4543019	1.350171
16050	-2584.569	-2909.794	325.2254	1.548531	0.4548212	1.67587
16056	-2567.679	-2893.002	325.3235	1.727467	0.5431451	1.35956
16062	-2569.348	-2894.754	325.4056	1.735424	0.5978056	1.2186
16068	-2584.198	-2909.777	325.579	1.733586	0.423941	1.312162
16074	-2561.414	-2886.871	325.4566	1.671855	0.5094883	1.340628
16080	-2568.44	-2894.029	325.5895	1.774234	0.4332699	1.256249
16086	-2567.662	-2893.021	325.359	1.83399	0.5584822	1.224312
16092	-2576.204	-2901.819	325.6149	1.893062	0.4306449	1.136354
16098	-2569.411	-2894.982	325.5718	1.850014	0.4306449	1.211386
16104	-2569.23	-2894.796	325.5652	1.864376	0.567025	0.9966065
16110	-2558.896	-2884.454	325.5582	1.994574	0.567025	0.8631695
16116	-2578.734	-2904.264	325.5303	1.999561	0.6539099	0.7248092
16122	-2567.07	-2892.606	325.5356	1.913125	0.4724256	1.122961
16128	-2562.802	-2888.264	325.4619	1.982431	0.540867	1.021908
16134	-2569.362	-2895.176	325.8141	2.036075	0.4471394	0.727082
16140	-2577.92	-2903.562	325.642	1.93036	0.485397	0.9841414
16146	-2556.716	-2882.131	325.415	1.837903	0.599935	1.118083
16152	-2567.169	-2892.8	325.6315	1.983733	0.5470519	0.8239751
16158	-2575.496	-2900.987	325.4904	1.906963	0.5587208	1.040694
16164	-2572.004	-2897.613	325.6092	1.837153	0.5212863	1.049921
16170	-2552.779	-2878.334	325.5547	1.851911	0.5528131	1.040546
16176	-2565.628	-2891.284	325.6556	1.780695	0.511512	1.07434
16182	-2549.134	-2874.596	325.462	1.74545	0.5715928	1.195063
16188	-2555.854	-2881.214	325.3596	1.725337	0.6498458	1.203665
16194	-2553.452	-2878.945	325.4929	1.716779	0.5317639	1.245179
16200	-2552.77	-2878.206	325.4367	1.66493	0.6051087	1.24287
16206	-2545.887	-2871.352	325.4656	1.861268	0.5760598	1.082535
16212	-2551.269	-2876.815	325.5465	1.878397	0.5760598	0.9876826
16218	-2558.053	-2883.588	325.5349	1.912912	0.5555083	0.9959873
16224	-2565.094	-2890.607	325.5137	1.885654	0.5745098	1.015501
16230	-2550.86	-2876.384	325.5241	2.083951	0.6049231	0.709326
16236	-2551.795	-2877.267	325.4719	2.17086	0.6028914	0.64918
16242	-2570.142	-2895.819	325.6772	2.29351	0.4206303	0.5636498
16248	-2576.709	-2902.343	325.6336	2.09323	0.5329464	0.6918849
16254	-2570.709	-2896.266	325.5565	1.845656	0.5250029	1.085928
16260	-2575.007	-2900.655	325.6475	1.879624	0.4972657	1.009519
16266	-2563.427	-2889.137	325.7097	1.835728	0.4397202	1.087337
16272	-2567.592	-2892.972	325.3792	1.794965	0.5838592	1.207825
16278	-2568.455	-2893.91	325.4549	1.949588	0.6336355	0.9216266
16284	-2570.173	-2895.79	325.6164	1.993779	0.4982541	0.9216266
16290	-2558.894	-2884.515	325.6211	1.924425	0.4489485	1.071797
16296	-2554.048	-2879.707	325.6591	1.853482	0.5426359	0.9498754
16302	-2560.183	-2885.481	325.2982	1.87516	0.6689861	1.102641
16308	-2562.386	-2887.736	325.3496	1.748624	0.5234293	1.346757
16314	-2568.103	-2893.445	325.3419	1.686093	0.5025037	1.428296
16320	-2552.465	-2877.207	324.7421	1.390548	0.5025037	2.058788
16326	-2559.137	-2883.507	324.3699	1.487025	0.5194943	2.220616
16332	-2559.374	-2884.089	324.7151	1.443243	0.5194943	2.023415
16338	-2564.442	-2888.918	324.4757	1.434263	0.4909611	2.21663
16344	-2564.662	-2889.578	324.916	1.591868	0.4909611	1.818742
16350	-2575.572	-2900.395	324.8228	1.664068	0.3989939	1.945511
16356	-2555.788	-2880.789	325.0003	1.545879	0.4826764	1.80193
16362	-2571.106	-2896.047	324.9415	1.598545	0.4863076	1.80193
16368	-2550.889	-2876.158	325.269	1.598545	0.5495476	1.493167
16374	-2553.346	-2878.257	324.9105	1.684984	0.6279406	1.608599
16380	-2571.534	-2896.883	325.3484	1.655792	0.4943391	1.456831
16386	-2550.969	-2876.352	325.383	1.62525	0.4880945	1.461664
16392	-2552.41	-2877.682	325.2719	1.62525	0.5193916	1.506617
16398	-2553.417	-2878.906	325.4891	1.691442	0.3630971	1.506617
16404	-2540.551	-2866.056	325.5054	1.73194	0.4202981	1.377428
16410	-2572.91	-2898.572	325.6618	2.10004	0.4806739	0.7719136
16416	-2565.019	-2890.574	325.555	2.151753	0.4856465	0.8338873
16422	-2561.073	-2886.651	325.578	2.115777	0.5288156	0.7559909
16428	-2555.395	-2881.022	325.6263	2.016082	0.5176082	0.8482326
16434	-2556.931	-2882.493	325.5616	1.976397	0.5807045	0.8562418
16440	-2548.8	-2874.347	325.5472	1.984808	0.5847599	0.8562418
16446	-2554.799	-2880.224	325.4249	1.861118	0.6704982	0.9928099
16452	-2560.567	-2886.301	325.7333	2.014037	0.4644166	0.8285515
16458	-2540.033	-2865.776	325.7428	1.964566	0.4738716	0.8576879
16464	-2542.306	-2868.025	325.7188	1.970675	0.4821492	0.8620931
16470	-2552.075	-2877.644	325.5688	1.954822	0.5847082	0.8663207
16476	-2559.703	-2885.402	325.699	1.949866	0.4355462	0.9950169
16482	-2560.183	-2885.941	325.7583	2.004926	0.4562502	0.8266173
16488	-2566.755	-2892.383	325.6284	2.049611	0.5014132	0.8369364
16494	-2569.917	-2895.547	325.6297	2.116433	0.5014132	0.7440393
16500	-2568.128	-2893.717	325.5891	2.184812	0.5137445	0.6605953
16506	-2554.338	-2880.14	325.8019	2.033994	0.3832357	0.9021664
16512	-2570.13	-2895.738	325.6075	2.174784	0.5128611	0.6457955
16518	-2558.185	-2883.785	325.6004	2.141801	0.5128611	0.7207305
16524	-2558.436	-2884.098	325.6619	2.092632	0.4732975	0.7994209
16530	-2558.275	-2883.952	325.6778	2.092149	0.438911	0.8564656
16536	-2559.111	-2884.663	325.5526	2.028878	0.5811257	0.8005479
16542	-2559.631	-2885.148	325.5178	1.89888	0.5552951	1.027045
16548	-2560.643	-2886.405	325.7621	1.912799	0.4395971	0.9608985
16554	-2557.2	-2882.752	325.5523	1.92521	0.4960379	1.059575
16560	-2552.948	-2878.715	325.7674	1.919855	0.3911783	1.039517
16566	-2557.572	-2883.243	325.671	1.928433	0.4378056	1.039567
16572	-2554.123	-2879.654	325.5308	1.798564	0.590871	1.059626
16578	-2554.548	-2880.241	325.693	1.860803	0.4949062	0.9868054
16584	-2558.764	-2884.538	325.7738	1.926783	0.5048719	0.8005434
16590	-2559.439	-2885.131	325.6912	2.049599	0.4783583	0.8060279
16596	-2554.866	-2880.426	325.5599	1.964159	0.5009449	1.006596
16602	-2556.301	-2881.835	325.5342	1.897704	0.5621963	1.00161
16608	-2572.811	-2898.194	325.3825	1.871888	0.6063557	1.10821
16614	-2556.508	-2882.105	325.5975	1.827029	0.5759238	0.9882545
16620	-2549.481	-2874.991	325.5101	1.760647	0.5993015	1.102628
16626	-2550.248	-2875.676	325.4275	1.754228	0.4972995	1.314017
16632	-2548.637	-2874.001	325.3639	1.754228	0.5366885	1.314017
16638	-2561.868	-2887.11	325.2428	1.720891	0.5005062	1.479818
16644	-2569.332	-2895.025	325.6923	1.759849	0.3866613	1.256226
16650	-2559.977	-2885.245	325.2679	1.741363	0.4119508	1.562238
16656	-2586.97	-2912.453	325.483	1.680537	0.3668475	1.513576
16662	-2592.358	-2917.647	325.2894	1.79621	0.5465252	1.327748
16668	-2582.431	-2907.73	325.2984	1.63783	0.5168547	1.480335
16674	-2567.592	-2893.017	325.425	1.647096	0.4632067	1.445479
16680	-2575.212	-2900.61	325.3986	1.603513	0.4206814	1.555488
16686	-2556.293	-2881.547	325.2541	1.654005	0.5120105	1.507394
16692	-2568.154	-2893.298	325.1437	1.672371	0.5081435	1.580105
16698	-2563.793	-2889.352	325.5588	1.84351	0.5601472	1.033819
16704	-2557.566	-2883.136	325.5704	1.89741	0.5601472	0.9683543
16710	-2553.159	-2878.716	325.5575	1.951211	0.5528874	0.9370598
16716	-2548.705	-2874.37	325.6649	2.015793	0.5205495	0.7931416
16722	-2568.569	-2894.121	325.5527	2.015793	0.5692708	0.8400191
16728	-2574.46	-2900.094	325.6338	1.99678	0.5138792	0.8695776
16734	-2574.467	-2899.638	325.1716	1.760206	0.6475261	1.332793
16740	-2566.982	-2892.331	325.3493	1.718032	0.6538428	1.213978
16746	-2579.859	-2905.175	325.3162	1.832061	0.5965562	1.213978
16752	-2570.975	-2896.541	325.5658	1.935347	0.4917136	1.043925
16758	-2563.887	-2889.376	325.4891	1.982364	0.5602917	0.9643718
16764	-2567.214	-2892.879	325.6651	1.92567	0.4957311	0.9470874
16770	-2565.779	-2891.018	325.2387	1.666511	0.6232143	1.380683
16776	-2556.695	-2882.119	325.4241	1.730226	0.5149507	1.312777
16782	-2559.914	-2885.324	325.4099	1.730226	0.5268713	1.308792
16788	-2556.069	-2881.387	325.3177	1.756339	0.5623455	1.317537
16794	-2579.848	-2905.365	325.5173	1.815401	0.4096401	1.317537
16800	-2569.225	-2894.671	325.4465	1.692234	0.3909454	1.496109
16806	-2566.841	-2892.344	325.5033	1.686584	0.4385584	1.388317
16812	-2569.367	-2894.837	325.4706	1.652655	0.4728803	1.39308
16818	-2562.486	-2887.967	325.481	1.558538	0.3977293	1.559988
16824	-2567.342	-2891.875	324.5329	1.670855	0.7599145	1.76405
16830	-2557.995	-2882.762	324.7669	1.674143	0.5171714	1.83512
16836	-2560.241	-2885.251	325.0097	1.606597	0.5877026	1.635511
16842	-2581.19	-2906.85	325.659	1.855897	0.4520618	1.095065
16848	-2578.768	-2904.26	325.4921	1.754389	0.4983967	1.259577
16854	-2554.87	-2879.602	324.7321	1.391376	0.5208625	2.045053
16860	-2552.837	-2877.506	324.6696	1.516025	0.5571129	1.965825
16866	-2552.71	-2877.567	324.857	1.477238	0.4929591	1.93481
16872	-2555.904	-2880.407	324.5028	1.361133	0.4975929	2.239177
16878	-2561.636	-2886.084	324.4481	1.342242	0.4913839	2.293036
16884	-2568.288	-2893.069	324.7807	1.470168	0.4340077	2.059031
16890	-2567.596	-2892.272	324.6759	1.421704	0.4340077	2.15949
16896	-2547.687	-2872.901	325.2147	1.443087	0.5105691	1.691288
16902	-2543.92	-2869.393	325.4725	1.767908	0.4354435	1.35301
16908	-2552.902	-2878.098	325.1964	1.594992	0.5311331	1.571095
16914	-2559.094	-2884.587	325.4925	1.623427	0.3704227	1.543546
16920	-2560.137	-2885.507	325.3704	1.71594	0.4947632	1.393038
16926	-2568.216	-2893.417	325.2011	1.712156	0.5313878	1.480118
16932	-2561.754	-2886.491	324.7366	1.448805	0.4443622	2.089827
16938	-2547.881	-2872.927	325.0456	1.555486	0.4893472	1.755907
16944	-2558.915	-2884.129	325.2143	1.590754	0.4966994	1.60191
16950	-2560.187	-2885.697	325.5101	1.744798	0.457703	1.309506
16956	-2564.524	-2889.912	325.3878	1.726501	0.4486798	1.432805
16962	-2554.587	-2879.646	325.0591	1.678414	0.6067382	1.526492
16968	-2567.463	-2892.88	325.4166	1.75451	0.5052362	1.312012
16974	-2589.662	-2914.997	325.3342	1.677086	0.5052362	1.437614
16980	-2561.264	-2886.689	325.4251	1.646065	0.505341	1.391199
16986	-2565.724	-2890.967	325.2424	1.694776	0.5544492	1.434511
16992	-2577.156	-2902.248	325.0917	1.543281	0.4901924	1.731149
16998	-2574.21	-2899.472	325.2615	1.581222	0.5242739	1.541308
17004	-2561.08	-2886.19	325.1101	1.667371	0.5242739	1.589293
17010	-2575.936	-2901.249	325.3129	1.737835	0.4881443	1.429157
17016	-2584.124	-2909.23	325.1058	1.643077	0.6921708	1.429157
17022	-2566.244	-2891.55	325.3063	1.55422	0.3993368	1.687081
17028	-2554.297	-2879.518	325.2211	1.623235	0.3972057	1.701526
17034	-2553.799	-2878.875	325.0765	1.641796	0.6270001	1.519314
17040	-2544.731	-2869.804	325.0733	1.522591	0.5702391	1.668772
17046	-2570.352	-2895.355	325.003	1.56753	0.5334616	1.727008
17052	-2568.918	-2894.292	325.3737	1.573922	0.384552	1.645528
17058	-2576.516	-2901.834	325.3173	1.747632	0.4681333	1.444473
17064	-2571.064	-2896.648	325.584	2.074344	0.503495	0.8567544
17070	-2551.729	-2877.434	325.7046	1.968859	0.4943465	0.8567544
17076	-2573.38	-2898.987	325.6076	2.014003	0.4422986	1.010024
17082	-2559.658	-2885.353	325.6949	1.980667	0.4559659	0.9291607
17088	-2571.514	-2896.896	325.3824	1.925805	0.6852779	0.9496997
17094	-2567.757	-2892.755	324.9982	1.620124	0.6031407	1.617711
17100	-2577.03	-2901.833	324.8028	1.620124	0.5495087	1.812398
17106	-2568.599	-2893.544	324.9448	1.607026	0.6690897	1.599243
17112	-2569.478	-2894.697	325.2191	1.592867	0.4947255	1.599243
17118	-2580.234	-2905.203	324.9695	1.618369	0.7930507	1.456023
17124	-2566.545	-2891.572	325.0271	1.692359	0.4239963	1.753714
17130	-2563.758	-2889.087	325.3292	1.635697	0.4385945	1.55868
17136	-2568.457	-2893.501	325.0444	1.60123	0.4371065	1.78838
17142	-2563.157	-2887.988	324.8314	1.480981	0.5750924	1.861563
17148	-2560.978	-2885.4	324.4217	1.43204	0.5111652	2.231391
17154	-2552.46	-2876.918	324.4577	1.41881	0.4735222	2.257202
17160	-2561.752	-2886.872	325.1197	1.51374	0.4735222	1.75208
17166	-2553.351	-2878.465	325.1145	1.440402	0.4233205	1.868244
17172	-2550.997	-2876.235	325.2377	1.614033	0.5153259	1.545275
17178	-2563.384	-2888.971	325.5873	1.645312	0.448627	1.340326
17184	-2559.814	-2884.714	324.9	1.565734	0.5682067	1.762797
17190	-2559.325	-2883.985	324.6606	1.507588	0.508173	2.0291
17196	-2563.01	-2887.257	324.2466	1.370827	0.6335738	2.264713
17202	-2552.025	-2876.352	324.3272	1.406451	0.4802626	2.341121
17208	-2564.868	-2889.799	324.9316	1.492802	0.4440427	1.93114
17214	-2573.237	-2897.703	324.4655	1.527098	0.4669981	2.189595
17220	-2567.187	-2891.702	324.5142	1.489349	0.4607259	2.189595
17226	-2579.93	-2905.105	325.1756	1.469202	0.4594093	1.761294
17232	-2560.151	-2885.21	325.0596	1.512797	0.4116424	1.871191
17238	-2582.366	-2906.262	323.8963	1.407566	0.6171061	2.478149
17244	-2587.081	-2911.659	324.5782	1.637554	0.6017208	1.900637
17250	-2572.667	-2897.025	324.3578	1.518767	0.6279154	2.101834
17256	-2576.223	-2901.14	324.9174	1.72242	0.5242306	1.688378
17262	-2558.723	-2883.986	325.2637	1.695223	0.46435	1.529286
17268	-2559.809	-2884.77	324.9609	1.572159	0.4768788	1.81783
17274	-2551.35	-2876.833	325.4822	1.633385	0.4372371	1.447594
17280	-2552.959	-2878.428	325.4695	1.758101	0.5302153	1.23224
17286	-2563.733	-2888.899	325.1659	1.671546	0.5164376	1.554515
17292	-2580.875	-2905.526	324.6513	1.422005	0.4790765	2.123522
17298	-2568.466	-2892.86	324.3948	1.317497	0.4790765	2.356017
17304	-2588.013	-2912.944	324.9316	1.412989	0.4959072	1.924513
17310	-2577.517	-2902.735	325.2184	1.576014	0.4959072	1.610576
17316	-2556.697	-2882.102	325.4053	1.690978	0.4796537	1.405068
17322	-2560.15	-2885.768	325.6177	1.946433	0.4145584	1.112696
17328	-2571.752	-2897.408	325.6559	1.954826	0.4316746	1.039511
17334	-2564.494	-2889.916	325.4221	1.860209	0.5631975	1.140624
17340	-2568.391	-2893.813	325.4219	1.892753	0.5708234	1.101081
17346	-2560.132	-2885.504	325.372	1.937911	0.7060437	0.9185855
17352	-2570.879	-2896.554	325.6748	1.937911	0.4864608	0.9402003
17358	-2570.891	-2896.667	325.7756	1.959744	0.4174029	0.9402003
17364	-2576.056	-2900.914	324.8578	1.496182	0.6386373	1.769551
17370	-2576.726	-2902.214	325.4881	1.567256	0.3328264	1.645217
17376	-2555.696	-2880.721	325.0253	1.629049	0.4176466	1.807184
17382	-2559.5	-2884.591	325.0901	1.702148	0.6380379	1.451909
17388	-2553.254	-2878.73	325.4758	1.702148	0.4247581	1.417201
17394	-2567.87	-2893.493	325.6227	1.759678	0.51587	1.117465
17400	-2584.279	-2909.976	325.6968	1.894325	0.4733282	0.9859067
17406	-2566.965	-2892.705	325.7399	1.861286	0.4786627	0.9662106
17412	-2561.403	-2886.991	325.5876	1.806807	0.5371884	1.075137
17418	-2571.807	-2897.608	325.8019	1.792598	0.4201099	1.075137
17424	-2570.873	-2896.683	325.81	2.011634	0.390977	0.9011552
17430	-2566.844	-2892.474	325.6304	1.879525	0.3724162	1.231691
17436	-2581.894	-2907.632	325.7382	1.825217	0.3465907	1.231691
17442	-2568.206	-2893.751	325.5452	2.039282	0.6083446	0.7394944
17448	-2553.724	-2879.099	325.3748	1.98879	0.6309811	0.9689563
17454	-2554.236	-2879.762	325.5266	1.924432	0.5105953	1.061956
17460	-2569.494	-2894.942	325.4486	1.821967	0.6605923	1.021439
17466	-2573.884	-2899.625	325.7417	1.911598	0.4607907	0.9439043
17472	-2564.675	-2890.223	325.5479	1.911598	0.5100272	1.05474
17478	-2549.503	-2875.045	325.542	1.961465	0.6109255	0.8445882
17484	-2572.199	-2897.856	325.6574	2.053698	0.4757594	0.8491999
17490	-2590.307	-2915.754	325.4472	1.792251	0.4149047	1.383668
17496	-2572.569	-2897.996	325.4268	1.722599	0.4248432	1.439075
17502	-2584.504	-2909.592	325.0881	1.678141	0.507686	1.616915
17508	-2579.614	-2904.632	325.0175	1.557343	0.4655069	1.802484
17514	-2575.682	-2900.773	325.091	1.556655	0.4735474	1.742076
17520	-2588.591	-2913.312	324.7212	1.567882	0.5199927	1.935413
17526	-2582.049	-2907.164	325.1151	1.551193	0.4656155	1.738671
17532	-2574.219	-2899.059	324.8403	1.559247	0.6376279	1.738671
17538	-2588.122	-2913.314	325.1919	1.504496	0.4957674	1.681131
17544	-2565.595	-2890.923	325.3275	1.75799	0.4781982	1.415354
17550	-2560.777	-2886.142	325.3651	1.675702	0.5245878	1.390562
17556	-2558.046	-2883.376	325.3303	1.687503	0.5167557	1.418228
17562	-2559.559	-2884.541	324.9819	1.714115	0.6304687	1.532262
17568	-2584.031	-2908.84	324.8092	1.523073	0.6541292	1.769814
17574	-2586.936	-2911.953	325.0175	1.450256	0.3571792	2.014302
17580	-2581.932	-2906.853	324.921	1.613756	0.5209471	1.766012
17586	-2560.454	-2886.026	325.5724	1.720505	0.4630097	1.270956
17592	-2562.317	-2887.68	325.3631	1.728809	0.5820677	1.278828
17598	-2554.224	-2879.355	325.1316	1.68185	0.6207026	1.454333
17604	-2580.299	-2904.65	324.3511	1.209329	0.6340912	2.300784
17610	-2565.746	-2890.514	324.7688	1.489242	0.5831037	1.890461
17616	-2568.024	-2892.816	324.792	1.530076	0.5410501	1.890461
17622	-2560.326	-2885.638	325.3124	1.540553	0.4317562	1.649039
17628	-2577.167	-2902.241	325.0746	1.630034	0.4283908	1.758384
17634	-2564.817	-2889.747	324.93	1.607267	0.5010628	1.786814
17640	-2568.608	-2893.602	324.9937	1.546942	0.4989809	1.786814
17646	-2581.433	-2905.94	324.5066	1.495223	0.5717638	2.073168
17652	-2566.715	-2891.327	324.6123	1.564824	0.5934519	1.934926
17658	-2551.945	-2877.134	325.1897	1.617456	0.4840326	1.615794
17664	-2563.277	-2888.481	325.2043	1.687567	0.4533642	1.592787
17670	-2560.498	-2885.302	324.8034	1.514332	0.4795891	1.961074
17676	-2557.929	-2882.911	324.9824	1.467438	0.4062226	1.961074
17682	-2568.592	-2892.97	324.3774	1.419282	0.5026875	2.276979
17688	-2574.358	-2898.97	324.6117	1.53328	0.7136381	1.844811
17694	-2546.657	-2871.69	325.0331	1.667239	0.4567195	1.725665
17700	-2552.492	-2877.585	325.0923	1.602277	0.4636118	1.721204
17706	-2566.089	-2891.114	325.0253	1.514816	0.5582817	1.721204
17712	-2570.397	-2896.03	325.6323	1.972318	0.5188103	0.8903787
17718	-2560.133	-2885.773	325.6403	2.102603	0.5096802	0.7278354
17724	-2575.02	-2900.533	325.5137	2.138364	0.5657162	0.7323037
17730	-2571.124	-2896.71	325.5859	2.081889	0.5659309	0.7059814
17736	-2559.531	-2885.12	325.5885	2.126486	0.5237459	0.7360236
17742	-2572.284	-2897.831	325.5472	1.889425	0.5249123	1.053707
17748	-2582.516	-2908.169	325.6532	1.80848	0.5102714	1.052311
17754	-2567.625	-2893.1	325.4749	1.863004	0.5234817	1.146338
17760	-2566.531	-2892.061	325.5297	1.838254	0.5234817	1.119434
17766	-2568.16	-2893.668	325.5085	1.967528	0.4506947	1.132537
17772	-2570.483	-2895.862	325.3782	1.925055	0.5797629	1.099222
17778	-2570.579	-2896.221	325.6423	1.925999	0.4038756	1.127245
17784	-2579.209	-2904.38	325.171	1.716169	0.5769602	1.446702
17790	-2570.49	-2895.578	325.0878	1.598781	0.5924358	1.579439
17796	-2557.07	-2882.27	325.1998	1.687694	0.4662761	1.579439
17802	-2574.249	-2899.489	325.2396	1.752497	0.4662761	1.501999
17808	-2580.913	-2906.151	325.2384	1.593318	0.5519086	1.517254
17814	-2582.827	-2908.194	325.3669	2.1026	0.6912408	0.7411444
17820	-2567.988	-2893.237	325.249	1.654621	0.5066865	1.517254
17826	-2556.21	-2881.651	325.4412	1.691802	0.3990575	1.488535
17832	-2559.469	-2884.945	325.4765	1.829064	0.4215168	1.321412
17838	-2547.189	-2872.984	325.7947	1.945285	0.3798693	1.009887
17844	-2554.613	-2880.249	325.6355	1.980938	0.5376567	0.8408576
17850	-2550.084	-2875.897	325.8137	1.938841	0.4113696	0.9339458
17856	-2556.23	-2881.857	325.6264	2.025841	0.443327	0.9773319
17862	-2573.563	-2899.046	325.4822	2.074292	0.5792258	0.836303
17868	-2568.617	-2894.346	325.7296	2.007714	0.4257776	0.9212451
17874	-2567.186	-2892.916	325.7303	1.943112	0.4778857	0.8892935
17880	-2566.118	-2891.906	325.7877	1.90554	0.4354394	0.9495971
17886	-2580.098	-2905.749	325.6508	1.950063	0.5139336	0.9035032
17892	-2572.371	-2898.265	325.894	1.850049	0.4055553	0.9546511
17898	-2567.202	-2893.028	325.8262	1.783533	0.4196363	1.061626
17904	-2565.804	-2891.314	325.5095	1.932001	0.4732969	1.128149
17910	-2569.536	-2895.121	325.5845	2.345786	0.4377155	0.5966069
17916	-2583.068	-2908.66	325.5927	2.211689	0.4994702	0.645505
17922	-2585.514	-2911.339	325.825	2.211689	0.3818049	0.5955882
17928	-2557.15	-2882.745	325.5951	2.076241	0.5331725	0.7782896
17934	-2594.109	-2918.221	324.1114	1.455332	0.7604176	2.190534
17940	-2564.623	-2890.275	325.6525	1.987545	0.4824297	0.9179729
17946	-2569.11	-2894.773	325.6626	1.936762	0.4813636	0.9634005
17952	-2572.868	-2898.417	325.5493	1.845138	0.5061945	1.120793
17958	-2564.655	-2890.385	325.7298	1.89369	0.3945161	1.093436
17964	-2572.16	-2897.689	325.5292	1.919849	0.5056792	1.071375
17970	-2575.42	-2900.818	325.398	1.793205	0.5445767	1.243848
17976	-2564.577	-2889.925	325.3477	1.721649	0.551488	1.334612
17982	-2571.347	-2896.652	325.3053	1.658283	0.6042019	1.356129
17988	-2575.921	-2900.887	324.966	1.676032	0.594358	1.609797
17994	-2565.739	-2890.782	325.0433	1.61312	0.5157046	1.686319
18000	-2555.002	-2880.224	325.2214	1.710578	0.4896258	1.517168
18006	-2549.757	-2875.155	325.398	1.638606	0.4896258	1.438063
18012	-2572.174	-2897.349	325.1746	1.638606	0.4991505	1.59302
18018	-2563.725	-2888.745	325.0197	1.70756	0.6079126	1.532896
18024	-2571.136	-2896.402	325.2651	1.742531	0.6539971	1.263858
18030	-2568.381	-2893.723	325.3416	1.772792	0.5791855	1.263858
18036	-2569.803	-2895.416	325.6138	1.799998	0.4900239	1.127524
18042	-2573.19	-2898.788	325.5983	1.719065	0.5330788	1.150971
18048	-2558.967	-2884.318	325.3512	1.724878	0.5316427	1.353971
18054	-2553.144	-2878.649	325.5052	1.698181	0.4699037	1.333836
18060	-2573.279	-2898.614	325.335	1.652277	0.5631928	1.38537
18066	-2562.652	-2888.126	325.4746	1.778813	0.5261503	1.215879
18072	-2587.854	-2913.327	325.4725	1.671508	0.5457875	1.281368
18078	-2593.632	-2919.171	325.5395	1.661069	0.5040431	1.2897
18084	-2573.708	-2899.238	325.5302	1.810957	0.5597024	1.092196
18090	-2585.503	-2911.101	325.5974	1.811965	0.4520134	1.189096
18096	-2577.011	-2902.387	325.3761	1.775513	0.5144194	1.315631
18102	-2554.788	-2880.473	325.6846	1.808312	0.4712391	1.084457
18108	-2558.077	-2883.511	325.434	1.82768	0.4970341	1.248797
18114	-2569.235	-2894.796	325.5616	1.789628	0.4522947	1.238063
18120	-2561.003	-2886.071	325.0686	1.632864	0.5393862	1.627081
18126	-2563.571	-2888.605	325.0341	1.648864	0.5031911	1.681959
18132	-2562.72	-2888.154	325.4333	1.631088	0.4056506	1.530365
18138	-2562.33	-2887.631	325.301	1.702106	0.5372084	1.404332
18144	-2569.836	-2895.161	325.3243	1.640931	0.4637832	1.525297
18150	-2576.737	-2901.901	325.164	1.667513	0.6739912	1.383739
18156	-2557.231	-2882.514	325.2832	1.814032	0.6739912	1.164756
18162	-2562.494	-2887.783	325.2891	1.791041	0.6868052	1.164756
18168	-2566.69	-2892.353	325.663	1.84729	0.4417657	1.116119
18174	-2554.567	-2880.244	325.6769	1.898936	0.4287952	1.077563
18180	-2559.953	-2885.528	325.5748	1.816167	0.4410993	1.221444
18186	-2556.702	-2882.388	325.6862	1.881649	0.4410993	1.064061
18192	-2559.96	-2885.623	325.663	1.904855	0.4410993	1.064061
18198	-2574.856	-2900.5	325.6436	1.903354	0.5256441	0.9417789
18204	-2558.347	-2883.937	325.5902	1.764787	0.4489094	1.239972
18210	-2555.606	-2881.045	325.4389	1.866797	0.4783547	1.238279
18216	-2537.545	-2862.996	325.4509	1.798329	0.4448606	1.332448
18222	-2544.569	-2870.031	325.4613	1.730242	0.4329896	1.394901
18228	-2553.259	-2878.852	325.5929	1.70215	0.3588807	1.426304
18234	-2558.498	-2884.06	325.5619	1.741768	0.4020846	1.352281
18240	-2565.356	-2890.903	325.5467	1.68465	0.4251169	1.375138
18246	-2567.192	-2892.528	325.3356	1.694959	0.4831422	1.451113
18252	-2572.954	-2898.6	325.6458	1.832172	0.4237438	1.174012
18258	-2584.132	-2909.509	325.3766	1.872606	0.5600842	1.174012
18264	-2570.603	-2896.188	325.5855	1.963375	0.5628375	0.8751851
18270	-2580.594	-2906.242	325.6472	2.000161	0.5390495	0.7984688
18276	-2579.986	-2905.431	325.4448	2.07535	0.6609012	0.7251122
18282	-2580.73	-2906.42	325.6906	1.975861	0.5157174	0.8220136
18288	-2586.075	-2911.633	325.5576	2.007451	0.6097168	0.7654885
18294	-2577.337	-2902.831	325.4932	1.802042	0.5850187	1.099381
18300	-2576.699	-2902.043	325.3438	2.183269	0.6304073	0.7777226
18306	-2566.37	-2892.026	325.6554	1.959527	0.5224676	0.8716204
18312	-2552.455	-2878.061	325.606	1.980639	0.540367	0.8716204
18318	-2557.66	-2883.069	325.4094	1.804124	0.661476	1.074877
18324	-2566.581	-2892.233	325.6526	1.88283	0.5014071	0.9944222
18330	-2562.495	-2888.193	325.6975	1.904148	0.5014071	0.9252705
18336	-2568.957	-2894.385	325.4281	2.026009	0.5965326	0.9252705
18342	-2564.544	-2890.083	325.5394	1.927647	0.4754883	1.101538
18348	-2557.394	-2883.126	325.7319	1.901243	0.4779432	0.9337618
18354	-2554.945	-2880.622	325.6766	1.888229	0.4662167	1.024313
18360	-2553.609	-2879.261	325.652	1.90231	0.4662167	1.034561
18366	-2555.769	-2881.262	325.4928	1.762323	0.473604	1.286866
18372	-2558.343	-2883.967	325.6244	1.717955	0.464535	1.227475
18378	-2568.661	-2894.261	325.6005	1.840922	0.4784937	1.120224
18384	-2564.874	-2890.578	325.7039	1.818075	0.4784937	1.045289
18390	-2562.312	-2887.825	325.5131	1.830512	0.591406	1.045289
18396	-2544.887	-2870.281	325.3937	1.836285	0.6049527	1.132123
18402	-2551.143	-2876.791	325.6489	1.840013	0.5068527	1.031549
18408	-2546.963	-2872.634	325.6705	1.900227	0.4928206	0.9730673
18414	-2563.603	-2889.263	325.6597	1.923477	0.4934031	0.9591235
18420	-2559.941	-2885.468	325.5266	1.961609	0.552613	0.9591235
18426	-2576.234	-2901.85	325.6162	1.784561	0.6218219	0.9435775
18432	-2561.606	-2887.219	325.6127	1.873337	0.4941271	1.054468
18438	-2559.094	-2884.775	325.6814	1.924649	0.4768797	0.9643288
18444	-2556.873	-2882.417	325.5439	1.918725	0.5931353	0.9214892
18450	-2548.407	-2874.035	325.6286	1.918725	0.4957034	0.9920008
18456	-2558.156	-2883.793	325.6374	1.919934	0.482894	1.003476
18462	-2570.579	-2895.795	325.2166	1.931049	0.75561	1.021621
18468	-2558.803	-2884.267	325.4648	1.919325	0.5582445	1.054081
18474	-2559.122	-2884.811	325.6884	1.995679	0.477958	0.8768465
18480	-2561.802	-2887.415	325.6126	2.080814	0.5208829	0.7747738
18486	-2569.853	-2895.551	325.6986	2.021272	0.4912172	0.8050631
18492	-2555.622	-2881.137	325.515	2.164535	0.5722947	0.666477
18498	-2556.36	-2882.125	325.7651	1.99629	0.4762595	0.7831186
18504	-2551.924	-2877.382	325.4584	2.056131	0.6327607	0.7904772
18510	-2576.771	-2902.355	325.5838	2.189445	0.5192861	0.6426138
18516	-2571.993	-2897.597	325.6043	2.141278	0.5192861	0.6973978
18522	-2559.063	-2884.718	325.6545	2.008952	0.4371884	0.9771946
18528	-2569.973	-2895.648	325.6748	2.025379	0.4884154	0.8362618
18534	-2551.819	-2877.515	325.6962	2.089782	0.4762899	0.7476467
18540	-2561.408	-2887.038	325.6294	2.078691	0.5295083	0.732483
18546	-2564.799	-2890.231	325.4324	1.957137	0.690452	0.8503885
18552	-2567.377	-2892.705	325.3281	1.569155	0.429664	1.619869
18558	-2571.682	-2897.002	325.3201	1.577204	0.429664	1.619869
18564	-2566.593	-2892.255	325.6619	2.111376	0.4432311	0.8429157
18570	-2571.748	-2897.3	325.552	2.089479	0.538549	0.8073197
18576	-2562.58	-2888.357	325.777	1.980874	0.4350632	0.8789338
18582	-2567.298	-2892.947	325.6489	2.016187	0.4677015	0.9181732
18588	-2554.429	-2880.088	325.6593	2.093274	0.4685128	0.8128552
18594	-2544.79	-2870.565	325.7758	1.993663	0.4443098	0.8452875
18600	-2554.23	-2879.962	325.732	2.060708	0.472243	0.7479466
18606	-2557.414	-2883.222	325.8073	2.089395	0.4205931	0.7300064
18612	-2555.714	-2881.148	325.4345	2.118375	0.6348823	0.7300064
18618	-2576.552	-2901.739	325.1867	2.271269	0.7703314	0.5146859
18624	-2550.392	-2875.918	325.5263	1.742978	0.4667624	1.284947
18630	-2566.748	-2892.263	325.5154	1.67942	0.4667624	1.345014
18636	-2580.931	-2906.283	325.3522	1.804751	0.6227786	1.174128
18642	-2574.631	-2900.305	325.6738	1.804441	0.4768024	1.089208
18648	-2570.714	-2896.08	325.3663	1.910351	0.5984208	1.098461
18654	-2560.522	-2885.876	325.3543	2.486845	0.4842512	0.3979279
18660	-2577.079	-2902.776	325.6971	1.934869	0.387002	1.099219
18666	-2575.382	-2900.919	325.5376	1.896124	0.5729803	0.9833628
18672	-2571.42	-2896.892	325.4719	2.203247	0.5993513	0.5738251
18678	-2568.482	-2893.852	325.3696	2.325115	0.5927303	0.4966288
18684	-2561.808	-2887.172	325.364	2.327385	0.5948051	0.4875062
18690	-2569.805	-2895.169	325.3638	2.327385	0.5948051	0.5165572
18696	-2562.572	-2888.094	325.5213	2.327385	0.4927995	0.5345849
18702	-2549.852	-2875.359	325.5069	2.254264	0.5463814	0.5433646
18708	-2570.515	-2896.013	325.4976	2.254264	0.5495498	0.5656735
18714	-2553.854	-2879.298	325.4434	2.329663	0.5387245	0.54366
18720	-2548.865	-2874.567	325.7015	2.21265	0.4518461	0.5629983
18726	-2563.699	-2889.388	325.6893	2.292065	0.4115745	0.5879313
18732	-2573.33	-2898.581	325.2518	2.291208	0.7024919	0.5158038
18738	-2556.189	-2881.482	325.2938	2.310128	0.6565727	0.5185091
18744	-2559.931	-2885.47	325.5387	2.374041	0.456804	0.4994807
18750	-2552.851	-2878.388	325.5369	2.374041	0.4578337	0.4975644
18756	-2573.741	-2898.876	325.1346	2.449137	0.6673067	0.4461493
18762	-2553.263	-2878.653	325.3892	2.416438	0.5171065	0.4493419
18768	-2581.027	-2906.21	325.1821	2.416438	0.6569533	0.4493419
18774	-2572.409	-2897.824	325.4153	2.216725	0.6306762	0.5674368
18780	-2569.28	-2894.455	325.1752	2.456767	0.6246673	0.4136761
18786	-2577.17	-2902.706	325.5365	2.288153	0.5086222	0.5094886
18792	-2573.872	-2899.358	325.4858	2.33895	0.5086222	0.5094886
18798	-2575.66	-2901.162	325.5022	2.255109	0.5464783	0.5625742
18804	-2563.877	-2889.375	325.4984	2.255109	0.5464783	0.578
18810	-2565.001	-2890.793	325.7919	2.152463	0.3826567	0.7680082
18816	-2570.135	-2895.632	325.4968	1.968677	0.6295386	0.8585541
18822	-2547.623	-2873.227	325.6035	1.953986	0.5308258	0.9215203
18828	-2549.52	-2875.103	325.5825	2.079155	0.4963114	0.8669458
18834	-2568.537	-2894.263	325.7264	1.887225	0.4304325	1.038896
18840	-2558.166	-2883.921	325.7553	2.020287	0.4258352	0.8779578
18846	-2564.315	-2889.976	325.6617	1.956786	0.4875593	0.9320218
18852	-2554.66	-2880.238	325.5777	1.964505	0.5019599	0.986655
18858	-2559.159	-2884.827	325.6684	1.949728	0.5019599	0.9061778
18864	-2576.954	-2902.818	325.8645	2.071544	0.3518194	0.8605692
18870	-2567.594	-2893.299	325.7053	1.849857	0.4655226	1.034894
18876	-2558.553	-2884.141	325.5882	1.842078	0.4813227	1.125935
18882	-2558.83	-2884.364	325.5336	1.817942	0.5292718	1.125935
18888	-2550.165	-2875.69	325.5249	1.808434	0.5425047	1.1235
18894	-2560.662	-2886.14	325.4786	1.740595	0.4523983	1.345652
18900	-2563.893	-2889.091	325.1981	1.723329	0.6388505	1.350575
18906	-2549.982	-2875.507	325.525	1.782903	0.4970141	1.209857
18912	-2572.167	-2897.356	325.1892	1.586574	0.4703681	1.655196
18918	-2578.047	-2902.974	324.927	1.524828	0.6146072	1.724758
18924	-2566.154	-2891.698	325.5436	1.764352	0.4569424	1.267311
18930	-2576.595	-2901.707	325.1117	1.529033	0.3617443	1.891701
18936	-2579.825	-2904.389	324.5635	1.449429	0.6194336	2.019705
18942	-2573.205	-2898.146	324.9414	1.564071	0.4041206	1.926351
18948	-2550.806	-2875.481	324.6756	1.460059	0.5577952	1.998506
18954	-2565.433	-2890.34	324.9074	1.472301	0.4777876	1.921436
18960	-2557.727	-2882.703	324.9757	1.587961	0.5685177	1.693553
18966	-2556.979	-2882.416	325.4368	1.587961	0.4495433	1.499565
18972	-2558.746	-2883.931	325.1848	1.65401	0.5542059	1.509299
18978	-2557.14	-2882.787	325.6469	1.741164	0.3202148	1.418708
18984	-2570.101	-2895.399	325.298	1.595816	0.4711254	1.56868
18990	-2568.135	-2893.352	325.217	1.628067	0.456979	1.62212
18996	-2577.939	-2903.532	325.5931	1.761017	0.3822882	1.342892
19002	-2576.535	-2902.103	325.5674	1.926412	0.5530817	0.9524892
19008	-2581.577	-2906.987	325.4097	1.836074	0.6160384	1.103411
19014	-2589.567	-2914.965	325.3974	1.687037	0.4043531	1.517292
19020	-2575.86	-2901.31	325.4502	1.63476	0.4348421	1.474177
19026	-2583.226	-2908.649	325.4232	1.767059	0.4975603	1.306769
19032	-2573.381	-2898.879	325.4979	1.775576	0.4933839	1.24403
19038	-2576.309	-2901.933	325.6245	1.775122	0.4579843	1.188387
19044	-2573.5	-2899.058	325.5585	1.96111	0.5074407	1.000308
19050	-2573.297	-2899.087	325.7898	1.962077	0.4412016	0.8729893
19056	-2587.428	-2913.039	325.6109	1.93164	0.5389179	0.9239558
19062	-2575.044	-2900.46	325.4158	1.731599	0.4286305	1.435226
19068	-2568.594	-2893.963	325.3687	1.651702	0.4860359	1.455095
19074	-2561.436	-2886.712	325.2759	1.655714	0.5406819	1.455095
19080	-2553.186	-2878.804	325.6178	1.797405	0.5076288	1.099789
19086	-2555.229	-2880.712	325.4828	1.798643	0.5076288	1.21749
19092	-2560.225	-2885.705	325.4804	1.694042	0.5076288	1.306165
19098	-2563.093	-2888.67	325.5767	1.694042	0.4510855	1.306165
19104	-2569.123	-2894.464	325.3412	1.646862	0.4957954	1.467246
19110	-2572.313	-2897.968	325.6549	1.813385	0.4072516	1.209088
19116	-2576.224	-2901.625	325.4003	1.732247	0.5759848	1.252797
19122	-2561.01	-2886.177	325.1675	1.773233	0.6357063	1.338765
19128	-2567.906	-2893.089	325.1827	1.705675	0.5307444	1.499638
19134	-2581.867	-2907.393	325.5254	1.701784	0.4687676	1.316317
19140	-2577.067	-2902.329	325.2619	1.64854	0.51523	1.501709
19146	-2566.279	-2891.319	325.0406	1.536188	0.4874042	1.775162
19152	-2578.395	-2903.652	325.2571	1.616569	0.5681203	1.467083
19158	-2579.351	-2904.788	325.4366	1.910437	0.5295538	1.129584
19164	-2569.57	-2894.969	325.3987	1.919282	0.6526505	0.9849564
19170	-2566.737	-2892.484	325.7473	1.962779	0.4079952	0.9849564
19176	-2552.076	-2877.661	325.5845	1.935015	0.5168791	0.9849564
19182	-2567.133	-2892.591	325.4586	1.940408	0.5976699	0.9815741
19188	-2576.078	-2901.744	325.6659	1.940408	0.5083034	0.9077321
19194	-2590.083	-2915.206	325.124	1.513194	0.4760749	1.746409
19200	-2567.141	-2892.327	325.1862	1.722006	0.4993852	1.522805
19206	-2572.934	-2898.279	325.3453	1.7332	0.4035763	1.522805
19212	-2576.006	-2901.509	325.5031	1.790719	0.5515447	1.146336
19218	-2567.297	-2892.935	325.6382	1.797003	0.465118	1.146336
19224	-2573.147	-2898.599	325.4524	1.776235	0.4613295	1.325545
19230	-2576.017	-2901.513	325.4966	1.802118	0.5409493	1.15648
19236	-2589.581	-2914.729	325.1479	1.784323	0.8224276	1.147652
19242	-2562.304	-2887.767	325.4632	1.881686	0.4944552	1.181745
19248	-2564.459	-2889.991	325.5323	1.812636	0.4944552	1.181745
19254	-2554.465	-2879.935	325.4701	1.77188	0.5589631	1.181745
19260	-2572.237	-2897.718	325.4808	1.77363	0.5508413	1.181745
19266	-2567.793	-2893.268	325.4753	1.779141	0.5508413	1.181745
19272	-2571.974	-2897.485	325.5114	1.743093	0.5508413	1.181745
19278	-2577.259	-2902.746	325.4871	1.754663	0.5508413	1.192751
19284	-2569.297	-2894.436	325.1385	1.621646	0.5162204	1.611297
19290	-2570.709	-2895.448	324.7387	1.379708	0.4960374	2.075203
19296	-2578.084	-2902.628	324.5436	1.508242	0.5143649	2.099199
19302	-2556.831	-2881.838	325.0075	1.611769	0.5706471	1.651601
19308	-2556.426	-2881.5	325.0737	1.653264	0.5215143	1.629077
19314	-2563.838	-2888.257	324.4193	1.369373	0.6567025	2.133275
19320	-2588.304	-2913.824	325.5199	1.799992	0.5430057	1.134858
19326	-2579.957	-2905.538	325.5817	1.866667	0.4355652	1.180928
19332	-2566.482	-2891.381	324.8989	1.515759	0.5302858	1.838822
19338	-2557.244	-2882.171	324.9273	1.418722	0.5747886	1.838822
19344	-2552.891	-2877.381	324.4898	1.469852	0.5982833	2.075053
19350	-2547.631	-2872.654	325.0235	1.453942	0.4975289	1.832165
19356	-2563.047	-2888.214	325.1673	1.523729	0.5146233	1.662924
19362	-2563.703	-2888.692	324.9885	1.631387	0.5282798	1.697901
19368	-2569.688	-2894.952	325.2641	1.757007	0.5049297	1.430515
19374	-2562.704	-2888.011	325.3077	1.962639	0.5125172	1.220134
19380	-2547.379	-2872.881	325.5021	1.849907	0.637683	0.971279
19386	-2542.941	-2868.653	325.7128	2.063952	0.4335734	0.8598886
19392	-2546.278	-2871.909	325.6315	1.982912	0.5210655	0.8748714
19398	-2550.718	-2876.426	325.7073	1.990555	0.4603517	0.8959858
19404	-2547.789	-2873.485	325.6961	2.116327	0.4603517	0.7493756
19410	-2562.63	-2888.327	325.6971	2.165117	0.4723757	0.6160219
19416	-2569.744	-2895.485	325.7409	1.941066	0.5221547	0.7879046
19422	-2568.359	-2894.009	325.6506	1.978606	0.4431711	1.000872
19428	-2546.635	-2872.377	325.7423	1.996608	0.4511291	0.8672786
19434	-2545.845	-2871.467	325.6219	2.031951	0.4594802	0.9457564
19440	-2549.226	-2874.834	325.6083	1.974585	0.4594802	1.018096
19446	-2562.484	-2888.088	325.6038	1.840893	0.5431101	1.018096
19452	-2541.351	-2866.953	325.602	1.876074	0.5316595	1.002929
19458	-2552.95	-2878.527	325.5769	1.755717	0.569218	1.086735
19464	-2550.076	-2875.649	325.5723	1.820835	0.5439359	1.066453
19470	-2551.095	-2876.827	325.7313	1.846374	0.3545521	1.205338
19476	-2555.982	-2881.589	325.607	1.842281	0.419878	1.204934
19482	-2567.499	-2892.895	325.3954	1.698115	0.4659791	1.425392
19488	-2570.491	-2895.621	325.1299	1.511478	0.5430517	1.666043
19494	-2556.294	-2881.635	325.3415	1.756386	0.5128148	1.36062
19500	-2550.969	-2876.381	325.4123	1.670563	0.5221288	1.36062
19506	-2555.101	-2880.227	325.1256	1.660164	0.6191645	1.476983
19512	-2551.04	-2876.256	325.2155	1.657296	0.5669996	1.469048
19518	-2555.338	-2880.575	325.2372	1.689845	0.673312	1.308421
19524	-2551.897	-2877.713	325.8154	1.918163	0.463805	0.8469357
19530	-2557.641	-2883.141	325.4995	1.783374	0.6014321	1.088609
19536	-2569.484	-2895.152	325.668	1.881452	0.4367388	1.088609
19542	-2565.072	-2890.767	325.6942	1.892433	0.4347776	1.057063
19548	-2564.763	-2890.552	325.7884	2.001486	0.4347776	0.8412837
19554	-2557.929	-2883.594	325.6651	2.041998	0.4712097	0.863436
19560	-2561.848	-2887.304	325.4556	1.76891	0.545749	1.214206
19566	-2573.033	-2898.644	325.6112	1.824427	0.4883822	1.110294
19572	-2579.966	-2905.397	325.4306	1.801998	0.4941656	1.276864
19578	-2559.247	-2884.777	325.5295	1.721663	0.4830913	1.276864
19584	-2547.121	-2872.663	325.5417	1.858317	0.4974337	1.128777
19590	-2559.102	-2884.675	325.5731	1.788862	0.5786794	1.045774
19596	-2558.292	-2883.686	325.3941	1.788862	0.4386044	1.393676
19602	-2556.121	-2881.679	325.5576	1.873871	0.5587557	1.007323
19608	-2563.456	-2889.079	325.6226	1.873871	0.514229	1.012344
19614	-2565.927	-2891.585	325.6578	1.838645	0.514229	1.012344
19620	-2568.02	-2893.579	325.5592	1.878376	0.5442478	1.023382
19626	-2559.252	-2884.848	325.5963	1.894861	0.4733269	1.08275
19632	-2562.671	-2888.144	325.4731	1.758385	0.4460666	1.344862
19638	-2574.988	-2900.714	325.7263	1.69017	0.3979393	1.26752
19644	-2566.633	-2891.899	325.2665	1.73225	0.6072644	1.324575
19650	-2560.488	-2886.066	325.578	1.774234	0.5594508	1.082323
19656	-2572.761	-2898.161	325.4005	1.816861	0.5923839	1.159577
19662	-2549.606	-2875.293	325.6867	1.883896	0.524125	0.9188873
19668	-2559.088	-2884.709	325.6216	1.808062	0.524125	1.061443
19674	-2567.514	-2893.113	325.5996	1.811901	0.5024598	1.110915
19680	-2573.303	-2898.912	325.6096	1.94404	0.4375198	1.083393
19686	-2568.253	-2894.12	325.8663	1.969144	0.3934241	0.87995
19692	-2577.896	-2903.339	325.443	2.013292	0.6543084	0.8277165
19698	-2573.861	-2899.343	325.4821	2.121918	0.6233022	0.668826
19704	-2557.798	-2883.39	325.5921	1.808873	0.5144583	1.102616
19710	-2556.133	-2881.72	325.5868	1.733922	0.5053856	1.187045
19716	-2549.358	-2874.873	325.5148	1.783441	0.5420121	1.155438
19722	-2546.332	-2871.658	325.3251	1.85861	0.6033418	1.174988
19728	-2546.863	-2872.239	325.3761	1.861525	0.6383487	1.081975
19734	-2581.746	-2907.273	325.5271	2.052786	0.5263595	0.9046289
19740	-2559.851	-2885.398	325.5462	1.865908	0.4800408	1.144053
19746	-2538.779	-2864.433	325.6546	1.864779	0.4631402	1.072893
19752	-2551.016	-2876.519	325.5029	1.95229	0.6191599	0.8877643
19758	-2550.566	-2875.924	325.3586	1.861527	0.6318703	1.106441
19764	-2550.199	-2875.671	325.4727	1.804475	0.4186277	1.348409
19770	-2559.839	-2885.342	325.5022	1.646919	0.4186277	1.448128
19776	-2568.525	-2894.097	325.5715	1.74281	0.4477292	1.275472
19782	-2575.077	-2900.323	325.2469	1.752429	0.6497955	1.275472
19788	-2578.281	-2903.63	325.3498	1.746	0.6401199	1.205827
19794	-2575.044	-2900.287	325.2433	1.893143	0.6482635	1.160885
19800	-2562.5	-2888.17	325.6702	1.940457	0.5016686	0.9149971
19806	-2556.026	-2881.494	325.4675	1.980738	0.6356416	0.8689311
19812	-2569.641	-2894.911	325.2701	1.860524	0.6272721	1.191372
19818	-2574.243	-2899.672	325.4297	1.885348	0.5506509	1.128605
19824	-2570.013	-2895.51	325.4969	1.818148	0.5506509	1.128605
19830	-2581.035	-2906.801	325.7657	1.936963	0.4045943	0.9989637
19836	-2562.914	-2888.344	325.4292	1.836792	0.6162588	1.084566
19842	-2567.931	-2893.739	325.8082	1.797959	0.4441139	1.022062
19848	-2569.702	-2895.418	325.7163	1.813024	0.4883547	1.022062
19854	-2574.105	-2899.546	325.4406	1.707676	0.4883547	1.352741
19860	-2564.242	-2889.789	325.5466	1.779389	0.4241077	1.30102
19866	-2554.861	-2880.376	325.5154	1.74038	0.4756924	1.283397
19872	-2567.7	-2892.983	325.2833	1.869733	0.5410139	1.280036
19878	-2562.87	-2888.478	325.6074	1.74176	0.4981354	1.172702
19884	-2560.893	-2886.446	325.5531	2.109083	0.5323406	0.7927648
19890	-2571.434	-2896.759	325.3253	1.688884	0.4587655	1.495279
19896	-2575.571	-2900.451	324.8804	1.534151	0.5750061	1.79128
19902	-2571.796	-2896.44	324.6441	1.348911	0.5641828	2.086499
19908	-2550.863	-2875.598	324.7352	1.448364	0.4482231	2.086499
19914	-2568.723	-2894.428	325.7047	1.926719	0.4222445	1.036325
19920	-2562.186	-2887.79	325.6038	1.687879	0.365576	1.418282
19926	-2550.163	-2875.587	325.4243	1.742155	0.4848328	1.343034
19932	-2557.416	-2882.993	325.5773	1.912751	0.4848328	1.065426
19938	-2553.663	-2879.343	325.6795	1.872756	0.4966004	0.9854655
19944	-2568.108	-2893.616	325.5074	1.917725	0.6247541	0.9126292
19950	-2565.628	-2891.192	325.5636	1.81227	0.4644235	1.199136
19956	-2571.948	-2897.548	325.6002	1.866136	0.5046287	1.056676
19962	-2560.542	-2886.11	325.5684	1.883379	0.5135648	1.056676
19968	-2576.153	-2901.832	325.6798	1.879569	0.5135648	0.9492886
19974	-2584.413	-2909.997	325.5836	2.014945	0.5741867	0.7915196
19980	-2582.809	-2908.428	325.6187	2.038741	0.5098797	0.8451872
19986	-2567.72	-2893.457	325.7376	2.028735	0.4460848	0.8451872
19992	-2577.051	-2902.459	325.408	2.01427	0.5931391	0.964366
19998	-2578.666	-2904.388	325.7221	1.900743	0.5007869	0.9029831
20004	-2558.279	-2883.877	325.5977	2.105661	0.5517374	0.6810034
20010	-2547.978	-2873.58	325.6017	2.142053	0.5379338	0.6424144
20016	-2552.373	-2877.87	325.4969	2.117322	0.5859149	0.74407
20022	-2565.764	-2891.244	325.4803	2.117322	0.6254724	0.6752312
20028	-2568.874	-2894.57	325.6959	2.108098	0.4895404	0.6799098
20034	-2561.98	-2887.409	325.429	2.165906	0.6256906	0.6799098
20040	-2561.958	-2887.458	325.5007	2.165906	0.5763174	0.6799098
20046	-2573.822	-2899.406	325.5848	2.165906	0.5251988	0.670218
20052	-2560.216	-2885.805	325.589	2.130502	0.5463473	0.6659372
20058	-2570.358	-2895.824	325.4666	2.138783	0.6166903	0.6842405
20064	-2563.075	-2888.676	325.601	2.138783	0.5510634	0.6000493
20070	-2575.784	-2901.365	325.5811	2.304657	0.4555281	0.6307589
20076	-2582.797	-2908.323	325.5255	2.134449	0.5341594	0.7918445
20082	-2554.085	-2879.736	325.6508	2.135162	0.5047553	0.6659386
20088	-2566.55	-2891.96	325.4098	2.143661	0.6515577	0.6900392
20094	-2574.901	-2900.533	325.6316	2.077023	0.5261518	0.739947
20100	-2565.645	-2891.199	325.5543	2.134325	0.5227231	0.7773871
20106	-2564.88	-2890.464	325.5834	2.012978	0.5562816	0.8297961
20112	-2570.318	-2895.671	325.3534	1.715003	0.5540675	1.332239
20118	-2569.169	-2894.423	325.2537	1.539823	0.5540675	1.543146
20124	-2571.637	-2897.115	325.4781	1.781833	0.5144339	1.226301
20130	-2562.459	-2887.89	325.4305	1.764742	0.6554034	1.099401
20136	-2552.897	-2878.437	325.5402	1.817181	0.5335877	1.11442
20142	-2548.576	-2874.228	325.6513	1.827847	0.4872464	1.071837
20148	-2553.333	-2878.967	325.634	1.858048	0.5094941	1.024308
20154	-2556.34	-2881.643	325.3031	1.788664	0.7053377	1.133053
20160	-2562.551	-2888.079	325.5282	1.842265	0.4419204	1.237538
20166	-2569.366	-2894.603	325.2363	1.508102	0.4070372	1.758543
20172	-2568.77	-2893.584	324.8137	1.556598	0.4805988	1.924587
20178	-2573.519	-2898.881	325.3621	1.665102	0.4436754	1.50563
20184	-2575.548	-2900.667	325.1187	1.65497	0.6357813	1.468477
20190	-2570.247	-2895.575	325.3281	1.744933	0.5225779	1.367818
20196	-2580.721	-2906.222	325.5009	1.734125	0.4975863	1.270132
20202	-2580.206	-2905.743	325.5377	1.689656	0.5540878	1.200765
20208	-2587.1	-2912.472	325.3719	1.772664	0.6179839	1.190748
20214	-2599.995	-2925.393	325.3983	1.702601	0.4913974	1.386052
20220	-2576.538	-2902.131	325.5931	1.830925	0.566121	1.003512
20226	-2567.849	-2893.352	325.5033	1.934708	0.5569794	1.003512
20232	-2562.093	-2887.565	325.4716	1.834565	0.5067622	1.197658
20238	-2554.989	-2880.608	325.6188	1.844304	0.5067622	1.056391
20244	-2571.341	-2896.904	325.5628	1.866769	0.5067622	1.087895
20250	-2563.707	-2889.212	325.5057	1.815686	0.5067622	1.184529
20256	-2575.426	-2900.826	325.4005	1.782999	0.5252658	1.275514
20262	-2562.065	-2887.215	325.1498	1.669027	0.5882088	1.48589
20268	-2562.176	-2887.492	325.3161	1.699671	0.635982	1.277657
20274	-2566.579	-2891.781	325.2026	1.682743	0.5475142	1.482155
20280	-2580.359	-2905.85	325.4907	1.772268	0.5475142	1.178823
20286	-2584.499	-2909.797	325.2975	1.565086	0.6274408	1.409251
20292	-2558.415	-2883.546	325.1314	1.532265	0.4627306	1.744003
20298	-2557.834	-2883.056	325.2226	1.584736	0.4603003	1.645117
20304	-2562.476	-2887.788	325.3119	1.63931	0.4824411	1.511852
20310	-2552.223	-2877.308	325.0852	1.638772	0.5340605	1.616838
20316	-2556.931	-2881.954	325.0225	1.607125	0.5938178	1.619348
20322	-2556.535	-2881.765	325.2297	1.591585	0.4728455	1.619348
20328	-2558.426	-2883.424	324.9984	1.552016	0.6072167	1.662324
20334	-2558.877	-2884.083	325.2057	1.590759	0.5160787	1.584995
20340	-2557.944	-2883.191	325.2469	1.638858	0.4628902	1.584995
20346	-2552.498	-2877.619	325.1216	1.583474	0.6260902	1.530131
20352	-2563.931	-2889.264	325.3335	1.563733	0.4538138	1.588294
20358	-2564.313	-2889.365	325.0522	1.581127	0.4674094	1.759529
20364	-2560.979	-2885.493	324.5137	1.419021	0.5325089	2.158069
20370	-2560.83	-2886.319	325.4891	1.632294	0.4629819	1.40789
20376	-2563.832	-2888.812	324.9798	1.584597	0.5305787	1.734473
20382	-2556.34	-2881.628	325.2887	1.643595	0.4795732	1.52958
20388	-2556.503	-2881.694	325.1913	1.616262	0.4772732	1.623814
20394	-2558.561	-2883.841	325.2797	1.644196	0.5049518	1.504217
20400	-2572.235	-2897.084	324.8487	1.617391	0.6438521	1.685602
20406	-2559.271	-2884.422	325.1508	1.718346	0.5419346	1.500864
20412	-2551.025	-2876.61	325.5841	1.720351	0.4845021	1.230526
20418	-2558.736	-2884.084	325.3481	1.702497	0.4995864	1.414527
20424	-2555.502	-2880.653	325.151	1.653353	0.5480533	1.541981
20430	-2564.601	-2889.762	325.1614	1.606301	0.6188295	1.491009
20436	-2573.104	-2898.47	325.3664	1.73644	0.5790137	1.27361
20442	-2571.239	-2896.775	325.536	1.697605	0.5254466	1.23356
20448	-2576.245	-2901.551	325.3065	1.53581	0.5254466	1.54023
20454	-2562.299	-2887.456	325.1569	1.63842	0.4491432	1.667811
20460	-2554.173	-2879.356	325.1825	1.581775	0.4175191	1.730719
20466	-2557.102	-2882.422	325.32	1.643374	0.4611566	1.530089
20472	-2579.258	-2904.929	325.6712	1.978602	0.5111502	0.851867
20478	-2566.236	-2891.98	325.7443	1.960682	0.4369229	0.9341052
20484	-2545.338	-2871.15	325.8125	1.960682	0.3844493	0.9670588
20490	-2558.652	-2884.361	325.7091	1.845896	0.4147139	1.120685
20496	-2576.896	-2902.268	325.3721	1.785943	0.5825642	1.223186
20502	-2561.371	-2886.469	325.0974	1.748546	0.6821715	1.363803
20508	-2567.175	-2892.071	324.8958	1.661288	0.6916035	1.573524
20514	-2568.487	-2893.097	324.6096	1.376143	0.5185179	2.138093
20520	-2553.229	-2878.278	325.0489	1.487441	0.4243324	1.879576
20526	-2568.422	-2893.749	325.3268	1.593759	0.3929051	1.653141
20532	-2564.54	-2889.864	325.3243	1.629799	0.3929051	1.629061
20538	-2573.043	-2898.227	325.1847	1.668334	0.4470377	1.629061
20544	-2567.536	-2893.01	325.4739	1.898645	0.5421068	1.088291
20550	-2562.183	-2887.702	325.5193	1.813525	0.5303209	1.141133
20556	-2579.782	-2905.264	325.4822	1.739115	0.5303209	1.237385
20562	-2569.423	-2895.091	325.6686	1.791014	0.4896571	1.086309
20568	-2563.08	-2888.766	325.6864	1.793715	0.4878795	1.069969
20574	-2558.703	-2884.124	325.4208	1.816399	0.4746478	1.300027
20580	-2575.579	-2901.039	325.4592	1.863087	0.5240397	1.15932
20586	-2563.525	-2889.032	325.5073	1.862336	0.5240397	1.117115
20592	-2565.322	-2890.931	325.6092	1.976064	0.4839705	0.9734151
20598	-2570.471	-2896.155	325.6839	2.03527	0.4947274	0.7981504
20604	-2582.243	-2907.561	325.3176	1.937691	0.6365402	1.067853
20610	-2582.014	-2907.726	325.712	1.868302	0.481614	0.9825807
20616	-2572.319	-2897.937	325.6184	1.968643	0.5239666	0.9009088
20622	-2565.735	-2891.33	325.5954	1.912675	0.5553169	0.9337297
20628	-2571.887	-2897.478	325.5905	1.910755	0.5553169	0.9409872
20634	-2566.117	-2891.593	325.4756	2.250309	0.5541038	0.6250488
20640	-2559.368	-2884.925	325.5569	1.969828	0.5578188	0.90912
20646	-2561.216	-2886.765	325.5488	1.982123	0.5535304	0.9117477
20652	-2574.505	-2900.034	325.5292	1.897637	0.5889179	0.9661442
20658	-2575.839	-2901.398	325.5589	2.010131	0.4978541	0.9661442
20664	-2572.521	-2898.283	325.7622	1.822038	0.4186973	1.087184
20670	-2585.467	-2910.732	325.2652	1.691012	0.6019998	1.364468
20676	-2577.586	-2902.703	325.1175	1.606226	0.4971223	1.660055
20682	-2597.179	-2922.546	325.3663	2.291584	0.6096632	0.5824684
20688	-2567.95	-2893.141	325.1912	2.304491	0.7395625	0.5168301
20694	-2562.008	-2887.261	325.2532	2.326365	0.6697038	0.5624305
20700	-2552.797	-2878.38	325.5827	2.32752	0.453668	0.5662305
20706	-2564.539	-2889.856	325.3163	2.293831	0.6387158	0.6040329
20712	-2560.408	-2885.679	325.2713	2.33267	0.6568942	0.5080197
20718	-2551.241	-2876.779	325.5375	2.198316	0.5613145	0.556314
20724	-2546.093	-2871.686	325.5937	2.23597	0.5033866	0.544963
20730	-2547.009	-2872.397	325.3884	2.303929	0.591782	0.544963
20736	-2546.138	-2871.717	325.5794	2.247585	0.4974639	0.5956218
20742	-2554.752	-2880.092	325.3395	2.219461	0.6797255	0.5897962
20748	-2546.672	-2872.279	325.6069	2.193604	0.5083696	0.6196309
20754	-2558.559	-2884.001	325.4415	2.188682	0.6207687	0.617983
20760	-2562.477	-2888.018	325.5408	2.304569	0.4942819	0.5409634
20766	-2602.325	-2927.553	325.2284	2.339929	0.6788685	0.5576339
20772	-2586.4	-2912.164	325.7645	1.851445	0.4392888	1.02097
20778	-2568.06	-2893.817	325.7567	1.905451	0.419482	1.011258
20784	-2555.071	-2880.874	325.8027	1.851022	0.465387	0.934923
20790	-2543.751	-2869.22	325.4692	1.824884	0.5587888	1.136207
20796	-2558.817	-2884.185	325.3677	1.867572	0.6195521	1.108485
20802	-2558.114	-2883.383	325.269	1.817556	0.6220062	1.235172
20808	-2566.891	-2892.389	325.4978	1.795804	0.4898198	1.232159
20814	-2571.586	-2896.894	325.3073	2.036734	0.7656811	0.7864797
20820	-2548.85	-2874.329	325.4789	1.737814	0.547415	1.218664
20826	-2562.09	-2887.512	325.4219	1.890028	0.4884334	1.218664
20832	-2558.589	-2884.25	325.6602	2.014204	0.4884334	0.8674203
20838	-2564.053	-2889.9	325.8466	1.940122	0.4246954	0.8674203
20844	-2566.996	-2892.58	325.5838	2.010632	0.5844888	0.7760267
20850	-2573.936	-2899.406	325.47	2.115941	0.6062121	0.7419201
20856	-2550.711	-2876.433	325.7222	2.140956	0.4650569	0.6444707
20862	-2564.459	-2889.876	325.4163	1.989874	0.6759445	0.8534509
20868	-2574.517	-2900.125	325.6083	2.052683	0.5351921	0.7881971
20874	-2562.395	-2888.067	325.6728	2.052683	0.4641598	0.8560069
20880	-2572.112	-2897.601	325.4888	2.17184	0.6000326	0.6164119
20886	-2556.83	-2882.345	325.5148	2.195581	0.5636213	0.627449
20892	-2568.481	-2894.011	325.5297	1.870461	0.6555063	0.8927492
20898	-2563.014	-2888.666	325.6526	2.085581	0.5144266	0.723025
20904	-2550.433	-2876.047	325.6143	2.012029	0.5718507	0.7573729
20910	-2546.042	-2871.606	325.5634	2.029882	0.5707967	0.8055056
20916	-2560.229	-2885.927	325.6984	2.039577	0.4838101	0.7975796
20922	-2556.288	-2881.942	325.6543	2.129388	0.4864013	0.7243903
20928	-2559.766	-2885.376	325.61	2.032856	0.5402838	0.8018745
20934	-2569.661	-2895.196	325.5351	2.041705	0.5306402	0.9004474
20940	-2562.24	-2887.666	325.4259	1.978881	0.6233502	0.9369885
20946	-2560.621	-2886.359	325.7376	1.978881	0.4765346	0.841017
20952	-2586.121	-2911.779	325.6583	1.867773	0.4121588	1.150842
20958	-2565.154	-2890.706	325.5517	1.841983	0.437964	1.223946
20964	-2562.409	-2888.059	325.6498	1.96337	0.4406088	1.021311
20970	-2568.249	-2893.851	325.6013	1.825521	0.5968168	0.9540715
20976	-2552.264	-2877.797	325.5335	1.791158	0.516017	1.168575
20982	-2568.027	-2893.385	325.3583	1.776943	0.5148789	1.328216
20988	-2578.6	-2903.588	324.9875	1.597631	0.6947071	1.549905
20994	-2564.221	-2889.62	325.3992	1.541031	0.4564533	1.553299
21000	-2559.098	-2884.59	325.4927	1.77923	0.5402824	1.180835
21006	-2562.336	-2887.594	325.2577	1.902023	0.6119133	1.185091
21012	-2565.948	-2891.473	325.5258	1.727117	0.4527851	1.31816
21018	-2565.925	-2890.879	324.9539	1.550138	0.4996746	1.811373
21024	-2558.082	-2883.136	325.0544	1.416833	0.5198246	1.811373
21030	-2589.558	-2914.429	324.871	1.620258	0.4192598	1.916624
21036	-2587.023	-2911.5	324.4773	1.59752	0.6928263	1.911006
21042	-2564.275	-2889.484	325.2093	1.537699	0.4064819	1.757417
21048	-2574.93	-2900.365	325.4356	1.7005	0.4671483	1.390815
21054	-2577.08	-2902.106	325.0258	1.553401	0.4114325	1.866808
21060	-2561.827	-2886.867	325.0406	1.601102	0.4114325	1.823952
21066	-2561.082	-2885.584	324.5012	1.353842	0.4739313	2.270546
21072	-2551.835	-2876.622	324.7872	1.353842	0.5284559	2.025371
21078	-2557.806	-2882.334	324.5284	1.330269	0.5623443	2.176123
21084	-2557.339	-2882.053	324.714	1.340055	0.4304857	2.191946
21090	-2561.64	-2886.259	324.6196	1.432688	0.4314353	2.191946
21096	-2567.785	-2892.067	324.282	1.450433	0.547028	2.272709
21102	-2560.626	-2885.049	324.4236	1.244878	0.3993717	2.47463
21108	-2545.142	-2869.822	324.6804	1.496447	0.495955	2.036693
21114	-2542.913	-2867.477	324.5646	1.417592	0.5152654	2.143777
21120	-2542.586	-2867.398	324.8128	1.482758	0.4078035	2.061758
21126	-2545.21	-2870.752	325.5425	1.706861	0.4338747	1.348202
21132	-2544.218	-2869.861	325.6429	1.805068	0.4627232	1.138759
21138	-2562	-2887.704	325.7038	1.893731	0.4461009	1.027022
21144	-2568.263	-2893.916	325.6528	1.905929	0.5266765	0.9273975
21150	-2561.543	-2887.345	325.8011	2.081359	0.3796744	0.8564303
21156	-2550.706	-2876.535	325.8282	1.93067	0.3944356	0.9616242
21162	-2573.154	-2898.807	325.6532	2.021304	0.4767953	0.8902208
21168	-2573.803	-2899.681	325.8775	1.920248	0.3702237	0.9712143
21174	-2566.948	-2892.445	325.4976	1.804571	0.4656625	1.259406
21180	-2574.234	-2899.242	325.008	1.636973	0.5400936	1.666796
21186	-2563.622	-2888.917	325.2951	1.635981	0.5400936	1.456236
21192	-2554.649	-2879.826	325.1777	1.566635	0.4645491	1.684855
21198	-2567.928	-2893.024	325.0953	1.554438	0.4645491	1.75153
21204	-2556.984	-2882.249	325.2647	1.615067	0.4043469	1.666539
21210	-2564.977	-2890.295	325.3178	1.598593	0.4635139	1.561771
21216	-2556.493	-2881.781	325.2879	1.661105	0.5644119	1.413669
21222	-2565.932	-2891.536	325.6038	2.019704	0.4526237	0.9897246
21228	-2559.851	-2885.457	325.6061	1.857378	0.6055549	0.9005109
21234	-2560.125	-2885.611	325.4856	1.831193	0.5846788	1.079963
21240	-2559.505	-2885.119	325.6144	1.907682	0.5674198	0.8979778
21246	-2566.316	-2891.935	325.619	1.874671	0.4512323	1.115796
21252	-2579.923	-2905.501	325.5779	1.796731	0.4210748	1.265841
21258	-2573.524	-2899.373	325.8489	1.846238	0.3898619	1.034453
21264	-2557.641	-2883.109	325.4682	1.723586	0.5508948	1.23515
21270	-2566.774	-2892.071	325.2971	1.690724	0.4381131	1.542391
21276	-2566.947	-2892.434	325.4869	1.690724	0.4548174	1.375183
21282	-2550.835	-2876.199	325.3642	1.819999	0.6502867	1.115855
21288	-2576.385	-2901.86	325.4753	1.892337	0.5261659	1.115855
21294	-2564.242	-2888.858	324.6162	1.372565	0.4516404	2.209518
21300	-2558.712	-2883.749	325.0371	1.543483	0.4375265	1.832803
21306	-2567.374	-2892.237	324.8629	1.531237	0.5607861	1.820262
21312	-2566.136	-2891.879	325.7423	1.824041	0.4740841	1.009427
21318	-2563.238	-2888.85	325.6125	1.84047	0.5025686	1.072477
21324	-2559.629	-2885.233	325.6045	1.614151	0.4659354	1.327157
21330	-2563.33	-2888.492	325.1618	1.663097	0.5231377	1.555791
21336	-2566.719	-2891.993	325.2738	1.594131	0.4967892	1.555791
21342	-2578.248	-2903.422	325.1732	1.623679	0.5174785	1.583059
21348	-2564.92	-2889.962	325.0424	1.416975	0.4172185	1.940688
21354	-2550.928	-2875.813	324.8842	1.538297	0.5039258	1.862629
21360	-2568.999	-2893.847	324.8487	1.56698	0.5039258	1.867272
21366	-2574.951	-2899.748	324.7965	1.493838	0.330646	2.168108
21372	-2567.251	-2892.119	324.8677	1.490214	0.3832203	2.052098
21378	-2561.05	-2885.803	324.7539	1.400906	0.4119892	2.148862
21384	-2559.425	-2884.102	324.677	1.387489	0.4616859	2.148862
21390	-2553.448	-2878.27	324.8212	1.57547	0.5117108	1.871544
21396	-2558.029	-2883.523	325.4934	1.715727	0.3601351	1.489759
21402	-2565.441	-2890.873	325.4322	1.715731	0.4342093	1.427005
21408	-2561.786	-2887.196	325.4098	1.701107	0.4152399	1.481945
21414	-2558.173	-2883.482	325.309	1.786581	0.4234375	1.481945
21420	-2546.948	-2872.187	325.2392	1.57823	0.5925837	1.482104
21426	-2554.115	-2879.219	325.1043	1.618706	0.5932325	1.551821
21432	-2563.618	-2888.753	325.1352	1.615966	0.530383	1.601358
21438	-2564.32	-2889.686	325.3658	1.706968	0.5196726	1.371701
21444	-2583.327	-2908.593	325.2661	1.798806	0.6643086	1.203919
21450	-2552.375	-2877.751	325.3763	1.791597	0.710604	1.056678
21456	-2553.838	-2879.362	325.5235	1.820627	0.4754198	1.21002
21462	-2554.411	-2879.771	325.3592	1.83982	0.5656475	1.209917
21468	-2553.889	-2879.491	325.6017	1.858973	0.4596542	1.132162
21474	-2559.644	-2885.489	325.8445	1.773982	0.3935816	1.099756
21480	-2571.505	-2896.854	325.3495	1.645851	0.4200643	1.561326
21486	-2569.251	-2894.417	325.1658	1.583347	0.5669663	1.561326
21492	-2570.48	-2895.816	325.3356	1.791715	0.4005526	1.490604
21498	-2570.965	-2896.01	325.045	1.809805	0.5750402	1.47348
21504	-2583.355	-2908.851	325.4961	1.859699	0.6628726	0.9308885
21510	-2562.171	-2887.559	325.3879	1.662794	0.4588098	1.467685
21516	-2554.486	-2879.814	325.3281	1.673516	0.5097663	1.439399
21522	-2562.304	-2887.832	325.5284	1.830237	0.4444255	1.243598
21528	-2569.35	-2894.815	325.4651	1.727903	0.5232017	1.270356
21534	-2577.71	-2902.954	325.2442	1.727903	0.5697986	1.389366
21540	-2563.495	-2888.819	325.3246	1.676737	0.4517704	1.514171
21546	-2566.14	-2891.316	325.1768	1.612954	0.5953611	1.499864
21552	-2544.537	-2869.952	325.4152	1.699405	0.404831	1.494001
21558	-2557.212	-2882.127	324.9152	1.699405	0.4574676	1.78468
21564	-2565.784	-2891.04	325.255	1.675698	0.4998618	1.505372
21570	-2562.54	-2887.534	324.9937	1.613208	0.4562961	1.791429
21576	-2563.909	-2889.016	325.1077	1.665152	0.5355307	1.579581
21582	-2572.941	-2898.122	325.181	1.657123	0.5310915	1.53671
21588	-2576.308	-2901.427	325.1192	1.591584	0.5273198	1.634088
21594	-2563.446	-2888.42	324.9747	1.663896	0.4559362	1.769855
21600	-2547.572	-2872.483	324.9111	1.718665	0.540436	1.677248
21606	-2580.911	-2906.149	325.2381	1.652882	0.6776357	1.332802
21612	-2573.277	-2898.622	325.3454	1.741861	0.5358867	1.339754
21618	-2568.925	-2894.37	325.4455	1.756021	0.4753444	1.327904
21624	-2586.85	-2912.632	325.7825	2.065647	0.4298166	0.7768148
21630	-2576.504	-2901.46	324.9563	1.619383	0.4900736	1.772825
21636	-2575.876	-2901.042	325.1661	1.609242	0.4289895	1.707937
21642	-2558.077	-2883.265	325.1879	1.600597	0.544788	1.557436
21648	-2559.961	-2885.391	325.4304	1.575745	0.4487184	1.514634
21654	-2553.142	-2878.327	325.1857	1.575745	0.4487184	1.692504
21660	-2573.753	-2899.13	325.3768	1.539907	0.3431293	1.727978
21666	-2552.364	-2877.493	325.1286	1.540665	0.4734471	1.727059
21672	-2564.344	-2889.868	325.5238	1.850095	0.547661	1.07902
21678	-2555.002	-2880.569	325.5666	1.850095	0.4830899	1.135399
21684	-2568.493	-2893.484	324.9919	1.569838	0.528419	1.738768
21690	-2562.73	-2888.303	325.5727	1.848832	0.5123657	1.086797
21696	-2565.036	-2890.462	325.4253	1.834139	0.5567566	1.16953
21702	-2561.538	-2886.898	325.3601	1.90659	0.6346987	1.05945
21708	-2566.774	-2892.067	325.2931	1.845831	0.6931864	1.104732
21714	-2577.037	-2901.766	324.7284	1.548899	0.5592421	1.901773
21720	-2560.435	-2885.605	325.1695	1.663723	0.3762167	1.738528
21726	-2574.797	-2899.246	324.4483	1.566377	0.599796	2.037305
21732	-2551.813	-2876.729	324.9166	1.587618	0.4542848	1.864547
21738	-2574.788	-2899.997	325.2089	1.835636	0.6840851	1.198742
21744	-2559.279	-2884.596	325.3176	1.771198	0.7075057	1.133201
21750	-2563.93	-2888.89	324.96	1.671254	0.7080196	1.502759
21756	-2574.991	-2899.885	324.8946	1.639588	0.7780272	1.510098
21762	-2565.169	-2890.506	325.3371	1.630824	0.3780934	1.640143
21768	-2562.367	-2887.494	325.1262	1.532624	0.3273544	1.929055
21774	-2562.306	-2886.599	324.2934	1.468698	0.5708624	2.230187
21780	-2563.144	-2888.128	324.9837	1.560638	0.368999	1.946881
21786	-2557.81	-2882.648	324.8374	1.660326	0.3923849	1.946881
21792	-2556.659	-2882.248	325.5891	1.696124	0.3562696	1.438032
21798	-2545.135	-2870.289	325.1538	1.654901	0.5017009	1.593241
21804	-2588.202	-2913.566	325.3641	1.654901	0.4395075	1.517324
21810	-2580.085	-2905.76	325.6754	1.697197	0.4561358	1.214357
21816	-2569.97	-2895.477	325.5068	1.738675	0.5388526	1.205565
21822	-2545.78	-2871.129	325.3484	1.705027	0.3889947	1.56228
21828	-2558.475	-2883.476	325.0011	1.609634	0.4848345	1.754521
21834	-2561.333	-2886.608	325.2751	1.701245	0.5275754	1.436717
21840	-2552.318	-2877.583	325.2645	1.651294	0.4505328	1.578958
21846	-2553.209	-2878.638	325.4291	1.735172	0.3999844	1.463548
21852	-2551.135	-2876.474	325.339	1.888819	0.56423	1.187074
21858	-2554.318	-2880.04	325.7218	1.846964	0.4423891	1.060953
21864	-2548.531	-2873.981	325.4495	1.846964	0.4423891	1.297873
21870	-2588.304	-2914.006	325.702	1.933849	0.3725885	1.121822
21876	-2582.336	-2907.919	325.5827	1.737578	0.4965252	1.200034
21882	-2564.167	-2889.331	325.164	1.688411	0.5938195	1.454214
21888	-2571.904	-2897.474	325.5703	1.688411	0.3622085	1.448907
21894	-2565.629	-2891.149	325.5194	1.744174	0.3622085	1.445178
21900	-2558.365	-2884.078	325.7128	1.979568	0.4023348	1.013548
21906	-2567.684	-2893.333	325.6496	1.977144	0.4677796	0.959084
21912	-2563.005	-2888.686	325.6819	1.883608	0.4137643	1.112787
21918	-2555.788	-2881.186	325.3981	1.864454	0.5628096	1.158672
21924	-2574.778	-2900.395	325.6169	1.715391	0.498584	1.186755
21930	-2573.613	-2898.995	325.3823	1.797341	0.5141298	1.293276
21936	-2554.883	-2880.374	325.4912	1.70805	0.434595	1.386663
21942	-2560.296	-2885.921	325.6255	1.757888	0.454456	1.207673
21948	-2552.012	-2877.596	325.5837	1.805807	0.4619412	1.191167
21954	-2564.127	-2889.594	325.4666	1.959368	0.4685473	1.149245
21960	-2564.199	-2889.53	325.3317	1.970897	0.6899055	0.9491566
21966	-2573.84	-2899.404	325.5642	2.025993	0.6099741	0.7268369
21972	-2579.711	-2905.403	325.6918	2.070622	0.4862773	0.757448
21978	-2559.487	-2885.167	325.6796	1.993647	0.4811688	0.8831083
21984	-2571.944	-2897.722	325.778	1.861612	0.4407295	0.9949293
21990	-2570.456	-2895.983	325.5271	1.859099	0.4830249	1.162511
21996	-2577.018	-2902.611	325.5934	1.869616	0.4782439	1.100933
22002	-2561.067	-2886.592	325.5258	1.764495	0.4653883	1.269633
22008	-2571.444	-2896.871	325.4275	1.799704	0.5445575	1.213546
22014	-2560.238	-2885.774	325.5356	1.712129	0.5593086	1.1763
22020	-2573.13	-2898.958	325.8273	1.982941	0.4071053	0.8786019
22026	-2566.047	-2891.773	325.7259	1.976513	0.4664478	0.8786019
22032	-2573.032	-2898.92	325.8875	1.94265	0.3314957	1.02046
22038	-2582.795	-2908.29	325.4954	1.917613	0.5482267	1.04121
22044	-2565.989	-2891.449	325.4595	1.6745	0.4556615	1.408057
22050	-2571.228	-2896.511	325.283	1.702725	0.5452233	1.408057
22056	-2560.805	-2886.045	325.2407	1.64547	0.4983091	1.540459
22062	-2584.052	-2909.518	325.4668	2.284721	0.5142429	0.7011591
22068	-2568.404	-2893.782	325.3777	2.284721	0.5922209	0.6400228
22074	-2553.238	-2878.703	325.4655	1.883763	0.6450635	0.9635127
22080	-2553.583	-2878.983	325.3994	1.82757	0.6300476	1.102463
22086	-2562.361	-2887.234	324.8724	1.464222	0.5073252	1.917203
22092	-2554.12	-2879.034	324.9137	1.530378	0.4115741	1.958149
22098	-2588.153	-2913.392	325.2384	1.5224	0.5263428	1.598964
22104	-2580.365	-2905.448	325.0831	1.62329	0.5739103	1.585052
22110	-2564.787	-2889.945	325.157	1.6733	0.5227178	1.552319
22116	-2571.86	-2897.146	325.2856	1.589891	0.4222622	1.645383
22122	-2570.603	-2895.607	325.0041	1.559245	0.4349747	1.847827
22128	-2580.313	-2905.099	324.7858	1.508516	0.4511118	2.009822
22134	-2561.569	-2887.258	325.6892	1.848664	0.459825	1.060918
22140	-2570.992	-2896.464	325.4719	1.817219	0.5371064	1.170222
22146	-2549.5	-2874.863	325.3626	1.687085	0.5562871	1.344451
22152	-2550.767	-2875.975	325.208	1.672408	0.7020035	1.315574
22158	-2563.283	-2888.707	325.424	1.596224	0.4900324	1.450089
22164	-2558.051	-2883.061	325.0096	1.647205	0.6931798	1.498106
22170	-2561.612	-2886.931	325.3196	1.724729	0.521458	1.39176
22176	-2561.241	-2886.568	325.3266	1.752511	0.521458	1.364423
22182	-2570.334	-2895.891	325.5565	1.674257	0.4471773	1.343876
22188	-2559.453	-2885.219	325.7659	1.694337	0.3310591	1.343377
22194	-2555.538	-2881.082	325.5437	1.603655	0.330058	1.582955
22200	-2554.852	-2880.301	325.4487	1.715115	0.3721198	1.505373
22206	-2555.768	-2881.085	325.3164	1.740637	0.4274687	1.505373
22212	-2555.071	-2880.455	325.3836	1.781959	0.5780123	1.222506
22218	-2563.306	-2888.631	325.3245	1.654759	0.5727709	1.380265
22224	-2542.894	-2868.498	325.604	1.991914	0.4155219	1.081832
22230	-2540.259	-2865.844	325.5855	1.991914	0.437276	1.061556
22236	-2541.318	-2867.011	325.6926	1.877514	0.3719607	1.181014
22242	-2532.937	-2858.592	325.6549	1.861979	0.4160325	1.152512
22248	-2552.559	-2877.963	325.4037	1.961092	0.6220529	0.9807352
22254	-2560.449	-2886.14	325.691	1.968145	0.4777519	0.905723
22260	-2578.485	-2903.389	324.904	1.470052	0.5413936	1.85468
22266	-2569.856	-2895.173	325.3167	1.554641	0.4855644	1.567112
22272	-2564.096	-2889.238	325.1428	1.645657	0.5364457	1.567112
22278	-2566.269	-2891.276	325.0071	1.605665	0.4388888	1.808867
22284	-2576.512	-2902.23	325.7184	2.023032	0.362404	1.04298
22290	-2561.603	-2886.946	325.3433	1.889461	0.5669375	1.179188
22296	-2563.338	-2888.519	325.1811	1.77678	0.7432382	1.207938
22302	-2567.637	-2892.922	325.2851	1.766075	0.6710406	1.207938
22308	-2562.761	-2888.075	325.3135	1.834647	0.5845163	1.229116
22314	-2560.466	-2884.538	324.0723	1.312768	0.4126912	2.635069
22320	-2587.147	-2912.459	325.312	1.745456	0.5714783	1.319737
22326	-2566.988	-2892.401	325.4129	1.806317	0.5547562	1.206844
22332	-2551.511	-2877.008	325.4973	1.780869	0.6132109	1.077236
22338	-2552.949	-2878.546	325.5968	1.902542	0.5400899	0.967869
22344	-2577.003	-2902.692	325.689	1.889962	0.4412739	1.053251
22350	-2560.946	-2886.586	325.6409	1.99443	0.5490458	0.7936813
22356	-2565.407	-2891.221	325.8132	1.949325	0.4391341	0.8648495
22362	-2570.056	-2895.665	325.6097	1.941219	0.4540595	1.058177
22368	-2558.503	-2884.284	325.781	1.986068	0.4490556	0.8376977
22374	-2560.571	-2886.33	325.7589	1.986068	0.4533854	0.8553637
22380	-2558.887	-2884.527	325.6394	2.037791	0.5000261	0.8407503
22386	-2553.856	-2879.561	325.7054	2.023508	0.4563483	0.8682916
22392	-2569.599	-2895.012	325.4131	1.663256	0.4774132	1.423394
22398	-2581.36	-2906.771	325.4115	1.638523	0.4930129	1.423394
22404	-2553.135	-2878.759	325.6236	2.17153	0.5089149	0.6310132
22410	-2560.507	-2886.203	325.6956	2.17153	0.4569518	0.6660868
22416	-2554.141	-2879.579	325.4377	2.05259	0.6913952	0.7072477
22422	-2544.216	-2869.748	325.5318	2.196165	0.5558105	0.6128628
22428	-2543.516	-2868.998	325.482	2.262193	0.5490903	0.5958989
22434	-2544.839	-2870.358	325.5195	2.259559	0.5189317	0.630568
22440	-2545.794	-2871.209	325.4152	2.259559	0.577268	0.66115
22446	-2563.721	-2889.31	325.5891	2.240844	0.4919689	0.6134706
22452	-2572.402	-2898.125	325.7236	2.091283	0.4715587	0.7147163
22458	-2566.971	-2892.534	325.5629	2.04455	0.5743441	0.7789969
22464	-2575.99	-2901.62	325.6295	1.996171	0.5238838	0.8562317
22470	-2579.439	-2905.044	325.6046	1.972753	0.5213962	0.9163155
22476	-2574.305	-2899.713	325.4076	1.819619	0.6575306	1.067044
22482	-2562.008	-2887.661	325.6521	2.062377	0.4917929	0.8107918
22488	-2555.973	-2881.805	325.8316	1.884193	0.3994532	0.9956668
22494	-2549.555	-2875.119	325.5638	1.806428	0.4886644	1.168142
22500	-2565.321	-2890.681	325.3596	1.854643	0.452568	1.349362
22506	-2564.471	-2889.918	325.4469	1.750928	0.3622062	1.494991
22512	-2574.132	-2899.204	325.0723	1.645257	0.5717906	1.579214
22518	-2564.366	-2889.629	325.2623	1.646753	0.4541285	1.579214
22524	-2573.9	-2898.818	324.9184	1.585205	0.5564647	1.748807
22530	-2561.219	-2886.525	325.3059	1.664005	0.5081762	1.465531
22536	-2559.538	-2884.743	325.2054	1.74034	0.5624499	1.418517
22542	-2576.647	-2901.853	325.2067	1.808781	0.5669817	1.358684
22548	-2585.955	-2911.628	325.6733	1.78999	0.4663228	1.119315
22554	-2567.321	-2892.307	324.9862	1.631842	0.574277	1.648569
22560	-2554.021	-2879.282	325.2611	1.742295	0.490685	1.462076
22566	-2555.88	-2881.269	325.3888	1.920296	0.5912621	1.078072
22572	-2552.074	-2877.57	325.4959	1.813233	0.5912621	1.078072
22578	-2564.746	-2890.234	325.4882	1.903009	0.590842	0.9995219
22584	-2557.37	-2882.876	325.5065	1.805008	0.646834	0.9995219
22590	-2565.074	-2890.734	325.6601	1.963926	0.4980425	0.906831
22596	-2564.404	-2889.836	325.4324	1.979661	0.6494286	0.888769
22602	-2548.394	-2874.172	325.7781	1.967809	0.4436387	0.87476
22608	-2561.224	-2886.96	325.7353	2.053776	0.4560753	0.7932
22614	-2578.856	-2904.315	325.4595	2.023617	0.6507591	0.7992061
22620	-2573.807	-2899.337	325.5297	1.962942	0.5956122	0.8837685
22626	-2567.876	-2893.286	325.4103	1.957722	0.6820024	0.8888177
22632	-2557.201	-2882.815	325.6136	2.038193	0.518305	0.8351816
22638	-2571.592	-2897.243	325.6507	1.933846	0.5277685	0.8969184
22644	-2567.852	-2893.46	325.6075	2.048907	0.5457632	0.7715147
22650	-2578.857	-2904.425	325.5687	1.943635	0.5457632	0.9448991
22656	-2592.313	-2917.878	325.5647	1.943453	0.5543291	0.9352017
22662	-2582.372	-2907.978	325.6065	1.943453	0.5276238	0.9352017
22668	-2578.721	-2904.329	325.6081	1.907629	0.394284	1.189768
22674	-2591.34	-2916.452	325.1128	1.699478	0.5079735	1.583113
22680	-2566.44	-2891.572	325.1316	1.476836	0.4815793	1.759937
22686	-2565.539	-2890.782	325.243	1.504077	0.4687976	1.67763
22692	-2551.768	-2876.994	325.2253	1.591897	0.4951692	1.59494
22698	-2563.635	-2888.961	325.3258	1.590326	0.4632863	1.562279
22704	-2561.962	-2887.612	325.6505	1.898188	0.4443801	1.076463
22710	-2559.377	-2884.845	325.4686	1.89958	0.4984822	1.155597
22716	-2568.372	-2893.931	325.5581	1.753432	0.4343963	1.297466
22722	-2575.204	-2900.615	325.4107	1.790443	0.6060649	1.156289
22728	-2571.647	-2897.248	325.6006	1.790443	0.4470902	1.212285
22734	-2571.964	-2897.396	325.4321	1.836631	0.559054	1.158242
22740	-2567.832	-2893.527	325.6951	1.725235	0.4319852	1.210596
22746	-2560.496	-2885.787	325.2904	1.725235	0.6263022	1.288936
22752	-2557.338	-2882.896	325.5576	2.019014	0.5912916	0.7868228
22758	-2549.782	-2875.4	325.6173	1.955654	0.5608473	0.8501758
22764	-2551.711	-2877.43	325.7192	1.955654	0.4802302	0.8831077
22770	-2555.628	-2881.171	325.5426	2.11684	0.5013943	0.859548
22776	-2554.079	-2879.816	325.7371	1.831428	0.450257	1.047778
22782	-2558.993	-2884.58	325.5871	2.06851	0.5379424	0.789586
22788	-2551.314	-2876.669	325.3557	2.123838	0.6559881	0.7944538
22794	-2554.745	-2880.228	325.4824	1.87979	0.6373972	0.9611061
22800	-2551.039	-2876.795	325.7557	1.761785	0.4082599	1.164848
22806	-2566.332	-2891.751	325.4192	1.901759	0.5252915	1.158745
22812	-2573.036	-2898.322	325.2856	1.825845	0.5325919	1.324576
22818	-2565.992	-2891.327	325.3348	1.729559	0.5361471	1.357642
22824	-2558.039	-2883.265	325.2255	1.704614	0.6139517	1.371479
22830	-2560.804	-2886.274	325.4698	1.771448	0.5305558	1.220296
22836	-2557.033	-2882.544	325.5108	1.771448	0.5086583	1.2154
22842	-2554.195	-2879.763	325.5683	1.711385	0.4029153	1.369998
22848	-2577.092	-2902.705	325.6129	1.945839	0.49686	0.9784221
22854	-2569.2	-2894.822	325.6223	1.733531	0.4345243	1.260881
22860	-2559.113	-2884.526	325.4133	1.679576	0.4681698	1.422978
22866	-2565.105	-2890.475	325.3694	1.603133	0.5270355	1.44036
22872	-2563.81	-2889.221	325.4118	1.723623	0.6198791	1.196259
22878	-2560.135	-2885.651	325.5151	1.829221	0.5913567	1.044619
22884	-2559.609	-2885.074	325.4658	1.839773	0.5913567	1.081229
22890	-2564.139	-2889.793	325.6539	1.809632	0.4157508	1.199375
22896	-2585.83	-2911.331	325.5005	1.774787	0.5472771	1.168413
22902	-2574.021	-2899.751	325.7296	1.868249	0.4284923	1.057402
22908	-2549.695	-2875.224	325.529	1.885168	0.4673077	1.161533
22914	-2563.378	-2889.099	325.7201	1.782295	0.4950601	1.037285
22920	-2559.47	-2884.942	325.4719	1.768997	0.5065468	1.253018
22926	-2557.965	-2883.379	325.4143	1.685389	0.5384786	1.326546
22932	-2566.832	-2892.276	325.4436	1.946645	0.5298803	1.089776
22938	-2566.44	-2892.133	325.6931	1.951376	0.5298803	0.8211122
22944	-2573.434	-2899.015	325.5812	1.951376	0.6076985	0.813758
22950	-2564.22	-2889.771	325.5514	1.757436	0.4163067	1.326594
22956	-2577.828	-2903.395	325.5672	1.974154	0.5349549	0.9319539
22962	-2563.176	-2888.69	325.5142	1.787525	0.5720928	1.111117
22968	-2555.577	-2881.029	325.4518	1.744532	0.5597841	1.219762
22974	-2556.385	-2882.082	325.697	1.857298	0.4915879	0.9919035
22980	-2553.71	-2879.283	325.5737	1.891657	0.571985	0.9521754
22986	-2551.846	-2877.449	325.6032	1.744984	0.4987594	1.172689
22992	-2564.721	-2890.451	325.7302	1.963967	0.4362104	0.9470311
22998	-2545.391	-2870.984	325.5929	1.831284	0.5730218	0.9929719
23004	-2554.218	-2879.756	325.5382	1.80521	0.4912528	1.187655
23010	-2570.742	-2896.245	325.5024	1.959525	0.5203976	1.036411
23016	-2558.096	-2883.658	325.5623	1.84833	0.5214693	1.083344
23022	-2570.815	-2896.539	325.7237	2.106343	0.4310409	0.7986603
23028	-2564.396	-2890.039	325.6422	1.996765	0.5018916	0.8826541
23034	-2570.849	-2896.436	325.5864	2.126166	0.5440659	0.6860449
23040	-2560.178	-2885.85	325.6724	1.861973	0.5155129	0.9720247
23046	-2556.71	-2882.328	325.618	1.918989	0.5107561	0.9772518
23052	-2552.138	-2877.88	325.7424	1.888033	0.4556169	0.9772518
23058	-2545.868	-2871.734	325.8654	1.94362	0.3797726	0.9391344
23064	-2565.056	-2890.39	325.3338	1.974167	0.6308103	1.025035
23070	-2551.393	-2877.131	325.7389	2.064786	0.4206381	0.8562137
23076	-2547.026	-2872.709	325.6828	2.064786	0.4741235	0.8067243
23082	-2563.731	-2889.468	325.7371	2.030142	0.4598151	0.8134396
23088	-2563.039	-2888.777	325.7386	1.976144	0.4062791	0.9834978
23094	-2559.308	-2884.8	325.4922	2.224217	0.5582608	0.6326607
23100	-2570.46	-2896.116	325.656	2.171019	0.4814203	0.6615234
23106	-2572.909	-2898.258	325.3487	2.219513	0.654229	0.6541397
23112	-2569.099	-2894.617	325.518	2.186553	0.5382797	0.7157595
23118	-2563.893	-2889.519	325.6262	2.024401	0.5286138	0.8158563
23124	-2562.415	-2887.78	325.365	2.100739	0.6541921	0.8158563
23130	-2559.452	-2884.827	325.3745	2.104124	0.7063634	0.6934791
23136	-2569.877	-2895.157	325.2801	2.247609	0.7063634	0.5770628
23142	-2561.451	-2886.895	325.444	2.069778	0.6691497	0.7173522
23148	-2560.893	-2886.233	325.3408	2.143969	0.6691497	0.7621997
23154	-2562.42	-2887.91	325.4901	2.157542	0.6010848	0.6439849
23160	-2573.674	-2899.288	325.6137	2.242433	0.4756399	0.6173541
23166	-2562.215	-2887.574	325.3593	2.296159	0.6168663	0.5485487
23172	-2558.24	-2883.7	325.4592	2.085723	0.6588943	0.6873643
23178	-2558.722	-2884.368	325.6455	2.123463	0.4602825	0.8100613
23184	-2576.109	-2901.564	325.4549	2.164273	0.6092881	0.6781947
23190	-2558.559	-2884.176	325.6164	2.02255	0.5385994	0.8105024
23196	-2558.054	-2883.529	325.4745	2.02255	0.6345242	0.8105024
23202	-2569.104	-2894.692	325.5886	1.955448	0.556511	0.8919045
23208	-2574.339	-2899.888	325.5488	1.955448	0.5581409	0.9331149
23214	-2564.257	-2889.792	325.5349	1.919717	0.591237	0.9331149
23220	-2573.853	-2899.387	325.5339	2.237363	0.5360716	0.5725344
23226	-2562.293	-2887.775	325.4819	2.243418	0.5660719	0.57087
23232	-2557.557	-2883.087	325.5299	1.963301	0.5505608	0.9573055
23238	-2553.581	-2879.377	325.7957	1.979667	0.4398346	0.8478194
23244	-2546.916	-2872.6	325.6837	1.975465	0.5075108	0.8478194
23250	-2576.477	-2902.157	325.68	2.018952	0.4793573	0.8564872
23256	-2584.737	-2910.242	325.5054	2.089027	0.6062851	0.7285211
23262	-2570.437	-2896.114	325.6767	2.172837	0.4682201	0.6618095
23268	-2559.936	-2885.6	325.6643	2.179752	0.4745737	0.6503489
23274	-2576.253	-2901.837	325.5835	2.231351	0.4745737	0.7059993
23280	-2567.693	-2893.06	325.3671	1.927708	0.6026872	1.075867
23286	-2562.556	-2888.024	325.4678	1.748702	0.5583444	1.204471
23292	-2563.875	-2889.548	325.6726	1.81711	0.4508126	1.120057
23298	-2555.949	-2881.618	325.6691	1.797335	0.4508126	1.140942
23304	-2564.819	-2890.218	325.399	1.751237	0.617545	1.186339
23310	-2567.885	-2893.55	325.6641	1.949528	0.4311564	1.037611
23316	-2576.587	-2902.357	325.7704	1.956933	0.4416177	0.900256
23322	-2569.486	-2895.056	325.5694	1.810025	0.4958675	1.149477
23328	-2557.29	-2882.902	325.6127	1.787545	0.5289218	1.08188
23334	-2569.185	-2894.884	325.6988	1.811173	0.5022394	1.018373
23340	-2573.311	-2898.932	325.6208	1.695703	0.5144254	1.177954
23346	-2568.6	-2893.864	325.2647	1.7951	0.6194641	1.260517
23352	-2569.94	-2895.368	325.4286	1.722296	0.6187956	1.184253
23358	-2564.839	-2890.206	325.3664	1.815759	0.5970792	1.184253
23364	-2569.053	-2894.389	325.3354	1.639615	0.5813989	1.373529
23370	-2572.667	-2898.088	325.4214	1.730252	0.5247049	1.302222
23376	-2589.824	-2915.346	325.5218	1.900635	0.4546422	1.173739
23382	-2583.378	-2908.852	325.4742	1.998187	0.6612214	0.7944886
23388	-2573.373	-2899.089	325.7155	2.137784	0.4083898	0.823349
23394	-2574.027	-2899.633	325.606	2.079979	0.5473194	0.7231356
23400	-2583.631	-2909.263	325.6317	1.844425	0.5223216	1.019511
23406	-2577.987	-2903.668	325.6809	2.042518	0.5019343	0.7759552
23412	-2570.665	-2896.361	325.696	2.046671	0.5019343	0.7479939
23418	-2565.657	-2891.286	325.6292	2.011091	0.5302649	0.8256084
23424	-2574.43	-2900.112	325.6818	2.134306	0.4531212	0.7626549
23430	-2562.823	-2888.365	325.5421	1.955212	0.5807613	0.9033291
23436	-2563.431	-2889.056	325.6246	1.966985	0.5334348	0.8786003
23442	-2560.238	-2885.942	325.7042	2.233948	0.428112	0.6233508
23448	-2567.724	-2893.237	325.5127	2.150701	0.5909081	0.6421397
23454	-2564.021	-2889.573	325.5519	1.956928	0.5909081	0.8729903
23460	-2582.385	-2907.755	325.3694	2.017486	0.6515223	0.9137407
23466	-2560.245	-2885.682	325.4362	1.961971	0.6515223	0.9011778
23472	-2570.873	-2896.443	325.5697	1.743613	0.6459441	0.998978
23478	-2571.826	-2897.286	325.4599	1.879103	0.6274974	0.998978
23484	-2573.303	-2898.68	325.3769	1.950397	0.6954745	0.9146685
23490	-2567.926	-2893.487	325.5605	1.884255	0.5710982	0.9749854
23496	-2569.718	-2895.378	325.6602	1.884255	0.4789873	1.022727
23502	-2571.159	-2896.909	325.7503	1.921528	0.4201856	1.000394
23508	-2554.204	-2880.015	325.8113	1.890956	0.4443973	0.9224798
23514	-2570.207	-2895.78	325.5732	1.946609	0.5266622	0.9686463
23520	-2572.317	-2897.747	325.4299	1.77285	0.5585054	1.215983
23526	-2565.928	-2891.436	325.5083	1.781965	0.4832777	1.244208
23532	-2558.934	-2884.318	325.3841	1.767096	0.4850602	1.354793
23538	-2579.669	-2905.032	325.3632	1.767861	0.5755346	1.254601
23544	-2566.606	-2892.205	325.5989	1.743522	0.4684033	1.22177
23550	-2562.295	-2887.727	325.4319	1.930195	0.6019549	1.0123
23556	-2574.962	-2900.41	325.4473	1.921687	0.6424385	0.9466173
23562	-2577.256	-2903.043	325.7873	1.852289	0.4221447	1.028513
23568	-2572.676	-2898.162	325.4865	1.847257	0.4742112	1.220615
23574	-2567.153	-2892.903	325.7498	2.007534	0.4742112	0.7934504
23580	-2565.355	-2890.845	325.4899	1.911515	0.5602745	1.034513
23586	-2577.615	-2903.433	325.8181	1.921469	0.3760233	1.017866
23592	-2574.768	-2900.342	325.5747	1.921469	0.4008413	1.195697
23598	-2566.952	-2892.392	325.4402	1.907859	0.5308854	1.126728
23604	-2560.188	-2885.838	325.65	1.910023	0.4706989	1.021448
23610	-2570.648	-2896.169	325.5211	1.95141	0.5207289	1.025567
23616	-2570.345	-2896.138	325.7928	1.95141	0.4335314	0.8977639
23622	-2572.911	-2898.484	325.5739	1.757066	0.518628	1.159311
23628	-2581.538	-2907.008	325.4702	1.745525	0.5553518	1.209094
23634	-2561.08	-2886.516	325.4363	1.758922	0.4837127	1.321469
23640	-2567.796	-2893.284	325.4887	2.121479	0.6087293	0.6961633
23646	-2563.27	-2888.944	325.6736	2.179335	0.4670067	0.6592555
23652	-2583.208	-2908.631	325.4225	1.636772	0.4999639	1.407358
23658	-2579.266	-2904.516	325.2505	1.647403	0.541453	1.479793
23664	-2577.36	-2902.983	325.6232	2.065015	0.4529854	0.9210965
23670	-2569.215	-2894.874	325.6584	1.957475	0.5075588	0.8983862
23676	-2574.095	-2899.575	325.4799	1.957475	0.6251193	0.8983862
23682	-2570.63	-2896.234	325.6037	2.14021	0.498964	0.7535017
23688	-2555.212	-2880.735	325.523	1.961756	0.5763763	0.9243761
23694	-2566.643	-2892.347	325.7037	1.963816	0.4592025	0.9317194
23700	-2552.709	-2878.276	325.5668	1.963816	0.5532764	0.9125006
23706	-2549.581	-2875.159	325.5784	1.949072	0.5077024	0.9920082
23712	-2550.021	-2875.761	325.7402	2.043572	0.4146207	0.8926073
23718	-2548.759	-2874.302	325.5421	1.849073	0.5412502	1.072239
23724	-2551.982	-2877.443	325.4616	1.849073	0.5683304	1.108084
23730	-2552.383	-2878.043	325.6596	1.827271	0.4460758	1.130246
23736	-2572.103	-2897.66	325.5567	1.986901	0.5590912	0.8878722
23742	-2562.949	-2888.461	325.5117	1.961103	0.5709846	0.9459761
23748	-2554.612	-2880.29	325.6784	1.824929	0.4409265	1.123743
23754	-2581.905	-2907.488	325.5829	1.861427	0.4873422	1.103962
23760	-2569.75	-2895.254	325.5039	1.649114	0.480429	1.359626
23766	-2560.2	-2885.664	325.4637	1.644954	0.5069814	1.359626
23772	-2558.113	-2883.479	325.3662	1.682807	0.4690832	1.455315
23778	-2549.989	-2875.378	325.3893	1.729659	0.4187531	1.47086
23784	-2551.931	-2877.518	325.5872	1.840326	0.5452591	1.03157
23790	-2557.23	-2882.971	325.7416	1.85915	0.3709166	1.156144
23796	-2572.641	-2898.035	325.3948	1.890951	0.5366435	1.173797
23802	-2562.681	-2887.784	325.1029	1.661902	0.5586425	1.559151
23808	-2557.438	-2882.952	325.514	1.801227	0.4020602	1.343125
23814	-2566.287	-2891.962	325.6744	1.874623	0.4422086	1.079821
23820	-2571.646	-2897.007	325.3614	1.784015	0.5085834	1.328266
23826	-2568.128	-2893.504	325.3761	1.745974	0.5614544	1.279554
23832	-2566.297	-2891.818	325.5209	1.900803	0.5501382	1.029911
23838	-2564.944	-2890.583	325.6398	1.952345	0.5284136	0.8870976
23844	-2569.793	-2895.401	325.6077	1.702359	0.4924485	1.214533
23850	-2568.573	-2894.027	325.4533	1.919241	0.454642	1.216575
23856	-2584.741	-2910.178	325.4364	1.811425	0.490778	1.268943
23862	-2567.226	-2892.737	325.5109	1.68719	0.5058526	1.289269
23868	-2566.883	-2892.318	325.4351	1.645218	0.3578568	1.588651
23874	-2558.583	-2884.152	325.5682	1.733267	0.4404761	1.296613
23880	-2560.243	-2885.699	325.4566	1.726436	0.5095358	1.296613
23886	-2553.88	-2879.444	325.5646	1.737953	0.5095358	1.196812
23892	-2553.344	-2878.873	325.5286	1.698034	0.4220489	1.38324
23898	-2549.21	-2874.797	325.5874	1.660934	0.3845085	1.422359
23904	-2545.167	-2870.703	325.5367	1.720576	0.513609	1.229698
23910	-2551.306	-2876.729	325.4227	1.760837	0.4585558	1.365306
23916	-2561.56	-2886.985	325.4251	1.778879	0.5374095	1.242527
23922	-2568.278	-2893.809	325.531	1.664235	0.381383	1.467653
23928	-2569.849	-2895.104	325.2552	1.682334	0.4655903	1.543555
23934	-2566.551	-2891.775	325.2239	1.704998	0.63394	1.350148
23940	-2563.267	-2888.602	325.3353	1.699012	0.5163929	1.405861
23946	-2575.829	-2901.227	325.3981	1.764687	0.5163929	1.304068
23952	-2574.859	-2899.84	324.9807	1.542736	0.4985075	1.799295
23958	-2576.417	-2901.025	324.6082	1.426783	0.6261019	1.998727
23964	-2568.516	-2892.867	324.3509	1.374847	0.6753661	2.157883
23970	-2574.865	-2899.731	324.866	1.595093	0.5096497	1.829687
23976	-2567	-2892.144	325.1441	1.621112	0.5602077	1.557067
23982	-2562.468	-2887.662	325.1946	1.652026	0.5649375	1.491137
23988	-2560.876	-2885.864	324.9878	1.721233	0.5058944	1.660212
23994	-2556.129	-2881.2	325.0715	1.579979	0.5313381	1.672024
24000	-2570.366	-2894.83	324.4647	1.414164	0.6411124	2.088224
24006	-2548.971	-2874.039	325.0682	1.539658	0.5847126	1.6447
24012	-2569.93	-2894.143	324.2134	1.392578	0.4696017	2.43347
24018	-2559.008	-2884.181	325.1722	1.476716	0.4635908	1.753299
24024	-2559.885	-2884.659	324.7744	1.449218	0.4345375	2.076403
24030	-2555.191	-2880.27	325.0794	1.65066	0.5256533	1.622078
24036	-2555.826	-2881.098	325.2719	1.670479	0.6180276	1.357211
24042	-2547.077	-2872.544	325.4667	1.679683	0.3585696	1.538992
24048	-2554.405	-2879.879	325.474	1.827846	0.4569361	1.272279
24054	-2557.334	-2882.893	325.5591	1.737622	0.4569361	1.276516
24060	-2562.244	-2887.73	325.4868	1.825041	0.514904	1.181315
24066	-2553.19	-2878.643	325.453	1.751188	0.5785828	1.188818
24072	-2561.042	-2886.485	325.4423	2.120226	0.6510262	0.6744151
24078	-2550.76	-2876.469	325.7088	2.002515	0.490729	0.8172838
24084	-2562.744	-2888.253	325.5087	2.064695	0.5596923	0.8517127
24090	-2569.903	-2894.996	325.0926	1.550796	0.4358136	1.791573
24096	-2564.114	-2889.029	324.9151	1.45079	0.5326406	1.869648
24102	-2557.341	-2882.464	325.1235	1.476459	0.4634594	1.787537
24108	-2559.342	-2884.03	324.6886	1.476459	0.4538247	2.092095
24114	-2563.849	-2888.854	325.0047	1.537458	0.4779372	1.810264
24120	-2567.3	-2892.214	324.9136	1.612515	0.529052	1.763039
24126	-2587.078	-2912.129	325.0517	1.54117	0.5408832	1.70299
24132	-2571.944	-2897.198	325.2533	1.820896	0.8384389	0.9972818
24138	-2562.17	-2887.695	325.5252	1.930561	0.5748398	0.9577592
24144	-2556.154	-2881.851	325.697	1.915816	0.4766398	0.9577592
24150	-2551.691	-2877.386	325.6953	1.910908	0.4766398	0.9646311
24156	-2550.498	-2875.87	325.3716	1.847136	0.4846251	1.301212
24162	-2555.74	-2881.333	325.5932	1.750357	0.4721187	1.215383
24168	-2568.419	-2893.834	325.4155	1.694947	0.5777022	1.268967
24174	-2563.456	-2888.738	325.282	1.697811	0.4314865	1.557189
24180	-2574.638	-2900.263	325.6254	1.826106	0.4152388	1.210465
24186	-2576.466	-2901.883	325.4172	1.694373	0.5635812	1.285503
24192	-2560.403	-2886.016	325.6129	1.818413	0.3792631	1.285503
24198	-2565.217	-2890.72	325.5034	1.879963	0.447054	1.218867
24204	-2570.266	-2895.581	325.3153	1.766101	0.5525677	1.32363
24210	-2576.252	-2901.934	325.6817	1.874284	0.4624354	1.039301
24216	-2583.231	-2908.632	325.4012	1.858522	0.5022774	1.243231
24222	-2574.616	-2900.187	325.5707	1.853636	0.5661719	1.00319
24228	-2581.353	-2906.986	325.6325	1.94343	0.4675395	1.011132
24234	-2582.582	-2907.989	325.4069	1.724498	0.4925156	1.36056
24240	-2572.597	-2898.072	325.4751	1.734826	0.43672	1.375266
24246	-2555.859	-2881.295	325.4362	1.985556	0.5093544	1.091192
24252	-2565.037	-2890.491	325.4541	1.830051	0.5093544	1.212834
24258	-2559.249	-2884.656	325.4073	1.670798	0.5211895	1.365553
24264	-2557.257	-2882.708	325.451	1.95672	0.6593897	0.8780543
24270	-2547.135	-2872.464	325.3288	1.869079	0.7671327	0.9565781
24276	-2555.699	-2881.266	325.5661	1.945261	0.5431578	0.9502295
24282	-2568.859	-2894.51	325.6506	1.863099	0.4511552	1.097644
24288	-2558.025	-2883.509	325.4841	1.9092	0.5116455	1.113749
24294	-2567.911	-2893.231	325.3198	1.823089	0.4372494	1.426597
24300	-2571.093	-2896.693	325.6002	2.035845	0.4608033	0.9620976
24306	-2559.599	-2885.292	325.693	1.949389	0.438219	0.9966638
24312	-2567.507	-2893.267	325.7592	1.966958	0.4199841	0.9447949
24318	-2562.418	-2888.094	325.6766	1.94525	0.4586271	0.980672
24324	-2544.08	-2869.739	325.6593	1.950124	0.4286816	1.046019
24330	-2559.729	-2885.34	325.6114	1.789366	0.5458918	1.056373
24336	-2559.54	-2884.922	325.3816	1.785298	0.5124259	1.305935
24342	-2568.621	-2894.196	325.5753	1.814521	0.4209637	1.253403
24348	-2561.324	-2886.663	325.3385	1.589495	0.4293931	1.597937
24354	-2556.472	-2881.972	325.4999	1.61405	0.3632424	1.555811
24360	-2553.462	-2878.894	325.4322	1.734666	0.5644658	1.238597
24366	-2562.161	-2887.623	325.4618	1.735528	0.4546974	1.359837
24372	-2566.853	-2892.267	325.4134	1.924988	0.4239663	1.291119
24378	-2565.767	-2891.348	325.5817	1.713935	0.4727483	1.254676
24384	-2563.115	-2888.761	325.6467	1.758384	0.4727483	1.161302
24390	-2559.364	-2885.127	325.7632	1.758384	0.4005261	1.174223
24396	-2568.915	-2894.422	325.5073	1.726615	0.4289092	1.3676
24402	-2565.76	-2891.272	325.5121	1.697336	0.448546	1.358882
24408	-2563.377	-2888.833	325.4559	1.729402	0.4622126	1.358882
24414	-2571.312	-2896.526	325.2134	1.642078	0.483197	1.581635
24420	-2564.878	-2890.132	325.2534	1.715541	0.5088431	1.465447
24426	-2561.652	-2886.641	324.9888	1.629497	0.5344153	1.692175
24432	-2552.2	-2877.528	325.3286	1.65885	0.4100915	1.580798
24438	-2571.586	-2896.625	325.0397	1.608186	0.5021999	1.708018
24444	-2581.746	-2907.113	325.3662	1.592097	0.4813837	1.507881
24450	-2574.651	-2899.857	325.2055	1.681198	0.5127603	1.522426
24456	-2568.917	-2894.265	325.3482	1.649406	0.4476471	1.522426
24462	-2570.032	-2894.908	324.8763	1.534637	0.6093237	1.75872
24468	-2566.195	-2890.763	324.5678	1.417396	0.4750967	2.185364
24474	-2564.713	-2889.545	324.8316	1.388376	0.4750967	2.03145
24480	-2559.141	-2883.747	324.6058	1.377574	0.6278031	2.03145
24486	-2547.851	-2872.839	324.9884	1.449754	0.5344867	1.818074
24492	-2561.278	-2886.348	325.0705	1.542794	0.4634802	1.778255
24498	-2551.462	-2876.587	325.1245	1.488022	0.4504348	1.79474
24504	-2566.64	-2891.426	324.7865	1.538313	0.5811726	1.846841
24510	-2554.54	-2879.775	325.2354	1.604358	0.4325727	1.657435
24516	-2556.75	-2881.498	324.7479	1.58163	0.649513	1.77615
24522	-2548.302	-2873.13	324.8285	1.562521	0.5638354	1.819215
24528	-2550.711	-2875.874	325.1631	1.654529	0.5238886	1.560317
24534	-2554.172	-2879.557	325.3847	1.781701	0.5238886	1.291285
24540	-2556.806	-2882.412	325.6055	1.808204	0.4066192	1.255973
24546	-2563.03	-2888.72	325.6898	1.808204	0.4087078	1.181102
24552	-2566.458	-2891.801	325.3427	1.903046	0.6412306	1.070675
24558	-2552.461	-2878.184	325.723	1.864669	0.5149074	0.9164321
24564	-2558.425	-2883.927	325.5017	1.80366	0.5149074	1.186888
24570	-2553.169	-2878.797	325.6271	1.739511	0.4599416	1.213708
24576	-2542.465	-2868.048	325.5831	1.856996	0.5244234	1.051092
24582	-2567.221	-2892.7	325.4793	1.878587	0.4459902	1.241889
24588	-2577.005	-2902.414	325.4089	1.809528	0.4729792	1.317534
24594	-2571.047	-2896.209	325.1624	1.764209	0.5095061	1.496552
24600	-2565.098	-2890.006	324.9072	1.710737	0.5709989	1.652162
24606	-2559.097	-2884.186	325.0886	1.694473	0.6288675	1.468665
24612	-2551.069	-2876.154	325.0854	1.694473	0.5952993	1.507345
24618	-2552.978	-2878.261	325.2827	1.702165	0.5075305	1.454933
24624	-2566.679	-2891.73	325.0512	1.571013	0.5540632	1.667572
24630	-2563.612	-2888.535	324.9224	1.516351	0.701773	1.649686
24636	-2549.32	-2874.821	325.501	1.673336	0.4253359	1.419181
24642	-2554.124	-2879.223	325.0994	1.643525	0.500181	1.642655
24648	-2566.68	-2891.948	325.2681	1.613105	0.4766249	1.571013
24654	-2581.525	-2906.967	325.4421	1.576003	0.4010358	1.571013
24660	-2558.58	-2884.186	325.6066	1.912765	0.4969224	1.017733
24666	-2546.873	-2872.457	325.584	1.935408	0.4969224	1.017733
24672	-2554.018	-2879.225	325.2071	1.645791	0.5029196	1.559361
24678	-2558.033	-2883.142	325.1085	1.666168	0.3454632	1.823432
24684	-2546.64	-2872.206	325.5656	1.757976	0.3945288	1.348042
24690	-2554.28	-2879.687	325.4066	1.546713	0.4009774	1.618296
24696	-2568.32	-2893.146	324.8262	1.457714	0.4371374	2.033407
24702	-2556.605	-2882.216	325.6113	2.202098	0.5113345	0.5617292
24708	-2559.751	-2885.147	325.396	2.346881	0.5563244	0.5594233
24714	-2573.051	-2898.616	325.5645	2.23431	0.5091636	0.6206587
24720	-2566.171	-2891.323	325.1519	2.352356	0.7325825	0.5197214
24726	-2549.9	-2875.242	325.3423	2.402126	0.554026	0.4376063
24732	-2551.463	-2876.875	325.4117	2.364054	0.5383303	0.5288221
24738	-2546.907	-2872.406	325.4995	2.26374	0.5455233	0.5382286
24744	-2550.264	-2875.83	325.566	2.337426	0.4605211	0.5378423
24750	-2559.141	-2884.53	325.3888	2.186279	0.6583991	0.625216
24756	-2544.398	-2869.678	325.2807	2.280284	0.687855	0.5297029
24762	-2555.188	-2880.831	325.6429	1.892139	0.4787092	1.032402
24768	-2554.061	-2879.671	325.6102	1.969781	0.5580698	0.8467906
24774	-2565.33	-2890.884	325.5535	1.979859	0.5746169	0.8725562
24780	-2558.974	-2884.429	325.4551	1.959733	0.6434558	0.8949838
24786	-2559.562	-2885.274	325.7115	1.991196	0.4877845	0.8343931
24792	-2575.808	-2901.263	325.4557	2.190609	0.5845855	0.6946572
24798	-2564.588	-2890.015	325.4265	2.094364	0.6737138	0.6946572
24804	-2562.015	-2887.698	325.6832	2.060919	0.4559321	0.8509058
24810	-2563.488	-2889.07	325.5824	1.954746	0.5495255	0.911718
24816	-2570.98	-2896.609	325.6294	2.003376	0.4911793	0.9097497
24822	-2567.725	-2893.284	325.5597	2.009021	0.5314274	0.9080947
24828	-2550.344	-2875.861	325.5167	2.077291	0.5156289	0.9080947
24834	-2568.11	-2893.779	325.6685	2.069439	0.5033304	0.7516631
24840	-2567.293	-2893.024	325.7307	2.017856	0.3975678	0.9659579
24846	-2569.067	-2894.862	325.7955	1.910644	0.4088825	0.9872493
24852	-2571.808	-2897.484	325.6761	2.104836	0.4944775	0.7064789
24858	-2598.566	-2924.034	325.4681	2.05769	0.643914	0.7523616
24864	-2600.426	-2925.783	325.3569	2.05769	0.7218923	0.7639233
24870	-2571.173	-2896.861	325.6884	1.979998	0.4911537	0.8691082
24876	-2582.938	-2908.73	325.7924	1.947664	0.3886098	0.9924996
24882	-2580.154	-2905.56	325.4059	2.306586	0.5705873	0.5923873
24888	-2573.545	-2898.935	325.3905	2.27106	0.5988277	0.6183927
24894	-2566.269	-2891.773	325.5035	2.13382	0.5814941	0.717916
24900	-2577.916	-2903.452	325.5366	2.218217	0.5309083	0.6423029
24906	-2579.094	-2904.474	325.3804	2.218217	0.6292115	0.6630081
24912	-2569.581	-2895.161	325.5798	2.109798	0.5470335	0.7180068
24918	-2565.527	-2891.025	325.4975	2.109798	0.5837828	0.7590573
24924	-2563.217	-2888.728	325.5108	2.130457	0.5543394	0.774223
24930	-2566.507	-2892.449	325.9421	1.881101	0.3644029	0.9570867
24936	-2572.604	-2898.208	325.6039	1.839005	0.5349055	1.032464
24942	-2585.154	-2910.869	325.7142	1.784632	0.440303	1.128847
24948	-2568.045	-2893.504	325.4591	1.716876	0.524226	1.283002
24954	-2563.503	-2888.828	325.3251	1.716876	0.5683688	1.335925
24960	-2560.262	-2886.003	325.7404	1.80515	0.4075398	1.141359
24966	-2553.243	-2878.727	325.4839	1.764036	0.4901965	1.269654
24972	-2579.776	-2905.424	325.6479	1.835878	0.5095789	1.032185
24978	-2583.427	-2908.804	325.3769	1.917218	0.490512	1.230741
24984	-2565.842	-2891.514	325.672	1.839132	0.3567871	1.25746
24990	-2553.382	-2878.865	325.4826	1.880629	0.564207	1.065205
24996	-2565.245	-2890.692	325.447	1.920899	0.6186147	0.9824585
25002	-2552.535	-2878.195	325.66	1.920899	0.4813357	0.9824585
25008	-2562.789	-2888.372	325.5832	1.778672	0.5363466	1.106454
25014	-2565.716	-2891.155	325.4386	1.842688	0.6109466	1.077401
25020	-2566.742	-2891.615	324.8733	1.561142	0.6312463	1.72045
25002	-2640.795	-2966.047	325.2522	1.61971	0.5700428	1.466202
25008	-2606.394	-2931.45	325.0555	1.716456	0.556669	1.556132
25014	-2574.247	-2899.828	325.5814	1.837897	0.4648972	1.160772
25020	-2570.607	-2896.122	325.5155	1.851888	0.4648972	1.20565
25026	-2564.306	-2889.798	325.4915	1.851888	0.5828368	1.05754
25032	-2562.754	-2888.129	325.3752	1.84225	0.5548985	1.208229
25038	-2557.586	-2883.016	325.43	1.795607	0.5354009	1.226986
25044	-2581.197	-2906.638	325.441	1.796502	0.5354009	1.216913
25050	-2580.865	-2906.347	325.4815	1.84301	0.5354009	1.141427
25056	-2571.479	-2896.8	325.3211	1.84301	0.6442162	1.141427
25062	-2569.016	-2894.549	325.5334	1.783518	0.5101587	1.18354
25068	-2577.197	-2902.786	325.5893	1.832445	0.5012961	1.10333
25074	-2570.089	-2895.484	325.3952	1.832445	0.6289229	1.10333
25080	-2574.139	-2899.485	325.3454	1.745734	0.5787077	1.283603
25086	-2555.924	-2881.306	325.3826	1.779556	0.6901162	1.087107
25092	-2560.53	-2886.102	325.5714	1.722509	0.5149967	1.196602
25098	-2572.648	-2897.952	325.3038	1.850481	0.6064234	1.196602
25104	-2558.896	-2884.288	325.3926	1.828529	0.5685307	1.187223
25110	-2568.871	-2894.327	325.4563	1.828529	0.5233256	1.192934
25116	-2571.69	-2897.35	325.6603	1.844279	0.4841413	1.052782
25122	-2577.309	-2902.826	325.517	1.882155	0.549365	1.052782
25128	-2577.014	-2902.599	325.5856	1.882473	0.5060592	1.052782
25134	-2561.964	-2887.485	325.5214	1.857143	0.5875754	1.016817
25140	-2557.634	-2883.167	325.5333	1.852587	0.5826212	1.016817
25146	-2560.453	-2886.091	325.6379	1.858369	0.5104951	1.018529
25152	-2573.574	-2899.136	325.5618	1.834118	0.5463832	1.060253
25158	-2565.098	-2890.695	325.5967	1.885099	0.4930385	1.060253
25164	-2572.095	-2897.642	325.5466	1.735302	0.5607944	1.144317
25170	-2567.061	-2892.559	325.4978	1.684717	0.5264146	1.274771
25176	-2579.16	-2904.707	325.5471	1.76256	0.4508508	1.274771
25182	-2588.576	-2913.43	324.8539	1.547232	0.4244527	1.970754
25188	-2574.024	-2898.759	324.7351	1.492567	0.4516455	2.053393
25194	-2585.619	-2910.963	325.3443	1.843964	0.4841568	1.326506
25200	-2579.071	-2904.415	325.3443	1.843964	0.4841568	1.326506
25206	-2564.971	-2890.224	325.253	1.769554	0.6141406	1.29738
25212	-2565.696	-2891.103	325.4069	1.686266	0.4776882	1.410114
25218	-2581.615	-2906.978	325.3634	1.725273	0.5105061	1.37088
25224	-2568.414	-2893.839	325.4249	1.741925	0.5105061	1.308474
25230	-2567.046	-2892.484	325.4373	1.836675	0.44769	1.308474
25236	-2555.463	-2880.946	325.4833	1.749642	0.4710568	1.308474
25242	-2560.626	-2885.974	325.3475	1.763495	0.460169	1.41974
25248	-2564.953	-2890.427	325.4736	1.714164	0.434045	1.396343
25254	-2552.256	-2877.479	325.223	1.707649	0.5916452	1.396343
25260	-2578.423	-2903.875	325.4517	1.90933	0.683112	0.8951452
25266	-2568.39	-2894.246	325.8557	1.986761	0.383091	0.8951452
25272	-2579.482	-2905.137	325.6547	1.867658	0.3733461	1.219559
25278	-2576.72	-2902.47	325.7503	1.842035	0.3820652	1.143817
25284	-2576.322	-2901.775	325.4523	1.791002	0.5616122	1.177118
25290	-2576.993	-2901.259	324.2656	1.40347	0.5467515	2.313482
25296	-2572.668	-2897.799	325.1312	1.544778	0.5359809	1.649263
25302	-2580.906	-2906.764	325.8577	2.117567	0.3518769	0.8116519
25308	-2580.135	-2905.858	325.7228	2.171964	0.4510893	0.6280963
25314	-2569.063	-2894.689	325.6264	2.262317	0.4490661	0.6501263
25320	-2566.15	-2891.803	325.6529	2.137007	0.5060172	0.6534541
25326	-2554.372	-2880.041	325.6692	2.141952	0.4947333	0.6477432
25332	-2574.621	-2900.02	325.3989	1.573069	0.4225855	1.575039
25338	-2558.924	-2883.838	324.9139	1.573069	0.8109314	1.516253
25344	-2558.886	-2884.373	325.4871	1.577672	0.3871043	1.556659
25350	-2561.049	-2885.924	324.8746	1.620636	0.557204	1.753857
25356	-2560.117	-2885.233	325.1153	1.749639	0.5198035	1.530132
25362	-2551.407	-2876.921	325.5138	1.692138	0.5198035	1.26419
25368	-2543.44	-2868.849	325.4092	1.692138	0.4904052	1.387014
25374	-2553.369	-2878.758	325.3886	1.712678	0.4904052	1.387014
25380	-2558.489	-2884.01	325.5203	1.775605	0.4294443	1.31741
25386	-2568.738	-2894.266	325.528	1.728195	0.448009	1.322327
25392	-2575.665	-2901.251	325.5865	1.669746	0.448009	1.322327
25398	-2568.06	-2893.422	325.3619	1.60022	0.5509511	1.419493
25404	-2563.085	-2888.621	325.5359	1.662256	0.4654065	1.344236
25410	-2570.474	-2895.935	325.4616	1.836429	0.4654065	1.263276
25416	-2563.916	-2889.543	325.6274	1.730584	0.3849729	1.335624
25422	-2569.173	-2894.836	325.6629	1.695008	0.3849729	1.335624
25428	-2559.756	-2885.163	325.4074	1.576762	0.4646432	1.510043
25434	-2573.107	-2898.004	324.8969	1.520523	0.6407409	1.723059
25440	-2568.866	-2893.94	325.0745	1.518208	0.5653233	1.676391
25446	-2561.552	-2886.995	325.4425	1.684314	0.4992421	1.355352
25452	-2569.337	-2894.627	325.2896	1.810719	0.5571328	1.302742
25458	-2579.615	-2905.027	325.412	1.788917	0.5325369	1.251537
25464	-2574.018	-2899.311	325.2932	1.753142	0.6071924	1.286099
25470	-2575.388	-2900.796	325.408	1.774488	0.5286573	1.271859
25476	-2569.928	-2894.702	324.7741	1.574795	0.6968143	1.718228
25482	-2572.046	-2896.865	324.8188	1.589144	0.5929282	1.777428
25488	-2579.218	-2904.005	324.7867	1.630958	0.5863293	1.777428
25494	-2572.049	-2896.843	324.7941	1.583788	0.5863293	1.80504
25500	-2576.061	-2901.103	325.0421	1.659071	0.4360736	1.750945
25506	-2574.907	-2900.385	325.4779	1.659071	0.4360736	1.432826
25512	-2572.738	-2898.067	325.3293	1.690676	0.5997228	1.316279
25518	-2568.862	-2894.264	325.4023	1.690676	0.4630823	1.429641
25524	-2588.71	-2914.28	325.5701	1.882625	0.3882473	1.253088
25530	-2577.702	-2902.784	325.0825	1.613066	0.5555829	1.613175
25536	-2568.183	-2893.23	325.0467	1.613066	0.5363193	1.660459
25542	-2579.522	-2904.686	325.1642	1.613066	0.5363193	1.575458
25548	-2581.97	-2906.941	324.9707	1.698297	0.6082323	1.575458
25554	-2571.943	-2897.143	325.2001	1.641438	0.6181368	1.435622
25560	-2569.906	-2895.007	325.1016	1.67038	0.5973719	1.510925
25566	-2554.355	-2879.873	325.5181	1.683036	0.3756532	1.471879
25572	-2559.79	-2884.97	325.1796	1.53362	0.5011372	1.662817
25578	-2556.403	-2881.421	325.0184	1.614131	0.5516833	1.662817
25584	-2573.064	-2898.123	325.0596	1.554195	0.4472212	1.797814
25590	-2581.551	-2906.531	324.9793	1.430279	0.5563413	1.814291
25596	-2591.572	-2916.74	325.1674	1.630865	0.4557942	1.657255
25602	-2573.209	-2898.639	325.4304	1.716339	0.3677366	1.524722
25608	-2570.838	-2895.933	325.0951	1.716339	0.4137237	1.702477
25614	-2579.181	-2904.195	325.0136	1.589329	0.5349536	1.702477
25620	-2586.209	-2911.943	325.7339	1.863442	0.3984495	1.11039
25626	-2595.127	-2920.619	325.4918	1.841169	0.5761586	1.07668
25632	-2568.64	-2894.05	325.4097	1.665474	0.5028728	1.391256
25638	-2557.918	-2883.341	325.4238	1.711233	0.4052009	1.4781
25644	-2577.427	-2902.798	325.371	1.651359	0.6620668	1.242505
25650	-2580.751	-2906.096	325.3448	1.667792	0.4769346	1.472753
25656	-2556.123	-2881.475	325.3517	1.637604	0.4134985	1.574748
25662	-2573.698	-2899.43	325.732	1.637604	0.4550603	1.218437
25668	-2565.875	-2891.404	325.5291	1.678054	0.4850998	1.309963
25674	-2574.367	-2899.891	325.5236	1.682705	0.4074998	1.420341
25680	-2566.727	-2892.099	325.372	1.677208	0.4959309	1.420341
25686	-2581.435	-2906.633	325.1987	1.617006	0.4950727	1.596109
25692	-2563.772	-2889.036	325.2638	1.734561	0.4713163	1.490745
25698	-2558.998	-2884.611	325.6135	1.725173	0.4713163	1.220632
25704	-2559.402	-2884.805	325.4033	1.714794	0.5689179	1.273558
25710	-2550.234	-2875.716	325.4815	1.729506	0.5547735	1.213818
25716	-2553.324	-2878.813	325.4885	1.722501	0.5547735	1.213818
25722	-2571.913	-2897.547	325.634	1.759507	0.4541534	1.199491
25728	-2556.633	-2882.085	325.4525	1.756818	0.4708707	1.327795
25734	-2564.679	-2890.342	325.663	1.862486	0.5317521	0.9542874
25740	-2555.286	-2881.062	325.7764	2.007237	0.4306388	0.8581477
25746	-2569.232	-2894.741	325.5089	1.92146	0.5937407	0.9550008
25752	-2559.937	-2885.649	325.7123	1.962519	0.3916651	1.050528
25758	-2550.653	-2876.306	325.6531	1.930167	0.5348471	0.8855903
25764	-2560.731	-2886.552	325.821	1.86693	0.4017619	1.018997
25770	-2561.326	-2887.027	325.7016	1.909493	0.4017619	1.091961
25776	-2535.085	-2860.727	325.6424	1.888915	0.4447606	1.091961
25782	-2539.746	-2865.429	325.6832	1.789756	0.4511074	1.134669
25788	-2559.347	-2884.981	325.6341	1.789756	0.5251416	1.065477
25794	-2560.901	-2886.413	325.5119	1.789756	0.5215963	1.18078
25800	-2549.476	-2874.98	325.5045	1.76998	0.518414	1.20849
25806	-2555.267	-2880.913	325.6462	1.8522	0.373364	1.239745
25812	-2561.411	-2886.978	325.5671	1.943019	0.5195463	0.9900951
25818	-2546.257	-2871.812	325.5549	1.864258	0.5782722	0.9900951
25824	-2539.984	-2865.568	325.5836	1.899157	0.5230116	1.011908
25830	-2544.178	-2869.82	325.6422	1.90208	0.555171	0.8939447
25836	-2559.597	-2885.147	325.5504	1.99866	0.5202428	0.9487277
25842	-2560.776	-2886.422	325.6453	2.068008	0.4341818	0.9305686
25848	-2560.706	-2886.169	325.4635	1.831661	0.6053771	1.071852
25854	-2567.903	-2893.569	325.6661	1.890766	0.4120616	1.123484
25860	-2563.998	-2889.502	325.5041	1.866501	0.5834467	1.030608
25866	-2569.004	-2894.706	325.7026	1.896565	0.4430947	1.030608
25872	-2559.388	-2884.84	325.4523	1.930718	0.5928828	1.004646
25878	-2561.555	-2887.337	325.782	1.947918	0.3883181	1.003288
25884	-2552.045	-2877.624	325.5798	1.928264	0.5126856	1.003288
25890	-2568.977	-2894.557	325.5798	1.928264	0.5126856	1.003288
25896	-2549.422	-2874.99	325.5686	1.939486	0.5126856	1.003288
25902	-2566.771	-2892.257	325.4858	1.957419	0.6352122	0.8754435
25908	-2571.654	-2896.993	325.339	1.970499	0.5765827	1.097841
25914	-2573.712	-2898.898	325.1863	1.716569	0.4468925	1.593116
25920	-2564.374	-2889.76	325.3859	1.735559	0.335553	1.593116
25926	-2576.191	-2901.436	325.2449	1.571845	0.4398763	1.664355
25932	-2577.152	-2902.128	324.9759	1.490262	0.5407759	1.791846
25938	-2557.466	-2882.351	324.8842	1.490262	0.3888143	2.033824
25944	-2565.012	-2889.916	324.9039	1.540304	0.4967735	1.855837
25950	-2581.652	-2906.946	325.2944	1.564101	0.4198364	1.660865
25956	-2574.466	-2899.721	325.2549	1.595058	0.4072506	1.683831
25962	-2599.848	-2925.248	325.3999	1.725357	0.3987195	1.494868
25968	-2574.062	-2899.296	325.2334	1.635284	0.4181641	1.65579
25974	-2575.839	-2900.873	325.0335	1.643044	0.5536613	1.629046
25980	-2588.801	-2914.109	325.3087	1.6522	0.3833497	1.637715
25986	-2579.095	-2904.055	324.9597	1.604132	0.5933384	1.667199
25992	-2578.089	-2903.343	325.2545	1.67632	0.4629797	1.5518
25998	-2572.497	-2897.833	325.3364	1.693907	0.4083343	1.5518
26004	-2576.79	-2902.145	325.3555	1.724039	0.3895524	1.542254
26010	-2570.776	-2895.926	325.1491	1.67369	0.5454333	1.531378
26016	-2565.796	-2890.973	325.1771	1.659703	0.5364733	1.531378
26022	-2574.305	-2899.761	325.4562	1.856337	0.417834	1.32132
26028	-2567.311	-2893.022	325.7116	1.87232	0.4815322	0.9790247
26034	-2565.456	-2890.892	325.4353	1.655049	0.3961357	1.524668
26040	-2556.529	-2881.819	325.2899	1.693992	0.4740889	1.498038
26046	-2557.703	-2882.962	325.2591	1.61457	0.5118592	1.533197
26052	-2566.89	-2892.119	325.2296	1.588971	0.4642822	1.631989
26058	-2579.573	-2904.761	325.1878	1.630783	0.4642822	1.631989
26064	-2565.557	-2891.057	325.5008	1.630783	0.3758306	1.523815
26070	-2583.205	-2908.165	324.9609	1.487135	0.480523	1.871851
26076	-2569.949	-2894.991	325.0425	1.595775	0.480523	1.740353
26082	-2556.368	-2881.505	325.1372	1.623066	0.495854	1.635289
26088	-2545.552	-2870.5	324.9479	1.571504	0.495854	1.80518
26094	-2555.119	-2880.469	325.3507	1.756518	0.4648332	1.416313
26100	-2563.776	-2889.133	325.357	1.756518	0.4612305	1.416313
26106	-2563.155	-2888.48	325.3253	1.774383	0.4459888	1.447664
26112	-2569.466	-2894.631	325.1657	1.688338	0.5413874	1.512806
26118	-2580.486	-2905.77	325.2837	1.739434	0.5413874	1.383591
26124	-2558.875	-2884.273	325.398	1.695113	0.4979111	1.383591
26130	-2561.205	-2886.36	325.1554	1.675441	0.4979111	1.581665
26136	-2559.473	-2884.862	325.3887	1.893853	0.4629358	1.279515
26142	-2552.441	-2878.024	325.5833	1.679511	0.4588691	1.301468
26148	-2556.358	-2881.544	325.1854	1.580147	0.6075022	1.504808
26154	-2564.197	-2889.289	325.0922	1.611926	0.6868071	1.468742
26160	-2559.1	-2883.931	324.8308	1.71347	0.3523191	1.970065
26166	-2545.969	-2871.322	325.3526	1.528034	0.4182992	1.647046
26172	-2540.025	-2865.248	325.2238	1.550874	0.3572098	1.806324
26178	-2557.154	-2882.232	325.078	1.467863	0.479114	1.806324
26184	-2558.074	-2882.999	324.9248	1.598612	0.4924668	1.806324
26190	-2549.835	-2874.991	325.1559	1.52707	0.4032128	1.806324
26196	-2559.265	-2884.277	325.0116	1.50937	0.4032128	1.917064
26202	-2548.38	-2873.154	324.774	1.580113	0.4681705	1.949835
26208	-2556.841	-2881.541	324.7006	1.478281	0.5772435	1.949835
26214	-2567.343	-2892.185	324.8417	1.522391	0.4624241	1.949835
26220	-2560.675	-2885.558	324.8826	1.547963	0.4254084	1.949835
26226	-2560.362	-2885.659	325.2968	1.567555	0.3709611	1.724107
26232	-2565.908	-2891.207	325.2996	1.733986	0.425246	1.52592
26238	-2563.601	-2889.065	325.4638	1.663859	0.4827442	1.376506
26244	-2563.359	-2888.771	325.4123	1.751989	0.4269434	1.424634
26250	-2572.015	-2897.543	325.5277	1.809553	0.4269434	1.28763
26256	-2564.082	-2889.559	325.4769	1.788646	0.4989279	1.242982
26262	-2559.075	-2884.62	325.5456	1.882181	0.4989279	1.101419
26268	-2560.056	-2885.632	325.5757	1.721404	0.4544332	1.279829
26274	-2548.646	-2874.082	325.4365	1.764987	0.5517005	1.225907
26280	-2545.241	-2870.931	325.6901	1.829012	0.3926289	1.189607
26286	-2547.037	-2872.626	325.5883	1.834051	0.4831351	1.130224
26292	-2561.645	-2887.274	325.629	1.861929	0.4672902	1.09257
26298	-2560.798	-2886.375	325.5768	1.902078	0.526868	1.009638
26304	-2563.602	-2889.032	325.4297	2.075745	0.6191533	0.8274722
26310	-2567.633	-2892.709	325.0762	1.652202	0.5357414	1.611674
26316	-2587.936	-2912.9	324.9642	1.66883	0.5987387	1.611674
26322	-2566.646	-2892.466	325.8198	1.959103	0.4432058	0.836041
26328	-2582.042	-2907.801	325.7587	1.889728	0.4432058	0.9814336
26334	-2576.956	-2902.106	325.1499	1.692501	0.6133548	1.44023
26340	-2574.975	-2900.65	325.6748	1.658949	0.3987336	1.333423
26346	-2571.467	-2897.034	325.5666	1.808319	0.3778184	1.333423
26352	-2554.552	-2880.069	325.5177	1.743042	0.4377828	1.333423
26358	-2562.105	-2887.647	325.5419	1.743042	0.4425128	1.30705
26364	-2543.508	-2869.076	325.568	1.815423	0.4645736	1.192456
26370	-2561.788	-2887.402	325.6138	1.816315	0.4047015	1.245347
26376	-2571.728	-2897.422	325.6947	1.874522	0.4200457	1.098683
26382	-2567.429	-2892.578	325.1489	1.794595	0.7925925	1.168531
26388	-2563.157	-2888.557	325.4	1.72753	0.6507947	1.16567
26394	-2559.764	-2885.473	325.7087	1.966734	0.4004484	1.03356
26400	-2578.563	-2904.065	325.5021	1.91253	0.5359103	1.057973
26406	-2573.788	-2899.378	325.5897	1.982852	0.4837178	0.9867725
26412	-2572.766	-2898.301	325.5345	1.942238	0.5711388	0.9414565
26418	-2577.089	-2902.723	325.6343	1.942238	0.4707367	1.005037
26424	-2565.265	-2890.982	325.7168	1.885999	0.4556903	1.005037
26430	-2573.543	-2899.073	325.5304	1.983435	0.5777827	0.8895913
26436	-2571.515	-2897.117	325.6013	1.88089	0.4702561	1.095907
26442	-2565.622	-2891.057	325.4349	1.797411	0.5295793	1.229163
26448	-2564.837	-2890.483	325.6457	1.850155	0.5238474	0.9975448
26454	-2557.122	-2882.665	325.5427	1.930089	0.5383991	0.9975448
26460	-2558.094	-2883.631	325.5371	1.891342	0.58264	0.9739886
26466	-2555.64	-2881.266	325.6262	1.878284	0.5330321	0.9739886
26472	-2552.815	-2878.537	325.7215	1.959776	0.428282	0.9755795
26478	-2558.911	-2884.572	325.6611	1.911413	0.4791554	0.9946795
26484	-2563.921	-2889.651	325.7294	1.880975	0.454509	0.9995564
26490	-2566.512	-2892.183	325.6713	1.973023	0.5343315	0.8121844
26496	-2562.246	-2887.747	325.501	2.044113	0.6187147	0.7755724
26502	-2570.553	-2895.7	325.1469	1.590491	0.4391116	1.721652
26508	-2566.912	-2892.322	325.4099	1.520975	0.4369763	1.585732
26514	-2558.789	-2883.998	325.209	1.645913	0.4802227	1.585732
26520	-2563.005	-2888.276	325.2717	1.647029	0.4437013	1.585732
26526	-2563.049	-2888.264	325.2146	1.683145	0.5510111	1.468689
26532	-2556.792	-2882.337	325.545	1.951198	0.5738796	0.9159405
26538	-2558.035	-2883.634	325.5987	1.862823	0.5868644	0.9326975
26544	-2569.51	-2895.057	325.5464	1.896413	0.5996343	0.9326975
26550	-2565.957	-2891.418	325.4613	1.981496	0.5996343	0.9326975
26556	-2565.415	-2891.024	325.6085	1.982309	0.4915929	0.9543028
26562	-2576.795	-2902.641	325.8462	1.902772	0.4031614	0.9543028
26568	-2573.538	-2899.173	325.6344	1.847865	0.4658643	1.102775
26574	-2572.623	-2898.305	325.6816	1.897599	0.4159261	1.096552
26580	-2574.346	-2900.205	325.8589	1.864406	0.3796656	1.026665
26586	-2564.673	-2890.249	325.5754	1.927568	0.50133	1.026665
26592	-2576.24	-2901.776	325.5356	1.971155	0.5756372	0.9012579
26598	-2580.236	-2906.031	325.7954	1.971155	0.3802933	0.9823399
26604	-2574.083	-2899.581	325.497	1.780906	0.4560845	1.293128
26610	-2567.586	-2893.154	325.5676	1.865712	0.4633911	1.150667
26616	-2569.029	-2894.483	325.4545	1.82163	0.5598252	1.150667
26622	-2568.968	-2894.477	325.5096	1.915696	0.6146407	0.9281875
26628	-2558.46	-2883.93	325.4693	1.857065	0.6867318	0.9281875
26634	-2575.848	-2901.244	325.3955	1.857065	0.6867318	1.004712
26640	-2571.903	-2897.52	325.6166	1.881813	0.5177939	1.004712
26646	-2574.008	-2899.669	325.6609	1.83759	0.5099588	1.017228
26652	-2580.189	-2905.693	325.5043	1.83759	0.6245877	1.000188
26658	-2555.81	-2881.151	325.3414	1.865203	0.6245877	1.127956
26664	-2547.735	-2873.433	325.6972	1.949739	0.4241567	1.017703
26670	-2565.332	-2891.094	325.7618	2.003459	0.414158	0.91429
26676	-2575.918	-2901.614	325.6958	1.99762	0.453549	0.91429
26682	-2570.332	-2896.047	325.7145	2.077052	0.5037878	0.6577841
26688	-2568.028	-2893.533	325.5047	2.073406	0.5248934	0.9092168
26694	-2575.202	-2900.826	325.6238	1.989499	0.5248934	0.8690354
26700	-2571.281	-2896.924	325.643	1.989499	0.4846654	0.9220929
26706	-2561.897	-2887.546	325.6489	1.955429	0.4875789	0.9471185
26712	-2567.364	-2893.292	325.9274	2.02169	0.3463474	0.8587394
26718	-2567.449	-2893.183	325.7334	2.034845	0.400475	0.9393983
26724	-2573.849	-2899.125	325.2759	1.563219	0.545089	1.519597
26730	-2553.997	-2879.644	325.6474	2.000522	0.4439094	0.980718
26736	-2559.43	-2885.034	325.6043	2.014708	0.4924411	0.9225543
26742	-2557.462	-2883.158	325.6966	1.965763	0.4782594	0.9011498
26748	-2552.196	-2877.572	325.3758	1.835834	0.5594697	1.207182
26754	-2559.126	-2884.609	325.4836	2.005911	0.5319096	0.9910528
26760	-2553.185	-2878.725	325.5402	1.891417	0.3642396	1.310008
26766	-2552.145	-2877.765	325.6204	1.875043	0.5757955	0.9135834
26772	-2557.105	-2882.686	325.5811	1.875043	0.5757955	0.9558822
26778	-2559.424	-2884.75	325.3255	1.902936	0.5757955	1.171377
26784	-2563.996	-2889.479	325.483	2.01416	0.5757955	0.9117734
26790	-2543.339	-2868.78	325.4406	1.977462	0.596543	0.9636118
26796	-2553.923	-2879.47	325.5477	1.917695	0.5647293	0.9636118
26802	-2558.937	-2884.405	325.4676	1.917695	0.6236815	0.9571472
26808	-2565.839	-2891.526	325.6868	1.954951	0.4526795	0.9709572
26814	-2578.194	-2903.843	325.6481	1.94355	0.4930418	0.9508504
26820	-2562.041	-2887.682	325.6416	1.812426	0.3648869	1.290714
26826	-2554.317	-2879.83	325.5129	1.575015	0.3648869	1.572449
26832	-2567.365	-2892.584	325.2189	1.701875	0.5880426	1.408206
26838	-2574.391	-2899.853	325.4619	1.755161	0.5194412	1.255462
26844	-2575.055	-2900.65	325.5958	1.760672	0.5194412	1.135587
26850	-2571.857	-2897.553	325.6953	1.823738	0.5194412	0.9812792
26856	-2576.513	-2902.026	325.5131	1.949611	0.593793	0.92027
26862	-2575.597	-2901.315	325.7183	2.047618	0.4109666	0.92027
26868	-2570.046	-2895.555	325.5091	1.978918	0.6212142	0.8455348
26874	-2568.509	-2894.141	325.632	1.969898	0.53862	0.8566792
26880	-2552.452	-2877.985	325.5329	1.969898	0.5711008	0.9132355
26886	-2580.265	-2905.79	325.5245	1.977857	0.5496045	0.9491343
26892	-2571.847	-2897.576	325.7292	1.977857	0.4462875	0.9135441
26898	-2573.5	-2899.018	325.5177	2.022283	0.5466389	0.9135441
26904	-2565.921	-2891.658	325.7364	1.95078	0.5120225	0.8028841
26910	-2575.32	-2900.718	325.3978	1.966491	0.6137381	0.9932073
26916	-2575.694	-2901.135	325.4408	1.99729	0.6822997	0.8024565
26922	-2552.441	-2877.884	325.4428	1.99729	0.6190324	0.9050755
26928	-2548.967	-2874.728	325.7614	1.99729	0.4627288	0.8178593
26934	-2560.285	-2885.877	325.592	2.05282	0.4931829	0.8924788
26940	-2561.712	-2886.961	325.2498	2.040738	0.730568	0.9054545
26946	-2551.324	-2876.764	325.44	1.856578	0.5566839	1.136806
26952	-2550.322	-2875.811	325.4885	1.865356	0.5202031	1.136806
26958	-2563.691	-2889.214	325.5233	2.038839	0.5526301	0.8778964
26964	-2556.668	-2882.257	325.5895	1.9172	0.5593427	0.9285671
26970	-2560.067	-2885.658	325.5906	1.913897	0.5724218	0.9091912
26976	-2557.97	-2883.402	325.4321	1.936248	0.6682034	0.9091912
26982	-2577.128	-2902.679	325.551	1.990989	0.5694074	0.8716629
26988	-2571.776	-2897.24	325.4642	1.958711	0.6522329	0.8716629
26994	-2549.16	-2874.821	325.6606	2.071793	0.5311853	0.6868541
27000	-2560.94	-2886.559	325.6191	2.075862	0.5520018	0.6956754
27006	-2570.687	-2896.214	325.5265	2.151838	0.5520018	0.7238467
27012	-2574.717	-2900.265	325.5477	2.147994	0.5490757	0.7022716
27018	-2580.254	-2905.679	325.4252	2.147994	0.6462825	0.6662619
27024	-2572.169	-2897.634	325.4652	2.108811	0.6462825	0.6647273
27030	-2579.012	-2904.271	325.2587	1.741588	0.6465486	1.278364
27036	-2569.679	-2895.242	325.5634	1.760929	0.4349083	1.286267
27042	-2570.959	-2896.315	325.3556	1.760929	0.5597042	1.286267
27048	-2555.581	-2880.976	325.3953	1.660416	0.6005534	1.286267
27054	-2558.917	-2884.376	325.4588	1.660275	0.4379053	1.443943
27060	-2554.11	-2879.671	325.5617	1.69227	0.4042488	1.388133
27066	-2561.903	-2887.125	325.2226	1.622192	0.6118882	1.439976
27072	-2559.78	-2884.786	325.0064	1.571077	0.5456044	1.708631
27078	-2563.183	-2888.407	325.2241	1.604253	0.5698836	1.499289
27084	-2571.392	-2896.541	325.1496	1.683136	0.4688806	1.615995
27090	-2565.414	-2890.791	325.3772	1.659956	0.4688806	1.464626
27096	-2572.534	-2897.438	324.9038	1.659956	0.6510359	1.608401
27102	-2575.609	-2900.808	325.1989	1.652425	0.4642231	1.608401
27108	-2572.302	-2897.661	325.3587	1.652425	0.422997	1.545656
27114	-2571.497	-2896.674	325.1765	1.629316	0.5032364	1.593486
27120	-2557.053	-2882.097	325.0432	1.611986	0.600745	1.593486
27126	-2556.994	-2882.041	325.0461	1.618137	0.560852	1.629928
27132	-2559.555	-2884.995	325.4399	1.660497	0.4669766	1.418716
27138	-2569.23	-2894.774	325.5447	1.759986	0.4669766	1.255462
27144	-2561.151	-2886.716	325.5654	2.146733	0.543006	0.6898849
27150	-2585.467	-2910.971	325.5038	2.208284	0.543006	0.6898849
27156	-2583.454	-2909.25	325.7951	2.039699	0.4342326	0.7841539
27162	-2575.135	-2900.863	325.7278	2.045797	0.440824	0.8478374
27168	-2584.658	-2910.385	325.7267	1.991081	0.3838264	1.02403
27174	-2568.071	-2893.413	325.3421	1.670012	0.4945383	1.450522
27180	-2563.036	-2888.179	325.1426	1.663997	0.6291133	1.450522
27186	-2581.241	-2906.486	325.244	1.663997	0.4863781	1.539026
27192	-2569.401	-2894.445	325.0434	1.711731	0.5735719	1.549615
27198	-2581.184	-2906.726	325.5421	1.882632	0.5735719	0.9915859
27204	-2577.626	-2903.454	325.8275	1.907734	0.3915562	0.9915859
27210	-2585.176	-2910.932	325.756	2.176451	0.4107644	0.701352
27216	-2561.874	-2887.539	325.6646	2.101996	0.4613587	0.8107144
27222	-2570.936	-2896.629	325.6928	2.118097	0.4364834	0.8107144
27228	-2562.762	-2888.604	325.8417	1.9856	0.3902767	0.8962279
27234	-2576.784	-2902.626	325.8417	1.9856	0.3902767	0.8962279
27240	-2570.453	-2896.34	325.8871	1.979575	0.3902767	0.8502409
27246	-2571.88	-2897.76	325.8798	1.986841	0.3902767	0.8502409
27252	-2568.199	-2894.051	325.8524	2.030854	0.3902767	0.8297253
27258	-2560.075	-2885.724	325.6493	2.030854	0.5036162	0.8297253
27264	-2568.911	-2894.583	325.672	2.047252	0.485333	0.8186934
27270	-2567.931	-2893.606	325.6748	2.053055	0.5001284	0.7738874
27276	-2581.661	-2907.221	325.5603	2.006496	0.5001284	0.9645113
27282	-2564.997	-2890.476	325.479	1.670429	0.4466751	1.408428
27288	-2558.328	-2883.78	325.4526	1.670429	0.4239754	1.460451
27294	-2565.545	-2891.08	325.5353	1.822326	0.4943431	1.170843
27300	-2563.567	-2888.967	325.4001	1.940319	0.5707194	1.077357
27306	-2573.464	-2899.157	325.6924	1.859193	0.4566341	1.05322
27312	-2580.989	-2906.46	325.4705	1.859193	0.4804754	1.214964
27318	-2572.152	-2897.732	325.5794	1.992386	0.4804754	0.9931094
27324	-2578.48	-2904.087	325.6071	1.911769	0.5123251	0.9931094
27330	-2590.428	-2916.194	325.7658	1.9308	0.4563366	0.9053136
27336	-2575.302	-2900.786	325.4836	2.013775	0.5794796	0.9053136
27342	-2568.185	-2893.876	325.6917	1.871532	0.4434684	1.064371
27348	-2578.73	-2904.331	325.6011	1.954912	0.5006296	0.9748326
27354	-2582.09	-2907.671	325.5814	1.77002	0.5245884	1.132738
27360	-2568.534	-2894.06	325.5261	1.904768	0.4960758	1.102872
27366	-2593.705	-2919.34	325.6348	1.944705	0.5357506	0.8882938
27372	-2584.697	-2910.186	325.4887	1.790166	0.5943797	1.10178
27378	-2574.931	-2900.157	325.2259	1.616631	0.5537084	1.507092
27384	-2586.97	-2912.512	325.5423	1.730749	0.3196506	1.507092
27390	-2588.351	-2913.627	325.2757	1.756585	0.423321	1.529543
27396	-2592.143	-2917.785	325.6418	1.731105	0.3747329	1.339961
27402	-2586.9	-2912.398	325.4981	1.76509	0.5069815	1.233802
27408	-2587.754	-2913.205	325.4516	1.767436	0.5392229	1.227503
27414	-2575.895	-2901.106	325.211	1.775441	0.66782	1.265923
27420	-2575.948	-2901.517	325.5692	1.78186	0.403552	1.312106
27426	-2571.95	-2897.405	325.4549	1.814038	0.5523515	1.167127
27432	-2566.137	-2891.619	325.4821	1.756248	0.4605064	1.318944
27438	-2547.128	-2872.541	325.4127	1.728129	0.5185856	1.318944
27444	-2543.024	-2868.557	325.5332	1.736909	0.3993699	1.382855
27450	-2544.833	-2870.498	325.665	1.765525	0.3807309	1.283726
27456	-2551.607	-2877.11	325.5024	1.765525	0.4684274	1.283726
27462	-2554.812	-2880.147	325.3348	1.765525	0.5724601	1.283726
27468	-2562.441	-2887.726	325.2851	1.787222	0.5724601	1.306544
27474	-2561.937	-2887.199	325.2615	1.721135	0.5210399	1.439919
27480	-2556.95	-2882.367	325.4168	1.610681	0.4936413	1.439919
27486	-2568.893	-2894.352	325.4593	1.746465	0.4027535	1.427754
27492	-2561.328	-2886.801	325.4726	1.767543	0.4395433	1.347288
27498	-2575.602	-2900.97	325.3686	1.935247	0.5631694	1.121429
27504	-2564.527	-2890.165	325.6373	1.904759	0.5631694	0.8824799
27510	-2566.641	-2892.247	325.6058	1.970933	0.5631694	0.8411977
27516	-2580.533	-2906.061	325.5278	2.099711	0.5852712	0.7247609
27522	-2560.841	-2886.252	325.4105	2.228313	0.5973447	0.6737441
27528	-2570.217	-2895.808	325.5907	2.24236	0.5026533	0.5292833
27534	-2560.25	-2885.549	325.2984	2.403924	0.5860656	0.5346393
27540	-2554.237	-2879.51	325.2734	2.403924	0.6026884	0.4626101
27546	-2559.094	-2884.487	325.3931	2.403924	0.5106995	0.397343
27552	-2575.426	-2900.956	325.5299	2.008207	0.5558071	0.8998118
27558	-2577.233	-2902.856	325.6235	2.081327	0.4906203	0.8257327
27564	-2576.297	-2901.89	325.5925	2.2546	0.4906203	0.5641271
27570	-2572.659	-2897.581	324.9218	2.597981	0.6814375	0.3564334
27576	-2577.748	-2902.951	325.2035	2.597981	0.495106	0.3636372
27582	-2574.823	-2899.864	325.0406	2.594753	0.6080201	0.3757231
27588	-2564.606	-2889.916	325.3106	2.437213	0.5498255	0.4277486
27594	-2559.663	-2885.042	325.3785	2.337568	0.5783312	0.5048477
27600	-2562.036	-2887.429	325.3932	2.267457	0.5783312	0.6854183
27606	-2564.989	-2890.548	325.5591	2.10158	0.5783312	0.6854183
27612	-2560.065	-2885.576	325.5114	2.136968	0.5971687	0.6549123
27618	-2565.892	-2891.616	325.7241	2.126968	0.4513262	0.7134416
27624	-2580.467	-2906.047	325.58	2.028762	0.5482559	0.8298755
27630	-2568.193	-2893.703	325.5096	2.055872	0.5482559	0.8819191
27636	-2561.158	-2886.744	325.5853	2.091395	0.5482559	0.7356116
27642	-2557.24	-2882.723	325.483	2.092988	0.5872223	0.795808
27648	-2566.047	-2891.721	325.6744	2.08204	0.4737331	0.795808
27654	-2560.977	-2886.495	325.5185	2.072763	0.5625362	0.824293
27660	-2571.71	-2897.14	325.4298	1.956998	0.5625362	1.045276
27666	-2567.941	-2893.524	325.5827	1.956998	0.5354865	0.9328301
27672	-2559.887	-2885.66	325.773	1.896976	0.4572124	0.9328301
27678	-2587.793	-2913.395	325.6025	1.99955	0.4249408	1.059628
27684	-2577.73	-2903.124	325.3941	1.647365	0.5599483	1.346559
27690	-2570.105	-2895.47	325.3651	1.676279	0.5599483	1.346559
27696	-2595.147	-2920.431	325.2841	1.862779	0.4938059	1.346559
27702	-2575.008	-2900.48	325.4719	1.803757	0.4207068	1.346559
27708	-2582.62	-2907.648	325.0284	1.692694	0.6311477	1.512872
27714	-2567.192	-2892.096	324.9041	1.504039	0.6311477	1.739041
27720	-2567.901	-2893.431	325.5299	1.743542	0.422462	1.345731
27726	-2558.068	-2883.589	325.5206	1.64719	0.4820338	1.345731
27732	-2565.713	-2891.095	325.3821	1.817257	0.4613701	1.348902
27738	-2558.215	-2883.764	325.5495	1.817257	0.445538	1.235189
27744	-2546.396	-2871.951	325.5554	1.69639	0.4599627	1.308809
27750	-2551.63	-2877.038	325.4073	1.756716	0.5120212	1.308809
27756	-2564.146	-2889.404	325.2583	1.749527	0.4541042	1.506184
27762	-2564.289	-2889.672	325.3834	1.66672	0.3433406	1.632729
27768	-2553.241	-2878.5	325.2586	1.610479	0.4353657	1.632729
27774	-2551.899	-2877.353	325.4535	1.750342	0.3553966	1.5011
27780	-2549.345	-2874.873	325.5288	1.679714	0.4072256	1.419055
27786	-2551.557	-2877.023	325.4667	1.679714	0.4087635	1.464348
27792	-2555.575	-2881.068	325.4926	1.679714	0.395193	1.464428
27798	-2553.241	-2878.816	325.575	1.746586	0.4491478	1.267437
27804	-2566.012	-2891.541	325.5289	1.76687	0.4469679	1.291802
27810	-2561.577	-2887.037	325.4598	1.702362	0.4201238	1.435973
27816	-2563.656	-2889.285	325.629	1.698659	0.3487676	1.417476
27822	-2578.968	-2904.365	325.3974	1.666938	0.5280537	1.367753
27828	-2575.765	-2901.175	325.4098	1.674919	0.5153769	1.367753
27834	-2557.626	-2883.214	325.5885	1.92511	0.5153769	0.9933867
27840	-2564.062	-2889.611	325.5487	1.893822	0.5665459	0.9842728
27846	-2545.947	-2871.679	325.732	1.865479	0.3991704	1.109048
27852	-2564.593	-2889.994	325.401	1.903725	0.5715886	1.109048
27858	-2559.006	-2884.711	325.7043	1.880356	0.3973473	1.123824
27864	-2574.206	-2899.499	325.2935	1.83987	0.518734	1.324722
27870	-2565.765	-2891.403	325.6377	1.817632	0.4080622	1.218796
27876	-2543.878	-2869.479	325.6004	1.897414	0.4698972	1.082029
27882	-2569.371	-2895.041	325.6704	1.827455	0.4698972	1.082029
27888	-2559.121	-2884.653	325.5319	1.845981	0.4714692	1.186863
27894	-2552.211	-2877.801	325.5902	1.77428	0.4714692	1.198418
27900	-2574.922	-2900.6	325.6773	1.761916	0.4422224	1.178336
27906	-2572.679	-2898.059	325.3802	1.697648	0.3712656	1.570341
27912	-2562.012	-2887.479	325.4676	1.654126	0.3483581	1.572913
27918	-2564.156	-2889.358	325.2019	1.746388	0.5539705	1.426571
27924	-2561.857	-2887.321	325.4636	1.827177	0.5627926	1.13367
27930	-2566.805	-2892.276	325.4709	2.026227	0.5757018	0.9119
27936	-2557.502	-2882.991	325.4897	2.026227	0.6085643	0.8333015
27942	-2560.102	-2885.653	325.5509	1.967434	0.4928472	1.025458
27948	-2566.569	-2892.141	325.5725	1.874455	0.4983586	1.084605
27954	-2571.894	-2897.443	325.5488	1.874455	0.5666695	1.003494
27960	-2568.958	-2894.418	325.4597	1.873932	0.6054423	1.035226
27966	-2560.482	-2885.975	325.4935	1.860446	0.6054423	1.015346
27972	-2559.507	-2885.118	325.6118	1.804308	0.4950131	1.117918
27978	-2562.267	-2887.86	325.593	1.788849	0.425134	1.253591
27984	-2548.607	-2874.282	325.6748	1.749263	0.425134	1.218097
27990	-2555.777	-2881.172	325.3953	1.73546	0.5824108	1.246283
27996	-2553.494	-2879.096	325.6022	1.739817	0.5127938	1.157883
28002	-2558.015	-2883.21	325.1951	1.648433	0.6108048	1.442181
28008	-2558.242	-2883.577	325.335	1.721308	0.4748744	1.442181
28014	-2572.322	-2897.632	325.3098	1.756633	0.5390983	1.352354
28020	-2568.026	-2893.52	325.4933	1.764247	0.5469366	1.184298
28026	-2568.718	-2894.007	325.289	1.683067	0.6596227	1.286817
28032	-2568.549	-2893.853	325.3044	1.765251	0.5905715	1.286817
28038	-2560.243	-2885.407	325.1641	1.743687	0.6200742	1.382194
28044	-2558.851	-2884.106	325.2542	1.646854	0.4997227	1.527679
28050	-2577.269	-2902.41	325.1404	1.71694	0.5571608	1.492015
28056	-2586.082	-2910.973	324.8908	1.586668	0.5571608	1.766363
28062	-2575.177	-2900.597	325.4201	1.669431	0.5886476	1.272833
28068	-2571.292	-2896.746	325.4534	1.759317	0.4550178	1.347155
28074	-2570.053	-2895.054	325.0002	1.524558	0.4598529	1.843781
28080	-2570.442	-2895.174	324.7316	1.435576	0.6983454	1.843141
28086	-2572.08	-2896.717	324.6377	1.529548	0.6983454	1.843141
28092	-2566.953	-2892	325.0473	1.540943	0.4848434	1.770202
28098	-2548.089	-2873.216	325.1269	1.461335	0.4848434	1.770202
28104	-2546.87	-2871.696	324.8252	1.473002	0.448614	2.010209
28110	-2548.959	-2874.07	325.1109	1.590604	0.5667271	1.596513
28116	-2560.362	-2885.449	325.0864	1.593227	0.4804056	1.71138
28122	-2547.407	-2872.774	325.3666	1.604361	0.4804056	1.499644
28128	-2550.184	-2875.222	325.038	1.622635	0.5604286	1.633054
28134	-2558.77	-2883.769	324.9992	1.508835	0.5967677	1.703242
28140	-2549.263	-2874.557	325.2937	1.700911	0.3698131	1.633011
28146	-2554.76	-2880.006	325.2469	1.513323	0.4331898	1.713163
28152	-2560.524	-2885.536	325.0114	1.513323	0.5900915	1.698356
28158	-2558.127	-2883.15	325.0228	1.523227	0.5203923	1.758744
28164	-2545.509	-2870.404	324.8954	1.523227	0.5203923	1.846901
28170	-2552.726	-2877.579	324.8529	1.528593	0.5438471	1.846901
28176	-2567.107	-2892.097	324.9898	1.528593	0.5119758	1.78748
28182	-2568.81	-2894.175	325.3651	1.777043	0.3719331	1.521832
28188	-2565.707	-2890.738	325.031	1.623356	0.7185816	1.475145
28194	-2574.467	-2900.391	325.9236	1.883344	0.4249099	0.8426313
28200	-2565.089	-2890.509	325.4198	1.714391	0.4892571	1.362646
28206	-2555.808	-2881.195	325.3869	1.726074	0.4892571	1.379414
28212	-2570.182	-2895.726	325.5444	1.598977	0.4614815	1.392801
28218	-2561.321	-2886.486	325.1649	1.558691	0.4614815	1.703303
28224	-2567.398	-2892.356	324.9586	1.550933	0.5324893	1.770758
28230	-2563.322	-2888.864	325.5425	1.771683	0.3979015	1.350322
28236	-2562.605	-2888.189	325.584	1.705828	0.3979015	1.369605
28242	-2576.276	-2901.471	325.1956	1.552219	0.5135094	1.623368
28248	-2553.758	-2879.091	325.3335	1.688886	0.5643222	1.356383
28254	-2559.457	-2884.638	325.1817	1.725307	0.7196098	1.275493
28260	-2551.814	-2876.892	325.0779	1.725307	0.6094383	1.474346
28266	-2577.342	-2902.247	324.9054	1.602161	0.5548194	1.747807
28272	-2571.608	-2896.784	325.1764	1.62007	0.4833065	1.624372
28278	-2575.323	-2900.082	324.7585	1.479082	0.5034628	1.988014
28284	-2568.39	-2893.639	325.2486	1.606202	0.4621072	1.608527
28290	-2596.84	-2921.915	325.075	1.541337	0.4611179	1.778988
28296	-2589.089	-2914.169	325.0799	1.662648	0.3927496	1.778988
28302	-2576.757	-2902.35	325.593	1.675268	0.3987573	1.385188
28308	-2585.935	-2910.955	325.0201	1.633529	0.8151937	1.385188
28314	-2586.756	-2911.783	325.0269	1.608571	0.5005962	1.718643
28320	-2572.814	-2898.147	325.3328	1.670913	0.4633828	1.497049
28326	-2566.362	-2891.495	325.1332	1.618362	0.4413086	1.708877
28332	-2564.734	-2889.807	325.0728	1.626869	0.516331	1.654739
28338	-2576.015	-2900.9	324.8856	1.618294	0.5770361	1.726733
28344	-2581.237	-2906.243	325.0065	1.591689	0.522021	1.720357
28350	-2561.327	-2886.231	324.9047	1.531914	0.4583478	1.905685
28356	-2562.044	-2887.266	325.2212	1.50866	0.4205112	1.750961
28362	-2556.315	-2881.176	324.8612	1.509919	0.4205112	1.995758
28368	-2567.772	-2892.83	325.0583	1.535458	0.41683	1.849943
28374	-2568.86	-2894.004	325.1434	1.450355	0.41683	1.849943
28380	-2557.068	-2881.823	324.7553	1.463621	0.6521828	1.849943
28386	-2556.457	-2881.527	325.0703	1.65936	0.4929129	1.660797
28392	-2571.982	-2897.122	325.1395	1.700412	0.5684504	1.4922
28398	-2558.585	-2884.048	325.4634	1.691182	0.4287314	1.42957
28404	-2556.148	-2881.657	325.5091	1.69502	0.402379	1.42957
28410	-2578.24	-2903.609	325.3694	1.535058	0.4323501	1.61108
28416	-2568.098	-2893.336	325.2377	1.537465	0.5071339	1.61108
28422	-2559.345	-2884.717	325.3718	1.567989	0.3789802	1.659061
28428	-2566.777	-2891.589	324.812	1.650747	0.5904406	1.741716
28434	-2570.137	-2895.225	325.0876	1.650747	0.5566853	1.580791
28440	-2567.653	-2893.086	325.4331	1.650747	0.5566853	1.31661
28446	-2568.759	-2894.131	325.3712	1.809099	0.5566853	1.237273
28452	-2574.082	-2899.625	325.5425	1.674185	0.4933076	1.291007
28458	-2569.225	-2894.704	325.4797	1.674185	0.4933076	1.34167
28464	-2575.357	-2900.951	325.5937	1.807518	0.4816966	1.151243
28470	-2578.259	-2903.837	325.5774	1.807518	0.4816966	1.165595
28476	-2562.501	-2888.081	325.5801	1.807518	0.4667204	1.185621
28482	-2569.485	-2895.039	325.5541	1.868405	0.4905031	1.118947
28488	-2580.526	-2906.179	325.6528	1.855126	0.4413345	1.118947
28494	-2571.792	-2897.362	325.5703	1.90502	0.5179879	1.027159
28500	-2576.009	-2901.511	325.5025	1.96402	0.5179879	1.035722
28506	-2564.928	-2890.382	325.4536	1.920721	0.5773774	1.035722
28512	-2563.15	-2888.849	325.6994	1.920721	0.5339127	0.8435687
28518	-2552.502	-2878.148	325.6454	1.977812	0.4772026	0.9457204
28524	-2556.904	-2882.341	325.4376	1.920725	0.6247441	0.9833608
28530	-2563.537	-2888.97	325.4338	1.845451	0.5407304	1.173902
28536	-2567.424	-2892.713	325.2895	1.790248	0.6055771	1.260532
28542	-2594.172	-2919.414	325.2422	2.075002	0.7539622	0.8400049
28548	-2561.328	-2886.855	325.5274	2.012933	0.5881015	0.8400049
28554	-2570.152	-2895.684	325.5325	2.10732	0.5881015	0.6968861
28560	-2566.262	-2891.908	325.6454	2.203344	0.4451243	0.7350286
28566	-2574.275	-2899.997	325.7215	2.135813	0.4451243	0.7213278
28572	-2577.412	-2902.99	325.5777	2.135728	0.5467439	0.6765842
28578	-2579.995	-2905.757	325.7625	2.228746	0.3877458	0.6750835
28584	-2569.83	-2895.396	325.566	2.112839	0.4929843	0.8529673
28590	-2548.662	-2874.106	325.4443	2.084497	0.5820801	0.8647482
28596	-2554.231	-2879.647	325.4159	2.140648	0.6798964	0.5969268
28602	-2553.572	-2879.183	325.6107	2.209058	0.48295	0.670966
28608	-2565.072	-2890.688	325.6157	2.237196	0.48295	0.5906892
28614	-2577.047	-2902.657	325.6097	2.311398	0.4476724	0.5653148
28620	-2561.64	-2887.264	325.6236	2.298713	0.4476724	0.5597676
28626	-2560.748	-2886.394	325.6455	2.276794	0.4476724	0.5597676
28632	-2557.206	-2882.754	325.5482	2.268728	0.5111942	0.5447612
28638	-2568.262	-2893.996	325.7341	1.89828	0.4065757	1.063577
28644	-2559.069	-2884.412	325.3431	1.931796	0.6942679	0.9721088
28650	-2562.632	-2888.436	325.804	1.884531	0.4131007	0.9969005
28656	-2568.912	-2894.616	325.7045	1.884531	0.4148847	1.089353
28662	-2573.151	-2898.585	325.4339	1.706693	0.5495371	1.279414
28668	-2553.859	-2879.077	325.2188	1.604062	0.5495371	1.526556
28674	-2565.872	-2890.668	324.7962	1.478784	0.6380565	1.824839
28680	-2558.434	-2883.542	325.1082	1.56048	0.4760307	1.724334
28686	-2566.517	-2892.159	325.6416	1.734826	0.3904682	1.312085
28692	-2564.036	-2889.357	325.3208	1.734826	0.627864	1.254177
28698	-2562.917	-2888.366	325.4491	1.601227	0.4935192	1.422578
28704	-2559.177	-2884.485	325.3085	1.733984	0.4982273	1.422578
28710	-2561.753	-2887.315	325.5622	1.786516	0.4925188	1.181202
28716	-2558.263	-2883.884	325.621	1.83856	0.4925188	1.081851
28722	-2560.261	-2885.994	325.7331	1.895569	0.426165	1.031944
28728	-2566.08	-2891.78	325.7005	1.895569	0.444094	1.031944
28734	-2569.184	-2894.743	325.5595	1.840031	0.4672456	1.174417
28740	-2569.979	-2895.63	325.6512	1.799742	0.4672456	1.129022
28746	-2567.207	-2892.814	325.6069	1.812929	0.4708328	1.151237
28752	-2567.508	-2893.116	325.6086	1.840876	0.4708328	1.124735
28758	-2577.931	-2903.307	325.3766	1.79252	0.4776637	1.350547
28764	-2566.708	-2892.217	325.5088	1.72169	0.4426313	1.350547
28770	-2555.087	-2880.704	325.6161	1.77497	0.4470061	1.212396
28776	-2557.914	-2883.514	325.6009	1.778883	0.4391349	1.233898
28782	-2565.525	-2891.226	325.7009	1.825001	0.4207032	1.136725
28788	-2564.316	-2889.992	325.6761	1.827819	0.4659393	1.082741
28794	-2570.469	-2895.956	325.4871	1.836082	0.4659393	1.241501
28800	-2568.886	-2894.496	325.6106	1.778351	0.4659393	1.185602
28806	-2559.739	-2885.29	325.5509	1.726459	0.5046597	1.225088
28812	-2569.319	-2894.396	325.0773	1.655929	0.5046597	1.644296
28818	-2558.52	-2883.644	325.1233	1.46452	0.4414203	1.822951
28824	-2566.934	-2890.475	323.5415	1.544399	0.8237867	2.448998
28830	-2570.349	-2894.569	324.2195	1.59337	0.9862109	1.860487
28836	-2570.296	-2895.399	325.1028	1.576866	0.4450646	1.754681
28842	-2576.753	-2901.759	325.0057	1.622699	0.5424724	1.675992
28848	-2568.5	-2893.329	324.8287	1.506143	0.4705708	1.959976
28854	-2565.796	-2891.077	325.281	2.549761	0.4732388	0.3539557
28860	-2564.476	-2889.305	324.8288	2.670969	0.6734979	0.3239181
28866	-2565.168	-2890.024	324.8559	2.670969	0.6734979	0.3521241
28872	-2565.525	-2890.427	324.9022	2.607524	0.6767686	0.3379912
28878	-2571.372	-2896.331	324.9593	2.599634	0.6367205	0.3324657
28884	-2570.627	-2895.685	325.0577	2.657532	0.5181813	0.3132012
28890	-2594.101	-2918.597	324.4964	1.470837	0.3957708	2.289987
28896	-2587.099	-2911.879	324.78	1.52197	0.568778	1.875135
28902	-2575.081	-2900.03	324.9484	1.616843	0.4123571	1.875135
28908	-2579.383	-2904.618	325.2347	1.603236	0.4734321	1.606545
28914	-2569.433	-2894.768	325.3346	1.668978	0.4734321	1.484108
28920	-2568.96	-2893.911	324.9511	2.709624	0.5309846	0.2876623
28926	-2580.8	-2905.626	324.8263	2.678382	0.632945	0.2847738
28932	-2564.227	-2888.788	324.5614	2.744713	0.7908451	0.2880032
28938	-2581.851	-2907.007	325.1565	2.445026	0.6574186	0.4702445
28944	-2574.358	-2899.467	325.1096	2.545192	0.6083229	0.4125608
28950	-2565.618	-2890.843	325.2252	2.508452	0.5534338	0.4062515
28956	-2575.575	-2900.679	325.104	2.483058	0.647546	0.3875082
28962	-2573.35	-2898.738	325.3875	2.422775	0.5046903	0.4043804
28968	-2572.815	-2898.205	325.3894	2.429809	0.5046903	0.4262397
28974	-2548.248	-2873.767	325.5192	2.351481	0.4790591	0.5428202
28980	-2555.416	-2880.626	325.2098	2.351481	0.6882556	0.5207026
28986	-2565.13	-2890.57	325.4404	2.351481	0.527937	0.5312922
28992	-2558.404	-2883.936	325.5324	2.296369	0.5051192	0.5311579
28998	-2562.109	-2887.49	325.3807	2.260994	0.6294523	0.5144381
29004	-2557.793	-2883.425	325.6319	2.257155	0.4670311	0.5558753
29010	-2562.847	-2888.475	325.628	2.26411	0.4611254	0.5850519
29016	-2581.906	-2907.413	325.5068	2.131248	0.5946855	0.682497
29022	-2589.504	-2914.009	324.5049	1.357668	0.4239095	2.322735
29028	-2583.66	-2907.443	323.7824	1.269985	0.4594043	2.786932
29034	-2589.528	-2914.351	324.8228	1.421611	0.37621	2.135872
29040	-2576.149	-2901.155	325.0059	1.440386	0.4327459	1.93016
29046	-2562.684	-2887.777	325.0932	1.528118	0.5141081	1.713025
29052	-2576.267	-2901.203	324.9357	1.528118	0.4208442	1.933138
29058	-2573.983	-2899.107	325.1235	1.50073	0.4774167	1.753835
29064	-2570.041	-2895.393	325.3518	1.539848	0.3479278	1.738436
29070	-2561.262	-2886.442	325.1802	1.489978	0.4428688	1.764032
29076	-2546.744	-2871.924	325.1793	1.660756	0.5576338	1.504441
29082	-2552.713	-2877.851	325.138	1.610354	0.5576338	1.57241
29088	-2559.484	-2884.746	325.2622	1.610354	0.4666525	1.589875
29094	-2549.528	-2874.677	325.1498	1.57487	0.4666525	1.696216
29100	-2556.565	-2881.799	325.2345	1.689023	0.5479765	1.452664
29106	-2568.778	-2894.085	325.3067	1.689023	0.4607876	1.506456
29112	-2562.108	-2887.406	325.2973	1.745859	0.4429376	1.494634
29118	-2566.675	-2892.103	325.4285	1.893264	0.4286601	1.297632
29124	-2576.355	-2901.873	325.5172	1.946399	0.4571053	1.133562
29130	-2574.884	-2900.584	325.6998	1.955972	0.3907737	1.070215
29136	-2576.74	-2902.418	325.6785	1.853677	0.376639	1.205579
29142	-2575.456	-2901.135	325.6785	1.853677	0.376639	1.205579
29148	-2560.599	-2886.274	325.6748	1.717649	0.4507002	1.205579
29154	-2565.78	-2891.389	325.6081	1.714861	0.4547331	1.258069
29160	-2554.967	-2880.178	325.2106	1.695375	0.5072771	1.514749
